<?xml version="1.0" encoding="UTF-8"?>
<link:linkbase xmlns:xsi="http://www.w3.org/2001/XMLSchema-instance"  xmlns:link="http://www.xbrl.org/2003/linkbase" xmlns:xlink="http://www.w3.org/1999/xlink"  xsi:schemaLocation="http://www.xbrl.org/2003/linkbase http://www.xbrl.org/2003/xbrl-linkbase-2003-12-31.xsd">  <link:labelLink xlink:type="extended" xlink:role="http://www.xbrl.org/2003/role/link">
    <!-- muc-1 gl-muc:defaultCurrency -->
    <link:loc xlink:type="locator" xlink:href="gl-muc-2020-12-31.xsd#gl-muc_defaultCurrency" xlink:label="gl-muc_defaultCurrency_467f7824b0456b978d65a1753380cfc6"/>
    <link:labelArc xlink:type="arc" xlink:arcrole="http://www.xbrl.org/2003/arcrole/concept-label" xlink:from="gl-muc_defaultCurrency_467f7824b0456b978d65a1753380cfc6" xlink:to="lbl_muc-1-en_467f7824b0456b978d65a1753380cfc6"/>
    <link:label xlink:type="resource" xlink:label="lbl_muc-1-en_467f7824b0456b978d65a1753380cfc6" xlink:role="http://www.xbrl.org/2003/role/label" xml:lang="en">Default Currency</link:label>
    <link:label xlink:type="resource" xlink:label="lbl_muc-1-en_467f7824b0456b978d65a1753380cfc6" xlink:role="http://www.xbrl.org/2003/role/documentation" xml:lang="en">The default currency related to the amount can be entered here instead of the XBRL instance specified way, especially important in multi-currency situations. Recommend ISO 4217 coding</link:label>
    <!-- muc-2 gl-muc:amountCurrency -->
    <link:loc xlink:type="locator" xlink:href="gl-muc-2020-12-31.xsd#gl-muc_amountCurrency" xlink:label="gl-muc_amountCurrency_467f7824b0456b978d65a1753380cfc6"/>
    <link:labelArc xlink:type="arc" xlink:arcrole="http://www.xbrl.org/2003/arcrole/concept-label" xlink:from="gl-muc_amountCurrency_467f7824b0456b978d65a1753380cfc6" xlink:to="lbl_muc-2-en_467f7824b0456b978d65a1753380cfc6"/>
    <link:label xlink:type="resource" xlink:label="lbl_muc-2-en_467f7824b0456b978d65a1753380cfc6" xlink:role="http://www.xbrl.org/2003/role/label" xml:lang="en">Currency</link:label>
    <link:label xlink:type="resource" xlink:label="lbl_muc-2-en_467f7824b0456b978d65a1753380cfc6" xlink:role="http://www.xbrl.org/2003/role/documentation" xml:lang="en">The currency related to the amount can be entered here instead of the XBRL instance specified way, especially important in multi-currency situations. Recommend ISO 4217 coding.</link:label>
    <!-- muc-6 gl-muc:amountOriginalExchangeRateDate -->
    <link:loc xlink:type="locator" xlink:href="gl-muc-2020-12-31.xsd#gl-muc_amountOriginalExchangeRateDate" xlink:label="gl-muc_amountOriginalExchangeRateDate_467f7824b0456b978d65a1753380cfc6"/>
    <link:labelArc xlink:type="arc" xlink:arcrole="http://www.xbrl.org/2003/arcrole/concept-label" xlink:from="gl-muc_amountOriginalExchangeRateDate_467f7824b0456b978d65a1753380cfc6" xlink:to="lbl_muc-6-en_467f7824b0456b978d65a1753380cfc6"/>
    <link:label xlink:type="resource" xlink:label="lbl_muc-6-en_467f7824b0456b978d65a1753380cfc6" xlink:role="http://www.xbrl.org/2003/role/label" xml:lang="en">Original Exchange Rate Date</link:label>
    <link:label xlink:type="resource" xlink:label="lbl_muc-6-en_467f7824b0456b978d65a1753380cfc6" xlink:role="http://www.xbrl.org/2003/role/documentation" xml:lang="en">Date of exchange rate used to record the original transaction.</link:label>
    <!-- muc-3 gl-muc:amountOriginalAmount -->
    <link:loc xlink:type="locator" xlink:href="gl-muc-2020-12-31.xsd#gl-muc_amountOriginalAmount" xlink:label="gl-muc_amountOriginalAmount_467f7824b0456b978d65a1753380cfc6"/>
    <link:labelArc xlink:type="arc" xlink:arcrole="http://www.xbrl.org/2003/arcrole/concept-label" xlink:from="gl-muc_amountOriginalAmount_467f7824b0456b978d65a1753380cfc6" xlink:to="lbl_muc-3-en_467f7824b0456b978d65a1753380cfc6"/>
    <link:label xlink:type="resource" xlink:label="lbl_muc-3-en_467f7824b0456b978d65a1753380cfc6" xlink:role="http://www.xbrl.org/2003/role/label" xml:lang="en">Amount in Original Currency</link:label>
    <link:label xlink:type="resource" xlink:label="lbl_muc-3-en_467f7824b0456b978d65a1753380cfc6" xlink:role="http://www.xbrl.org/2003/role/documentation" xml:lang="en">Amount in original (as opposed to home) currency, for multi-currency tracking.</link:label>
    <!-- muc-4 gl-muc:amountOriginalCurrency -->
    <link:loc xlink:type="locator" xlink:href="gl-muc-2020-12-31.xsd#gl-muc_amountOriginalCurrency" xlink:label="gl-muc_amountOriginalCurrency_467f7824b0456b978d65a1753380cfc6"/>
    <link:labelArc xlink:type="arc" xlink:arcrole="http://www.xbrl.org/2003/arcrole/concept-label" xlink:from="gl-muc_amountOriginalCurrency_467f7824b0456b978d65a1753380cfc6" xlink:to="lbl_muc-4-en_467f7824b0456b978d65a1753380cfc6"/>
    <link:label xlink:type="resource" xlink:label="lbl_muc-4-en_467f7824b0456b978d65a1753380cfc6" xlink:role="http://www.xbrl.org/2003/role/label" xml:lang="en">Original Currency</link:label>
    <link:label xlink:type="resource" xlink:label="lbl_muc-4-en_467f7824b0456b978d65a1753380cfc6" xlink:role="http://www.xbrl.org/2003/role/documentation" xml:lang="en">The currency used to track original, as opposed to home, amounts. Recommended ISO 4217 coding.</link:label>
    <!-- muc-5 gl-muc:amountOriginalExchangeRate -->
    <link:loc xlink:type="locator" xlink:href="gl-muc-2020-12-31.xsd#gl-muc_amountOriginalExchangeRate" xlink:label="gl-muc_amountOriginalExchangeRate_467f7824b0456b978d65a1753380cfc6"/>
    <link:labelArc xlink:type="arc" xlink:arcrole="http://www.xbrl.org/2003/arcrole/concept-label" xlink:from="gl-muc_amountOriginalExchangeRate_467f7824b0456b978d65a1753380cfc6" xlink:to="lbl_muc-5-en_467f7824b0456b978d65a1753380cfc6"/>
    <link:label xlink:type="resource" xlink:label="lbl_muc-5-en_467f7824b0456b978d65a1753380cfc6" xlink:role="http://www.xbrl.org/2003/role/label" xml:lang="en">Original Exchange Rate</link:label>
    <link:label xlink:type="resource" xlink:label="lbl_muc-5-en_467f7824b0456b978d65a1753380cfc6" xlink:role="http://www.xbrl.org/2003/role/documentation" xml:lang="en">Exchange rate at time of original transaction (expressed as national currency divided by original currency)</link:label>
    <!-- muc-7 gl-muc:amountOriginalExchangeRateSource -->
    <link:loc xlink:type="locator" xlink:href="gl-muc-2020-12-31.xsd#gl-muc_amountOriginalExchangeRateSource" xlink:label="gl-muc_amountOriginalExchangeRateSource_467f7824b0456b978d65a1753380cfc6"/>
    <link:labelArc xlink:type="arc" xlink:arcrole="http://www.xbrl.org/2003/arcrole/concept-label" xlink:from="gl-muc_amountOriginalExchangeRateSource_467f7824b0456b978d65a1753380cfc6" xlink:to="lbl_muc-7-en_467f7824b0456b978d65a1753380cfc6"/>
    <link:label xlink:type="resource" xlink:label="lbl_muc-7-en_467f7824b0456b978d65a1753380cfc6" xlink:role="http://www.xbrl.org/2003/role/label" xml:lang="en">Original Exchange Rate Source</link:label>
    <link:label xlink:type="resource" xlink:label="lbl_muc-7-en_467f7824b0456b978d65a1753380cfc6" xlink:role="http://www.xbrl.org/2003/role/documentation" xml:lang="en">Source of Exchange Rate - for example, Reuters, Bloomberg</link:label>
    <!-- muc-8 gl-muc:amountOriginalExchangeRateComment -->
    <link:loc xlink:type="locator" xlink:href="gl-muc-2020-12-31.xsd#gl-muc_amountOriginalExchangeRateComment" xlink:label="gl-muc_amountOriginalExchangeRateComment_467f7824b0456b978d65a1753380cfc6"/>
    <link:labelArc xlink:type="arc" xlink:arcrole="http://www.xbrl.org/2003/arcrole/concept-label" xlink:from="gl-muc_amountOriginalExchangeRateComment_467f7824b0456b978d65a1753380cfc6" xlink:to="lbl_muc-8-en_467f7824b0456b978d65a1753380cfc6"/>
    <link:label xlink:type="resource" xlink:label="lbl_muc-8-en_467f7824b0456b978d65a1753380cfc6" xlink:role="http://www.xbrl.org/2003/role/label" xml:lang="en">Original Exchange Rate Comment</link:label>
    <link:label xlink:type="resource" xlink:label="lbl_muc-8-en_467f7824b0456b978d65a1753380cfc6" xlink:role="http://www.xbrl.org/2003/role/documentation" xml:lang="en">Comment about exchange rate used for recording original transaction.</link:label>
    <!-- muc-9 gl-muc:amountOriginalTriangulationAmount -->
    <link:loc xlink:type="locator" xlink:href="gl-muc-2020-12-31.xsd#gl-muc_amountOriginalTriangulationAmount" xlink:label="gl-muc_amountOriginalTriangulationAmount_467f7824b0456b978d65a1753380cfc6"/>
    <link:labelArc xlink:type="arc" xlink:arcrole="http://www.xbrl.org/2003/arcrole/concept-label" xlink:from="gl-muc_amountOriginalTriangulationAmount_467f7824b0456b978d65a1753380cfc6" xlink:to="lbl_muc-9-en_467f7824b0456b978d65a1753380cfc6"/>
    <link:label xlink:type="resource" xlink:label="lbl_muc-9-en_467f7824b0456b978d65a1753380cfc6" xlink:role="http://www.xbrl.org/2003/role/label" xml:lang="en">Original Amount in Triangulation Currency</link:label>
    <link:label xlink:type="resource" xlink:label="lbl_muc-9-en_467f7824b0456b978d65a1753380cfc6" xlink:role="http://www.xbrl.org/2003/role/documentation" xml:lang="en">If triangulation is used, amount in triangulation currency, for multi-currency tracking. Debit is entered as positive, credit as negative.</link:label>
    <!-- muc-10 gl-muc:amountOriginalTriangulationCurrency -->
    <link:loc xlink:type="locator" xlink:href="gl-muc-2020-12-31.xsd#gl-muc_amountOriginalTriangulationCurrency" xlink:label="gl-muc_amountOriginalTriangulationCurrency_467f7824b0456b978d65a1753380cfc6"/>
    <link:labelArc xlink:type="arc" xlink:arcrole="http://www.xbrl.org/2003/arcrole/concept-label" xlink:from="gl-muc_amountOriginalTriangulationCurrency_467f7824b0456b978d65a1753380cfc6" xlink:to="lbl_muc-10-en_467f7824b0456b978d65a1753380cfc6"/>
    <link:label xlink:type="resource" xlink:label="lbl_muc-10-en_467f7824b0456b978d65a1753380cfc6" xlink:role="http://www.xbrl.org/2003/role/label" xml:lang="en">Original Triangulation Currency</link:label>
    <link:label xlink:type="resource" xlink:label="lbl_muc-10-en_467f7824b0456b978d65a1753380cfc6" xlink:role="http://www.xbrl.org/2003/role/documentation" xml:lang="en">The currency used for triangulation, if used. May often be EUR or USD. Recommended ISO 4217 coding.</link:label>
    <!-- muc-11 gl-muc:amountOriginalTriangulationExchangeRate -->
    <link:loc xlink:type="locator" xlink:href="gl-muc-2020-12-31.xsd#gl-muc_amountOriginalTriangulationExchangeRate" xlink:label="gl-muc_amountOriginalTriangulationExchangeRate_467f7824b0456b978d65a1753380cfc6"/>
    <link:labelArc xlink:type="arc" xlink:arcrole="http://www.xbrl.org/2003/arcrole/concept-label" xlink:from="gl-muc_amountOriginalTriangulationExchangeRate_467f7824b0456b978d65a1753380cfc6" xlink:to="lbl_muc-11-en_467f7824b0456b978d65a1753380cfc6"/>
    <link:label xlink:type="resource" xlink:label="lbl_muc-11-en_467f7824b0456b978d65a1753380cfc6" xlink:role="http://www.xbrl.org/2003/role/label" xml:lang="en">National to Triangulation Currency Exchange Rate</link:label>
    <link:label xlink:type="resource" xlink:label="lbl_muc-11-en_467f7824b0456b978d65a1753380cfc6" xlink:role="http://www.xbrl.org/2003/role/documentation" xml:lang="en">Exchange rate between national currency and triangulation currency at time of original transaction (expressed as national currency divided by triangulation currency)</link:label>
    <!-- muc-12 gl-muc:amountOriginalTriangulationExchangeRateSource -->
    <link:loc xlink:type="locator" xlink:href="gl-muc-2020-12-31.xsd#gl-muc_amountOriginalTriangulationExchangeRateSource" xlink:label="gl-muc_amountOriginalTriangulationExchangeRateSource_467f7824b0456b978d65a1753380cfc6"/>
    <link:labelArc xlink:type="arc" xlink:arcrole="http://www.xbrl.org/2003/arcrole/concept-label" xlink:from="gl-muc_amountOriginalTriangulationExchangeRateSource_467f7824b0456b978d65a1753380cfc6" xlink:to="lbl_muc-12-en_467f7824b0456b978d65a1753380cfc6"/>
    <link:label xlink:type="resource" xlink:label="lbl_muc-12-en_467f7824b0456b978d65a1753380cfc6" xlink:role="http://www.xbrl.org/2003/role/label" xml:lang="en">National to Triangulation Currency Exchange Rate Source</link:label>
    <link:label xlink:type="resource" xlink:label="lbl_muc-12-en_467f7824b0456b978d65a1753380cfc6" xlink:role="http://www.xbrl.org/2003/role/documentation" xml:lang="en">Source of Exchange Rate for triangulation amount at time of original transaction - for example, Reuters, Bloomberg</link:label>
    <!-- muc-13 gl-muc:amountOriginalTriangulationExchangeRateType -->
    <link:loc xlink:type="locator" xlink:href="gl-muc-2020-12-31.xsd#gl-muc_amountOriginalTriangulationExchangeRateType" xlink:label="gl-muc_amountOriginalTriangulationExchangeRateType_467f7824b0456b978d65a1753380cfc6"/>
    <link:labelArc xlink:type="arc" xlink:arcrole="http://www.xbrl.org/2003/arcrole/concept-label" xlink:from="gl-muc_amountOriginalTriangulationExchangeRateType_467f7824b0456b978d65a1753380cfc6" xlink:to="lbl_muc-13-en_467f7824b0456b978d65a1753380cfc6"/>
    <link:label xlink:type="resource" xlink:label="lbl_muc-13-en_467f7824b0456b978d65a1753380cfc6" xlink:role="http://www.xbrl.org/2003/role/label" xml:lang="en">National to Triangulation Currency Exchange Rate Type</link:label>
    <link:label xlink:type="resource" xlink:label="lbl_muc-13-en_467f7824b0456b978d65a1753380cfc6" xlink:role="http://www.xbrl.org/2003/role/documentation" xml:lang="en">Type of Exchange Rate for triangulation amount at time of original transaction - for example, spot rate, forward contract etc.</link:label>
    <!-- muc-14 gl-muc:originalTriangulationExchangeRate -->
    <link:loc xlink:type="locator" xlink:href="gl-muc-2020-12-31.xsd#gl-muc_originalTriangulationExchangeRate" xlink:label="gl-muc_originalTriangulationExchangeRate_467f7824b0456b978d65a1753380cfc6"/>
    <link:labelArc xlink:type="arc" xlink:arcrole="http://www.xbrl.org/2003/arcrole/concept-label" xlink:from="gl-muc_originalTriangulationExchangeRate_467f7824b0456b978d65a1753380cfc6" xlink:to="lbl_muc-14-en_467f7824b0456b978d65a1753380cfc6"/>
    <link:label xlink:type="resource" xlink:label="lbl_muc-14-en_467f7824b0456b978d65a1753380cfc6" xlink:role="http://www.xbrl.org/2003/role/label" xml:lang="en">Original to Triangulation Currency Exchange Rate</link:label>
    <link:label xlink:type="resource" xlink:label="lbl_muc-14-en_467f7824b0456b978d65a1753380cfc6" xlink:role="http://www.xbrl.org/2003/role/documentation" xml:lang="en">Exchange rate between original currency and triangulation currency at time of original transaction (expressed as original currency divided by triangulation currency)</link:label>
    <!-- muc-15 gl-muc:originalExchangeRateTriangulationSource -->
    <link:loc xlink:type="locator" xlink:href="gl-muc-2020-12-31.xsd#gl-muc_originalExchangeRateTriangulationSource" xlink:label="gl-muc_originalExchangeRateTriangulationSource_467f7824b0456b978d65a1753380cfc6"/>
    <link:labelArc xlink:type="arc" xlink:arcrole="http://www.xbrl.org/2003/arcrole/concept-label" xlink:from="gl-muc_originalExchangeRateTriangulationSource_467f7824b0456b978d65a1753380cfc6" xlink:to="lbl_muc-15-en_467f7824b0456b978d65a1753380cfc6"/>
    <link:label xlink:type="resource" xlink:label="lbl_muc-15-en_467f7824b0456b978d65a1753380cfc6" xlink:role="http://www.xbrl.org/2003/role/label" xml:lang="en">Original to Triangulation Currency Exchange Rate Source</link:label>
    <link:label xlink:type="resource" xlink:label="lbl_muc-15-en_467f7824b0456b978d65a1753380cfc6" xlink:role="http://www.xbrl.org/2003/role/documentation" xml:lang="en">Source of Exchange Rate for triangulation from original currency to triangulation currency at time of original transaction - for example, Reuters, Bloomberg</link:label>
    <!-- muc-16 gl-muc:originalExchangeRateTriangulationType -->
    <link:loc xlink:type="locator" xlink:href="gl-muc-2020-12-31.xsd#gl-muc_originalExchangeRateTriangulationType" xlink:label="gl-muc_originalExchangeRateTriangulationType_467f7824b0456b978d65a1753380cfc6"/>
    <link:labelArc xlink:type="arc" xlink:arcrole="http://www.xbrl.org/2003/arcrole/concept-label" xlink:from="gl-muc_originalExchangeRateTriangulationType_467f7824b0456b978d65a1753380cfc6" xlink:to="lbl_muc-16-en_467f7824b0456b978d65a1753380cfc6"/>
    <link:label xlink:type="resource" xlink:label="lbl_muc-16-en_467f7824b0456b978d65a1753380cfc6" xlink:role="http://www.xbrl.org/2003/role/label" xml:lang="en">Original to Triangulation Currency Exchange Rate Type</link:label>
    <link:label xlink:type="resource" xlink:label="lbl_muc-16-en_467f7824b0456b978d65a1753380cfc6" xlink:role="http://www.xbrl.org/2003/role/documentation" xml:lang="en">Type of Exchange Rate for triangulation from original currency to triangulation currency at time of original transaction - for example, spot rate, forward contract etc.</link:label>
    <!-- mucG-1 gl-muc:multicurrencyDetail -->
    <link:loc xlink:type="locator" xlink:href="gl-muc-2020-12-31.xsd#gl-muc_multicurrencyDetail" xlink:label="gl-muc_multicurrencyDetail_467f7824b0456b978d65a1753380cfc6"/>
    <link:labelArc xlink:type="arc" xlink:arcrole="http://www.xbrl.org/2003/arcrole/concept-label" xlink:from="gl-muc_multicurrencyDetail_467f7824b0456b978d65a1753380cfc6" xlink:to="lbl_mucG-1-en_467f7824b0456b978d65a1753380cfc6"/>
    <link:label xlink:type="resource" xlink:label="lbl_mucG-1-en_467f7824b0456b978d65a1753380cfc6" xlink:role="http://www.xbrl.org/2003/role/label" xml:lang="en">Multicurrency Detail</link:label>
    <link:label xlink:type="resource" xlink:label="lbl_mucG-1-en_467f7824b0456b978d65a1753380cfc6" xlink:role="http://www.xbrl.org/2003/role/documentation" xml:lang="en">Section to provide additional information related to home currencies that differ from original currencies and related exchange rates - typically this will be used to record exchange rates and amounts in currencies and/or on dates other than those of the original transaction. This structure allows recording of exchange rates using a third currency as a triangulation currency. This is often EUR but is not restricted to being so. This structure may be repeated as many times as necessary to record amounts in foreign currencies on the same or different dates.</link:label>
    <!-- muc-17 gl-muc:multicurrencyDetailExchangeRateDate -->
    <link:loc xlink:type="locator" xlink:href="gl-muc-2020-12-31.xsd#gl-muc_multicurrencyDetailExchangeRateDate" xlink:label="gl-muc_multicurrencyDetailExchangeRateDate_467f7824b0456b978d65a1753380cfc6"/>
    <link:labelArc xlink:type="arc" xlink:arcrole="http://www.xbrl.org/2003/arcrole/concept-label" xlink:from="gl-muc_multicurrencyDetailExchangeRateDate_467f7824b0456b978d65a1753380cfc6" xlink:to="lbl_muc-17-en_467f7824b0456b978d65a1753380cfc6"/>
    <link:label xlink:type="resource" xlink:label="lbl_muc-17-en_467f7824b0456b978d65a1753380cfc6" xlink:role="http://www.xbrl.org/2003/role/label" xml:lang="en">Date of Exchange Rate</link:label>
    <link:label xlink:type="resource" xlink:label="lbl_muc-17-en_467f7824b0456b978d65a1753380cfc6" xlink:role="http://www.xbrl.org/2003/role/documentation" xml:lang="en">Date of exchange rate (other than original transaction date) on which amount is expressed as amountRestatedAmount or amountTriangulationAmount</link:label>
    <!-- muc-18 gl-muc:amountRestatedAmount -->
    <link:loc xlink:type="locator" xlink:href="gl-muc-2020-12-31.xsd#gl-muc_amountRestatedAmount" xlink:label="gl-muc_amountRestatedAmount_467f7824b0456b978d65a1753380cfc6"/>
    <link:labelArc xlink:type="arc" xlink:arcrole="http://www.xbrl.org/2003/arcrole/concept-label" xlink:from="gl-muc_amountRestatedAmount_467f7824b0456b978d65a1753380cfc6" xlink:to="lbl_muc-18-en_467f7824b0456b978d65a1753380cfc6"/>
    <link:label xlink:type="resource" xlink:label="lbl_muc-18-en_467f7824b0456b978d65a1753380cfc6" xlink:role="http://www.xbrl.org/2003/role/label" xml:lang="en">Restated Amount</link:label>
    <link:label xlink:type="resource" xlink:label="lbl_muc-18-en_467f7824b0456b978d65a1753380cfc6" xlink:role="http://www.xbrl.org/2003/role/documentation" xml:lang="en">The amount in the foreign currency identified by amountRestatedCurrency as of multicurrencyDetailExchangeRateDate.</link:label>
    <!-- muc-19 gl-muc:amountRestatedCurrency -->
    <link:loc xlink:type="locator" xlink:href="gl-muc-2020-12-31.xsd#gl-muc_amountRestatedCurrency" xlink:label="gl-muc_amountRestatedCurrency_467f7824b0456b978d65a1753380cfc6"/>
    <link:labelArc xlink:type="arc" xlink:arcrole="http://www.xbrl.org/2003/arcrole/concept-label" xlink:from="gl-muc_amountRestatedCurrency_467f7824b0456b978d65a1753380cfc6" xlink:to="lbl_muc-19-en_467f7824b0456b978d65a1753380cfc6"/>
    <link:label xlink:type="resource" xlink:label="lbl_muc-19-en_467f7824b0456b978d65a1753380cfc6" xlink:role="http://www.xbrl.org/2003/role/label" xml:lang="en">Currency of Restated Amount</link:label>
    <link:label xlink:type="resource" xlink:label="lbl_muc-19-en_467f7824b0456b978d65a1753380cfc6" xlink:role="http://www.xbrl.org/2003/role/documentation" xml:lang="en">The currency in which amountRestatedAmount is expressed. Recommended ISO 4217 coding.</link:label>
    <!-- muc-20 gl-muc:amountRestatedExchangeRate -->
    <link:loc xlink:type="locator" xlink:href="gl-muc-2020-12-31.xsd#gl-muc_amountRestatedExchangeRate" xlink:label="gl-muc_amountRestatedExchangeRate_467f7824b0456b978d65a1753380cfc6"/>
    <link:labelArc xlink:type="arc" xlink:arcrole="http://www.xbrl.org/2003/arcrole/concept-label" xlink:from="gl-muc_amountRestatedExchangeRate_467f7824b0456b978d65a1753380cfc6" xlink:to="lbl_muc-20-en_467f7824b0456b978d65a1753380cfc6"/>
    <link:label xlink:type="resource" xlink:label="lbl_muc-20-en_467f7824b0456b978d65a1753380cfc6" xlink:role="http://www.xbrl.org/2003/role/label" xml:lang="en">Restated Amount Exchange Rate</link:label>
    <link:label xlink:type="resource" xlink:label="lbl_muc-20-en_467f7824b0456b978d65a1753380cfc6" xlink:role="http://www.xbrl.org/2003/role/documentation" xml:lang="en">Exchange rate used to convert amountRestatedAmount as of multicurrencyDetailExchangeRateDate (expressed as national currency divided by foreign currency)</link:label>
    <!-- muc-21 gl-muc:amountRestatedExchangeRateSource -->
    <link:loc xlink:type="locator" xlink:href="gl-muc-2020-12-31.xsd#gl-muc_amountRestatedExchangeRateSource" xlink:label="gl-muc_amountRestatedExchangeRateSource_467f7824b0456b978d65a1753380cfc6"/>
    <link:labelArc xlink:type="arc" xlink:arcrole="http://www.xbrl.org/2003/arcrole/concept-label" xlink:from="gl-muc_amountRestatedExchangeRateSource_467f7824b0456b978d65a1753380cfc6" xlink:to="lbl_muc-21-en_467f7824b0456b978d65a1753380cfc6"/>
    <link:label xlink:type="resource" xlink:label="lbl_muc-21-en_467f7824b0456b978d65a1753380cfc6" xlink:role="http://www.xbrl.org/2003/role/label" xml:lang="en">Restated Amount Exchange Rate Source</link:label>
    <link:label xlink:type="resource" xlink:label="lbl_muc-21-en_467f7824b0456b978d65a1753380cfc6" xlink:role="http://www.xbrl.org/2003/role/documentation" xml:lang="en">Source of Exchange Rate for restated amount - for example, Reuters, Bloomberg</link:label>
    <!-- muc-22 gl-muc:amountRestatedExchangeRateType -->
    <link:loc xlink:type="locator" xlink:href="gl-muc-2020-12-31.xsd#gl-muc_amountRestatedExchangeRateType" xlink:label="gl-muc_amountRestatedExchangeRateType_467f7824b0456b978d65a1753380cfc6"/>
    <link:labelArc xlink:type="arc" xlink:arcrole="http://www.xbrl.org/2003/arcrole/concept-label" xlink:from="gl-muc_amountRestatedExchangeRateType_467f7824b0456b978d65a1753380cfc6" xlink:to="lbl_muc-22-en_467f7824b0456b978d65a1753380cfc6"/>
    <link:label xlink:type="resource" xlink:label="lbl_muc-22-en_467f7824b0456b978d65a1753380cfc6" xlink:role="http://www.xbrl.org/2003/role/label" xml:lang="en">Restated Amount Exchange Rate Type</link:label>
    <link:label xlink:type="resource" xlink:label="lbl_muc-22-en_467f7824b0456b978d65a1753380cfc6" xlink:role="http://www.xbrl.org/2003/role/documentation" xml:lang="en">Type of Exchange Rate for restated amount - for example, spot rate, forward contract etc.</link:label>
    <!-- muc-23 gl-muc:amountTriangulationAmount -->
    <link:loc xlink:type="locator" xlink:href="gl-muc-2020-12-31.xsd#gl-muc_amountTriangulationAmount" xlink:label="gl-muc_amountTriangulationAmount_467f7824b0456b978d65a1753380cfc6"/>
    <link:labelArc xlink:type="arc" xlink:arcrole="http://www.xbrl.org/2003/arcrole/concept-label" xlink:from="gl-muc_amountTriangulationAmount_467f7824b0456b978d65a1753380cfc6" xlink:to="lbl_muc-23-en_467f7824b0456b978d65a1753380cfc6"/>
    <link:label xlink:type="resource" xlink:label="lbl_muc-23-en_467f7824b0456b978d65a1753380cfc6" xlink:role="http://www.xbrl.org/2003/role/label" xml:lang="en">Amount in Triangulation Currency</link:label>
    <link:label xlink:type="resource" xlink:label="lbl_muc-23-en_467f7824b0456b978d65a1753380cfc6" xlink:role="http://www.xbrl.org/2003/role/documentation" xml:lang="en">The amount in the triangulation currency identified by amountTriangulationCurrency as of multicurrencyDetailExchangeRateDate.</link:label>
    <!-- muc-24 gl-muc:amountTriangulationCurrency -->
    <link:loc xlink:type="locator" xlink:href="gl-muc-2020-12-31.xsd#gl-muc_amountTriangulationCurrency" xlink:label="gl-muc_amountTriangulationCurrency_467f7824b0456b978d65a1753380cfc6"/>
    <link:labelArc xlink:type="arc" xlink:arcrole="http://www.xbrl.org/2003/arcrole/concept-label" xlink:from="gl-muc_amountTriangulationCurrency_467f7824b0456b978d65a1753380cfc6" xlink:to="lbl_muc-24-en_467f7824b0456b978d65a1753380cfc6"/>
    <link:label xlink:type="resource" xlink:label="lbl_muc-24-en_467f7824b0456b978d65a1753380cfc6" xlink:role="http://www.xbrl.org/2003/role/label" xml:lang="en">Triangulation Currency</link:label>
    <link:label xlink:type="resource" xlink:label="lbl_muc-24-en_467f7824b0456b978d65a1753380cfc6" xlink:role="http://www.xbrl.org/2003/role/documentation" xml:lang="en">The currency used for tringulation between amountRestatedCurrency and the home currency. Recommended ISO 4217 coding.</link:label>
    <!-- muc-25 gl-muc:amountTriangulationExchangeRate -->
    <link:loc xlink:type="locator" xlink:href="gl-muc-2020-12-31.xsd#gl-muc_amountTriangulationExchangeRate" xlink:label="gl-muc_amountTriangulationExchangeRate_467f7824b0456b978d65a1753380cfc6"/>
    <link:labelArc xlink:type="arc" xlink:arcrole="http://www.xbrl.org/2003/arcrole/concept-label" xlink:from="gl-muc_amountTriangulationExchangeRate_467f7824b0456b978d65a1753380cfc6" xlink:to="lbl_muc-25-en_467f7824b0456b978d65a1753380cfc6"/>
    <link:label xlink:type="resource" xlink:label="lbl_muc-25-en_467f7824b0456b978d65a1753380cfc6" xlink:role="http://www.xbrl.org/2003/role/label" xml:lang="en">Triangulation Exchange Rate</link:label>
    <link:label xlink:type="resource" xlink:label="lbl_muc-25-en_467f7824b0456b978d65a1753380cfc6" xlink:role="http://www.xbrl.org/2003/role/documentation" xml:lang="en">Exchange rate used to convert amountTriangulationAmount as of multicurrencyDetailExchangeRateDate (expressed as national currency divided by triangulation currency)</link:label>
    <!-- muc-26 gl-muc:amountTriangulationExchangeRateSource -->
    <link:loc xlink:type="locator" xlink:href="gl-muc-2020-12-31.xsd#gl-muc_amountTriangulationExchangeRateSource" xlink:label="gl-muc_amountTriangulationExchangeRateSource_467f7824b0456b978d65a1753380cfc6"/>
    <link:labelArc xlink:type="arc" xlink:arcrole="http://www.xbrl.org/2003/arcrole/concept-label" xlink:from="gl-muc_amountTriangulationExchangeRateSource_467f7824b0456b978d65a1753380cfc6" xlink:to="lbl_muc-26-en_467f7824b0456b978d65a1753380cfc6"/>
    <link:label xlink:type="resource" xlink:label="lbl_muc-26-en_467f7824b0456b978d65a1753380cfc6" xlink:role="http://www.xbrl.org/2003/role/label" xml:lang="en">Triangulation Exchange Rate Source</link:label>
    <link:label xlink:type="resource" xlink:label="lbl_muc-26-en_467f7824b0456b978d65a1753380cfc6" xlink:role="http://www.xbrl.org/2003/role/documentation" xml:lang="en">Source of Exchange Rate for triangulation amount - for example, Reuters, Bloomberg</link:label>
    <!-- muc-27 gl-muc:amountTriangulationExchangeRateType -->
    <link:loc xlink:type="locator" xlink:href="gl-muc-2020-12-31.xsd#gl-muc_amountTriangulationExchangeRateType" xlink:label="gl-muc_amountTriangulationExchangeRateType_467f7824b0456b978d65a1753380cfc6"/>
    <link:labelArc xlink:type="arc" xlink:arcrole="http://www.xbrl.org/2003/arcrole/concept-label" xlink:from="gl-muc_amountTriangulationExchangeRateType_467f7824b0456b978d65a1753380cfc6" xlink:to="lbl_muc-27-en_467f7824b0456b978d65a1753380cfc6"/>
    <link:label xlink:type="resource" xlink:label="lbl_muc-27-en_467f7824b0456b978d65a1753380cfc6" xlink:role="http://www.xbrl.org/2003/role/label" xml:lang="en">Triangulation Exchange Rate Type</link:label>
    <link:label xlink:type="resource" xlink:label="lbl_muc-27-en_467f7824b0456b978d65a1753380cfc6" xlink:role="http://www.xbrl.org/2003/role/documentation" xml:lang="en">Type of Exchange Rate for triangulation amount - for example, spot rate, forward contract etc.</link:label>
    <!-- muc-28 gl-muc:restatedTriangulationExchangeRate -->
    <link:loc xlink:type="locator" xlink:href="gl-muc-2020-12-31.xsd#gl-muc_restatedTriangulationExchangeRate" xlink:label="gl-muc_restatedTriangulationExchangeRate_467f7824b0456b978d65a1753380cfc6"/>
    <link:labelArc xlink:type="arc" xlink:arcrole="http://www.xbrl.org/2003/arcrole/concept-label" xlink:from="gl-muc_restatedTriangulationExchangeRate_467f7824b0456b978d65a1753380cfc6" xlink:to="lbl_muc-28-en_467f7824b0456b978d65a1753380cfc6"/>
    <link:label xlink:type="resource" xlink:label="lbl_muc-28-en_467f7824b0456b978d65a1753380cfc6" xlink:role="http://www.xbrl.org/2003/role/label" xml:lang="en">Restated Triangulation Exchange Rate</link:label>
    <link:label xlink:type="resource" xlink:label="lbl_muc-28-en_467f7824b0456b978d65a1753380cfc6" xlink:role="http://www.xbrl.org/2003/role/documentation" xml:lang="en">Exchange rate used to convert from amountRestatedAmount to amountTriangulationAmount as of multicurrencyDetailExchangeRateDate (expressed as foreign currency divided by triangulation currency)</link:label>
    <!-- muc-29 gl-muc:restatedExchangeRateTriangulationSource -->
    <link:loc xlink:type="locator" xlink:href="gl-muc-2020-12-31.xsd#gl-muc_restatedExchangeRateTriangulationSource" xlink:label="gl-muc_restatedExchangeRateTriangulationSource_467f7824b0456b978d65a1753380cfc6"/>
    <link:labelArc xlink:type="arc" xlink:arcrole="http://www.xbrl.org/2003/arcrole/concept-label" xlink:from="gl-muc_restatedExchangeRateTriangulationSource_467f7824b0456b978d65a1753380cfc6" xlink:to="lbl_muc-29-en_467f7824b0456b978d65a1753380cfc6"/>
    <link:label xlink:type="resource" xlink:label="lbl_muc-29-en_467f7824b0456b978d65a1753380cfc6" xlink:role="http://www.xbrl.org/2003/role/label" xml:lang="en">Restated Triangulation Exchange Rate Source</link:label>
    <link:label xlink:type="resource" xlink:label="lbl_muc-29-en_467f7824b0456b978d65a1753380cfc6" xlink:role="http://www.xbrl.org/2003/role/documentation" xml:lang="en">Source of Exchange Rate for converting between foreign currency and triangulation currency - for example, Reuters, Bloomberg</link:label>
    <!-- muc-30 gl-muc:restatedExchangeRateTriangulationType -->
    <link:loc xlink:type="locator" xlink:href="gl-muc-2020-12-31.xsd#gl-muc_restatedExchangeRateTriangulationType" xlink:label="gl-muc_restatedExchangeRateTriangulationType_467f7824b0456b978d65a1753380cfc6"/>
    <link:labelArc xlink:type="arc" xlink:arcrole="http://www.xbrl.org/2003/arcrole/concept-label" xlink:from="gl-muc_restatedExchangeRateTriangulationType_467f7824b0456b978d65a1753380cfc6" xlink:to="lbl_muc-30-en_467f7824b0456b978d65a1753380cfc6"/>
    <link:label xlink:type="resource" xlink:label="lbl_muc-30-en_467f7824b0456b978d65a1753380cfc6" xlink:role="http://www.xbrl.org/2003/role/label" xml:lang="en">Restated Triangulation Exchange Rate Type</link:label>
    <link:label xlink:type="resource" xlink:label="lbl_muc-30-en_467f7824b0456b978d65a1753380cfc6" xlink:role="http://www.xbrl.org/2003/role/documentation" xml:lang="en">Type of Exchange Rate for converting between foreign currency and triangulation currency - for example, spot rate, forward contract etc.</link:label>
    <!-- muc-31 gl-muc:multicurrencyDetailComment -->
    <link:loc xlink:type="locator" xlink:href="gl-muc-2020-12-31.xsd#gl-muc_multicurrencyDetailComment" xlink:label="gl-muc_multicurrencyDetailComment_467f7824b0456b978d65a1753380cfc6"/>
    <link:labelArc xlink:type="arc" xlink:arcrole="http://www.xbrl.org/2003/arcrole/concept-label" xlink:from="gl-muc_multicurrencyDetailComment_467f7824b0456b978d65a1753380cfc6" xlink:to="lbl_muc-31-en_467f7824b0456b978d65a1753380cfc6"/>
    <link:label xlink:type="resource" xlink:label="lbl_muc-31-en_467f7824b0456b978d65a1753380cfc6" xlink:role="http://www.xbrl.org/2003/role/label" xml:lang="en">Multicurrency Detail Comment</link:label>
    <link:label xlink:type="resource" xlink:label="lbl_muc-31-en_467f7824b0456b978d65a1753380cfc6" xlink:role="http://www.xbrl.org/2003/role/documentation" xml:lang="en">Comment describing the enclosing multicurrencyDetail tuple's contents. May include reason for recording additional exchange rates other than that used at the time of the original transaction.</link:label>
    <!-- muc-32 gl-muc:taxAmountForeignCurrency -->
    <link:loc xlink:type="locator" xlink:href="gl-muc-2020-12-31.xsd#gl-muc_taxAmountForeignCurrency" xlink:label="gl-muc_taxAmountForeignCurrency_467f7824b0456b978d65a1753380cfc6"/>
    <link:labelArc xlink:type="arc" xlink:arcrole="http://www.xbrl.org/2003/arcrole/concept-label" xlink:from="gl-muc_taxAmountForeignCurrency_467f7824b0456b978d65a1753380cfc6" xlink:to="lbl_muc-32-en_467f7824b0456b978d65a1753380cfc6"/>
    <link:label xlink:type="resource" xlink:label="lbl_muc-32-en_467f7824b0456b978d65a1753380cfc6" xlink:role="http://www.xbrl.org/2003/role/label" xml:lang="en">Tax Amount in Foreign Currency</link:label>
    <link:label xlink:type="resource" xlink:label="lbl_muc-32-en_467f7824b0456b978d65a1753380cfc6" xlink:role="http://www.xbrl.org/2003/role/documentation" xml:lang="en">If the tax is in a foreign currency, the amount of tax in that currency</link:label>
    <!-- muc-33 gl-muc:taxCurrency -->
    <link:loc xlink:type="locator" xlink:href="gl-muc-2020-12-31.xsd#gl-muc_taxCurrency" xlink:label="gl-muc_taxCurrency_467f7824b0456b978d65a1753380cfc6"/>
    <link:labelArc xlink:type="arc" xlink:arcrole="http://www.xbrl.org/2003/arcrole/concept-label" xlink:from="gl-muc_taxCurrency_467f7824b0456b978d65a1753380cfc6" xlink:to="lbl_muc-33-en_467f7824b0456b978d65a1753380cfc6"/>
    <link:label xlink:type="resource" xlink:label="lbl_muc-33-en_467f7824b0456b978d65a1753380cfc6" xlink:role="http://www.xbrl.org/2003/role/label" xml:lang="en">Tax Foreign Currency</link:label>
    <link:label xlink:type="resource" xlink:label="lbl_muc-33-en_467f7824b0456b978d65a1753380cfc6" xlink:role="http://www.xbrl.org/2003/role/documentation" xml:lang="en">If the tax is in a foreign currency, that currency</link:label>
    <!-- muc-34 gl-muc:taxExchangeRateDate -->
    <link:loc xlink:type="locator" xlink:href="gl-muc-2020-12-31.xsd#gl-muc_taxExchangeRateDate" xlink:label="gl-muc_taxExchangeRateDate_467f7824b0456b978d65a1753380cfc6"/>
    <link:labelArc xlink:type="arc" xlink:arcrole="http://www.xbrl.org/2003/arcrole/concept-label" xlink:from="gl-muc_taxExchangeRateDate_467f7824b0456b978d65a1753380cfc6" xlink:to="lbl_muc-34-en_467f7824b0456b978d65a1753380cfc6"/>
    <link:label xlink:type="resource" xlink:label="lbl_muc-34-en_467f7824b0456b978d65a1753380cfc6" xlink:role="http://www.xbrl.org/2003/role/label" xml:lang="en">Tax Exchange Rate Date</link:label>
    <link:label xlink:type="resource" xlink:label="lbl_muc-34-en_467f7824b0456b978d65a1753380cfc6" xlink:role="http://www.xbrl.org/2003/role/documentation" xml:lang="en">If the tax is in a foreign currency, the date or date and time of the exchange rate used</link:label>
    <!-- muc-35 gl-muc:taxExchangeRate -->
    <link:loc xlink:type="locator" xlink:href="gl-muc-2020-12-31.xsd#gl-muc_taxExchangeRate" xlink:label="gl-muc_taxExchangeRate_467f7824b0456b978d65a1753380cfc6"/>
    <link:labelArc xlink:type="arc" xlink:arcrole="http://www.xbrl.org/2003/arcrole/concept-label" xlink:from="gl-muc_taxExchangeRate_467f7824b0456b978d65a1753380cfc6" xlink:to="lbl_muc-35-en_467f7824b0456b978d65a1753380cfc6"/>
    <link:label xlink:type="resource" xlink:label="lbl_muc-35-en_467f7824b0456b978d65a1753380cfc6" xlink:role="http://www.xbrl.org/2003/role/label" xml:lang="en">Tax Exchange Rate Item Type</link:label>
    <link:label xlink:type="resource" xlink:label="lbl_muc-35-en_467f7824b0456b978d65a1753380cfc6" xlink:role="http://www.xbrl.org/2003/role/documentation" xml:lang="en">If the tax is in a foreign currency, the exchange rate used expressed as national currency divided by foreign currency</link:label>
    <!-- muc-36 gl-muc:taxExchangeRateSource -->
    <link:loc xlink:type="locator" xlink:href="gl-muc-2020-12-31.xsd#gl-muc_taxExchangeRateSource" xlink:label="gl-muc_taxExchangeRateSource_467f7824b0456b978d65a1753380cfc6"/>
    <link:labelArc xlink:type="arc" xlink:arcrole="http://www.xbrl.org/2003/arcrole/concept-label" xlink:from="gl-muc_taxExchangeRateSource_467f7824b0456b978d65a1753380cfc6" xlink:to="lbl_muc-36-en_467f7824b0456b978d65a1753380cfc6"/>
    <link:label xlink:type="resource" xlink:label="lbl_muc-36-en_467f7824b0456b978d65a1753380cfc6" xlink:role="http://www.xbrl.org/2003/role/label" xml:lang="en">Tax Exchange Rate Source</link:label>
    <link:label xlink:type="resource" xlink:label="lbl_muc-36-en_467f7824b0456b978d65a1753380cfc6" xlink:role="http://www.xbrl.org/2003/role/documentation" xml:lang="en">If the tax is in a foreign currency, source of exchange rate - for example, Reuters, Bloomberg</link:label>
    <!-- muc-37 gl-muc:taxExchangeRateType -->
    <link:loc xlink:type="locator" xlink:href="gl-muc-2020-12-31.xsd#gl-muc_taxExchangeRateType" xlink:label="gl-muc_taxExchangeRateType_467f7824b0456b978d65a1753380cfc6"/>
    <link:labelArc xlink:type="arc" xlink:arcrole="http://www.xbrl.org/2003/arcrole/concept-label" xlink:from="gl-muc_taxExchangeRateType_467f7824b0456b978d65a1753380cfc6" xlink:to="lbl_muc-37-en_467f7824b0456b978d65a1753380cfc6"/>
    <link:label xlink:type="resource" xlink:label="lbl_muc-37-en_467f7824b0456b978d65a1753380cfc6" xlink:role="http://www.xbrl.org/2003/role/label" xml:lang="en">Tax Exchange Rate Type</link:label>
    <link:label xlink:type="resource" xlink:label="lbl_muc-37-en_467f7824b0456b978d65a1753380cfc6" xlink:role="http://www.xbrl.org/2003/role/documentation" xml:lang="en">If the tax is in a foreign currency, type of exchange rate - for example, spot rate, forward contract etc.</link:label>
    <!-- muc-38 gl-muc:taxExchangeRateComment -->
    <link:loc xlink:type="locator" xlink:href="gl-muc-2020-12-31.xsd#gl-muc_taxExchangeRateComment" xlink:label="gl-muc_taxExchangeRateComment_467f7824b0456b978d65a1753380cfc6"/>
    <link:labelArc xlink:type="arc" xlink:arcrole="http://www.xbrl.org/2003/arcrole/concept-label" xlink:from="gl-muc_taxExchangeRateComment_467f7824b0456b978d65a1753380cfc6" xlink:to="lbl_muc-38-en_467f7824b0456b978d65a1753380cfc6"/>
    <link:label xlink:type="resource" xlink:label="lbl_muc-38-en_467f7824b0456b978d65a1753380cfc6" xlink:role="http://www.xbrl.org/2003/role/label" xml:lang="en">Tax Exchange Rate Comment</link:label>
    <link:label xlink:type="resource" xlink:label="lbl_muc-38-en_467f7824b0456b978d65a1753380cfc6" xlink:role="http://www.xbrl.org/2003/role/documentation" xml:lang="en">If the tax is in a foreign currency, comment about exchange rate used</link:label>
    <!-- muc-39 gl-muc:taxAmountTriangulationCurrency -->
    <link:loc xlink:type="locator" xlink:href="gl-muc-2020-12-31.xsd#gl-muc_taxAmountTriangulationCurrency" xlink:label="gl-muc_taxAmountTriangulationCurrency_467f7824b0456b978d65a1753380cfc6"/>
    <link:labelArc xlink:type="arc" xlink:arcrole="http://www.xbrl.org/2003/arcrole/concept-label" xlink:from="gl-muc_taxAmountTriangulationCurrency_467f7824b0456b978d65a1753380cfc6" xlink:to="lbl_muc-39-en_467f7824b0456b978d65a1753380cfc6"/>
    <link:label xlink:type="resource" xlink:label="lbl_muc-39-en_467f7824b0456b978d65a1753380cfc6" xlink:role="http://www.xbrl.org/2003/role/label" xml:lang="en">Tax Amount in Triangulation Currency</link:label>
    <link:label xlink:type="resource" xlink:label="lbl_muc-39-en_467f7824b0456b978d65a1753380cfc6" xlink:role="http://www.xbrl.org/2003/role/documentation" xml:lang="en">If the tax is in a foreign currency and triangulation is used, the amount of that tax in the triangulation currency</link:label>
    <!-- muc-40 gl-muc:taxTriangulationCurrency -->
    <link:loc xlink:type="locator" xlink:href="gl-muc-2020-12-31.xsd#gl-muc_taxTriangulationCurrency" xlink:label="gl-muc_taxTriangulationCurrency_467f7824b0456b978d65a1753380cfc6"/>
    <link:labelArc xlink:type="arc" xlink:arcrole="http://www.xbrl.org/2003/arcrole/concept-label" xlink:from="gl-muc_taxTriangulationCurrency_467f7824b0456b978d65a1753380cfc6" xlink:to="lbl_muc-40-en_467f7824b0456b978d65a1753380cfc6"/>
    <link:label xlink:type="resource" xlink:label="lbl_muc-40-en_467f7824b0456b978d65a1753380cfc6" xlink:role="http://www.xbrl.org/2003/role/label" xml:lang="en">Tax Triangulation Currency</link:label>
    <link:label xlink:type="resource" xlink:label="lbl_muc-40-en_467f7824b0456b978d65a1753380cfc6" xlink:role="http://www.xbrl.org/2003/role/documentation" xml:lang="en">If the tax is in a foreign currency and triangulation is used, the triangulation currency</link:label>
    <!-- muc-41 gl-muc:taxTriangulationExchangeRate -->
    <link:loc xlink:type="locator" xlink:href="gl-muc-2020-12-31.xsd#gl-muc_taxTriangulationExchangeRate" xlink:label="gl-muc_taxTriangulationExchangeRate_467f7824b0456b978d65a1753380cfc6"/>
    <link:labelArc xlink:type="arc" xlink:arcrole="http://www.xbrl.org/2003/arcrole/concept-label" xlink:from="gl-muc_taxTriangulationExchangeRate_467f7824b0456b978d65a1753380cfc6" xlink:to="lbl_muc-41-en_467f7824b0456b978d65a1753380cfc6"/>
    <link:label xlink:type="resource" xlink:label="lbl_muc-41-en_467f7824b0456b978d65a1753380cfc6" xlink:role="http://www.xbrl.org/2003/role/label" xml:lang="en">Tax Triangulation Currency Exchange Rate</link:label>
    <link:label xlink:type="resource" xlink:label="lbl_muc-41-en_467f7824b0456b978d65a1753380cfc6" xlink:role="http://www.xbrl.org/2003/role/documentation" xml:lang="en">If the tax is in a foreign currency and triangulation is used, the exchange rate used expressed as national currency divided by triangulation currency</link:label>
    <!-- muc-42 gl-muc:taxTriangulationExchangeRateSource -->
    <link:loc xlink:type="locator" xlink:href="gl-muc-2020-12-31.xsd#gl-muc_taxTriangulationExchangeRateSource" xlink:label="gl-muc_taxTriangulationExchangeRateSource_467f7824b0456b978d65a1753380cfc6"/>
    <link:labelArc xlink:type="arc" xlink:arcrole="http://www.xbrl.org/2003/arcrole/concept-label" xlink:from="gl-muc_taxTriangulationExchangeRateSource_467f7824b0456b978d65a1753380cfc6" xlink:to="lbl_muc-42-en_467f7824b0456b978d65a1753380cfc6"/>
    <link:label xlink:type="resource" xlink:label="lbl_muc-42-en_467f7824b0456b978d65a1753380cfc6" xlink:role="http://www.xbrl.org/2003/role/label" xml:lang="en">Tax Triangulation Currency Exchange Rate Source</link:label>
    <link:label xlink:type="resource" xlink:label="lbl_muc-42-en_467f7824b0456b978d65a1753380cfc6" xlink:role="http://www.xbrl.org/2003/role/documentation" xml:lang="en">If the tax is in a foreign currency and triangulation is used, source of exchange rate - for example, Reuters, Bloomberg</link:label>
    <!-- muc-43 gl-muc:taxTriangulationExchangeRateType -->
    <link:loc xlink:type="locator" xlink:href="gl-muc-2020-12-31.xsd#gl-muc_taxTriangulationExchangeRateType" xlink:label="gl-muc_taxTriangulationExchangeRateType_467f7824b0456b978d65a1753380cfc6"/>
    <link:labelArc xlink:type="arc" xlink:arcrole="http://www.xbrl.org/2003/arcrole/concept-label" xlink:from="gl-muc_taxTriangulationExchangeRateType_467f7824b0456b978d65a1753380cfc6" xlink:to="lbl_muc-43-en_467f7824b0456b978d65a1753380cfc6"/>
    <link:label xlink:type="resource" xlink:label="lbl_muc-43-en_467f7824b0456b978d65a1753380cfc6" xlink:role="http://www.xbrl.org/2003/role/label" xml:lang="en">Tax Triangulation Currency Exchange Rate Type</link:label>
    <link:label xlink:type="resource" xlink:label="lbl_muc-43-en_467f7824b0456b978d65a1753380cfc6" xlink:role="http://www.xbrl.org/2003/role/documentation" xml:lang="en">If the tax is in a foreign currency and triangulation is used, type of exchange rate - for example, spot rate, forward contract etc.</link:label>
    <!-- muc-44 gl-muc:taxForeignTriangulationExchangeRate -->
    <link:loc xlink:type="locator" xlink:href="gl-muc-2020-12-31.xsd#gl-muc_taxForeignTriangulationExchangeRate" xlink:label="gl-muc_taxForeignTriangulationExchangeRate_467f7824b0456b978d65a1753380cfc6"/>
    <link:labelArc xlink:type="arc" xlink:arcrole="http://www.xbrl.org/2003/arcrole/concept-label" xlink:from="gl-muc_taxForeignTriangulationExchangeRate_467f7824b0456b978d65a1753380cfc6" xlink:to="lbl_muc-44-en_467f7824b0456b978d65a1753380cfc6"/>
    <link:label xlink:type="resource" xlink:label="lbl_muc-44-en_467f7824b0456b978d65a1753380cfc6" xlink:role="http://www.xbrl.org/2003/role/label" xml:lang="en">Tax Foreign to Triangulation Currency Exchange Rate</link:label>
    <link:label xlink:type="resource" xlink:label="lbl_muc-44-en_467f7824b0456b978d65a1753380cfc6" xlink:role="http://www.xbrl.org/2003/role/documentation" xml:lang="en">If the tax is in a foreign currency and triangulation is used, the exchange rate used expressed as foreign currency divided by triangulation currency</link:label>
    <!-- muc-45 gl-muc:taxForeignTriangulationExchangeRateSource -->
    <link:loc xlink:type="locator" xlink:href="gl-muc-2020-12-31.xsd#gl-muc_taxForeignTriangulationExchangeRateSource" xlink:label="gl-muc_taxForeignTriangulationExchangeRateSource_467f7824b0456b978d65a1753380cfc6"/>
    <link:labelArc xlink:type="arc" xlink:arcrole="http://www.xbrl.org/2003/arcrole/concept-label" xlink:from="gl-muc_taxForeignTriangulationExchangeRateSource_467f7824b0456b978d65a1753380cfc6" xlink:to="lbl_muc-45-en_467f7824b0456b978d65a1753380cfc6"/>
    <link:label xlink:type="resource" xlink:label="lbl_muc-45-en_467f7824b0456b978d65a1753380cfc6" xlink:role="http://www.xbrl.org/2003/role/label" xml:lang="en">Tax Foreign to Triangulation Currency Exchange Rate Source</link:label>
    <link:label xlink:type="resource" xlink:label="lbl_muc-45-en_467f7824b0456b978d65a1753380cfc6" xlink:role="http://www.xbrl.org/2003/role/documentation" xml:lang="en">If the tax is in a foreign currency and triangulation is used, source of exchange rate - for example, Reuters, Bloomberg</link:label>
    <!-- muc-46 gl-muc:taxForeignTriangulationExchangeRateType -->
    <link:loc xlink:type="locator" xlink:href="gl-muc-2020-12-31.xsd#gl-muc_taxForeignTriangulationExchangeRateType" xlink:label="gl-muc_taxForeignTriangulationExchangeRateType_467f7824b0456b978d65a1753380cfc6"/>
    <link:labelArc xlink:type="arc" xlink:arcrole="http://www.xbrl.org/2003/arcrole/concept-label" xlink:from="gl-muc_taxForeignTriangulationExchangeRateType_467f7824b0456b978d65a1753380cfc6" xlink:to="lbl_muc-46-en_467f7824b0456b978d65a1753380cfc6"/>
    <link:label xlink:type="resource" xlink:label="lbl_muc-46-en_467f7824b0456b978d65a1753380cfc6" xlink:role="http://www.xbrl.org/2003/role/label" xml:lang="en">Tax Foreign to Triangulation Currency Exchange Rate Type</link:label>
    <link:label xlink:type="resource" xlink:label="lbl_muc-46-en_467f7824b0456b978d65a1753380cfc6" xlink:role="http://www.xbrl.org/2003/role/documentation" xml:lang="en">If the tax is in a foreign currency and triangulation is used, type of exchange rate - for example, spot rate, forward contract etc.</link:label>
 </link:labelLink>
</link:linkbase>