<?xml version="1.0" encoding="UTF-8"?>
<!-- (c) XBRL Japan -->
<linkbase xmlns="http://www.xbrl.org/2003/linkbase" xmlns:xlink="http://www.w3.org/1999/xlink" xmlns:xsi="http://www.w3.org/2001/XMLSchema-instance" xsi:schemaLocation="http://www.xbrl.org/2003/linkbase http://www.xbrl.org/2003/xbrl-linkbase-2003-12-31.xsd">
  <presentationLink xlink:type="extended" xlink:role="http://www.xbrl.org/2003/role/link">
    <!-- defaultCurrency -->
    <loc xlink:type="locator" xlink:href="../cor/gl-cor-2020-12-31.xsd#gl-cor_documentInfo" xlink:label="gl-cor_documentInfo" xlink:title="presentation parent: documentInfo"/>
    <loc xlink:type="locator" xlink:href="gl-muc-2020-12-31.xsd#gl-muc_defaultCurrency" xlink:label="gl-muc_defaultCurrency" xlink:title="presentation child: defaultCurrency"/>
    <presentationArc xlink:type="arc" xlink:arcrole="http://www.xbrl.org/2003/arcrole/parent-child" xlink:from="gl-cor_documentInfo" xlink:to="gl-muc_defaultCurrency" xlink:title="presentation: documentInfo to defaultCurrency" use="optional" order="18"/>
    <!-- amountCurrency -->
    <loc xlink:type="locator" xlink:href="../cor/gl-cor-2020-12-31.xsd#gl-cor_entryDetail" xlink:label="gl-cor_entryDetail" xlink:title="presentation parent: entryDetail"/>
    <loc xlink:type="locator" xlink:href="gl-muc-2020-12-31.xsd#gl-muc_amountCurrency" xlink:label="gl-muc_amountCurrency" xlink:title="presentation child: amountCurrency"/>
    <presentationArc xlink:type="arc" xlink:arcrole="http://www.xbrl.org/2003/arcrole/parent-child" xlink:from="gl-cor_entryDetail" xlink:to="gl-muc_amountCurrency" xlink:title="presentation: entryDetail to amountCurrency" use="optional" order="416"/>
    <!-- amountOriginalExchangeRateDate -->
    <loc xlink:type="locator" xlink:href="gl-muc-2020-12-31.xsd#gl-muc_amountOriginalExchangeRateDate" xlink:label="gl-muc_amountOriginalExchangeRateDate" xlink:title="presentation child: amountOriginalExchangeRateDate"/>
    <presentationArc xlink:type="arc" xlink:arcrole="http://www.xbrl.org/2003/arcrole/parent-child" xlink:from="gl-cor_entryDetail" xlink:to="gl-muc_amountOriginalExchangeRateDate" xlink:title="presentation: entryDetail to amountOriginalExchangeRateDate" use="optional" order="417"/>
    <!-- amountOriginalAmount -->
    <loc xlink:type="locator" xlink:href="gl-muc-2020-12-31.xsd#gl-muc_amountOriginalAmount" xlink:label="gl-muc_amountOriginalAmount" xlink:title="presentation child: amountOriginalAmount"/>
    <presentationArc xlink:type="arc" xlink:arcrole="http://www.xbrl.org/2003/arcrole/parent-child" xlink:from="gl-cor_entryDetail" xlink:to="gl-muc_amountOriginalAmount" xlink:title="presentation: entryDetail to amountOriginalAmount" use="optional" order="418"/>
    <!-- amountOriginalCurrency -->
    <loc xlink:type="locator" xlink:href="gl-muc-2020-12-31.xsd#gl-muc_amountOriginalCurrency" xlink:label="gl-muc_amountOriginalCurrency" xlink:title="presentation child: amountOriginalCurrency"/>
    <presentationArc xlink:type="arc" xlink:arcrole="http://www.xbrl.org/2003/arcrole/parent-child" xlink:from="gl-cor_entryDetail" xlink:to="gl-muc_amountOriginalCurrency" xlink:title="presentation: entryDetail to amountOriginalCurrency" use="optional" order="419"/>
    <!-- amountOriginalExchangeRate -->
    <loc xlink:type="locator" xlink:href="gl-muc-2020-12-31.xsd#gl-muc_amountOriginalExchangeRate" xlink:label="gl-muc_amountOriginalExchangeRate" xlink:title="presentation child: amountOriginalExchangeRate"/>
    <presentationArc xlink:type="arc" xlink:arcrole="http://www.xbrl.org/2003/arcrole/parent-child" xlink:from="gl-cor_entryDetail" xlink:to="gl-muc_amountOriginalExchangeRate" xlink:title="presentation: entryDetail to amountOriginalExchangeRate" use="optional" order="420"/>
    <!-- amountOriginalExchangeRateSource -->
    <loc xlink:type="locator" xlink:href="gl-muc-2020-12-31.xsd#gl-muc_amountOriginalExchangeRateSource" xlink:label="gl-muc_amountOriginalExchangeRateSource" xlink:title="presentation child: amountOriginalExchangeRateSource"/>
    <presentationArc xlink:type="arc" xlink:arcrole="http://www.xbrl.org/2003/arcrole/parent-child" xlink:from="gl-cor_entryDetail" xlink:to="gl-muc_amountOriginalExchangeRateSource" xlink:title="presentation: entryDetail to amountOriginalExchangeRateSource" use="optional" order="421"/>
    <!-- amountOriginalExchangeRateComment -->
    <loc xlink:type="locator" xlink:href="gl-muc-2020-12-31.xsd#gl-muc_amountOriginalExchangeRateComment" xlink:label="gl-muc_amountOriginalExchangeRateComment" xlink:title="presentation child: amountOriginalExchangeRateComment"/>
    <presentationArc xlink:type="arc" xlink:arcrole="http://www.xbrl.org/2003/arcrole/parent-child" xlink:from="gl-cor_entryDetail" xlink:to="gl-muc_amountOriginalExchangeRateComment" xlink:title="presentation: entryDetail to amountOriginalExchangeRateComment" use="optional" order="422"/>
    <!-- amountOriginalTriangulationAmount -->
    <loc xlink:type="locator" xlink:href="gl-muc-2020-12-31.xsd#gl-muc_amountOriginalTriangulationAmount" xlink:label="gl-muc_amountOriginalTriangulationAmount" xlink:title="presentation child: amountOriginalTriangulationAmount"/>
    <presentationArc xlink:type="arc" xlink:arcrole="http://www.xbrl.org/2003/arcrole/parent-child" xlink:from="gl-cor_entryDetail" xlink:to="gl-muc_amountOriginalTriangulationAmount" xlink:title="presentation: entryDetail to amountOriginalTriangulationAmount" use="optional" order="423"/>
    <!-- amountOriginalTriangulationCurrency -->
    <loc xlink:type="locator" xlink:href="gl-muc-2020-12-31.xsd#gl-muc_amountOriginalTriangulationCurrency" xlink:label="gl-muc_amountOriginalTriangulationCurrency" xlink:title="presentation child: amountOriginalTriangulationCurrency"/>
    <presentationArc xlink:type="arc" xlink:arcrole="http://www.xbrl.org/2003/arcrole/parent-child" xlink:from="gl-cor_entryDetail" xlink:to="gl-muc_amountOriginalTriangulationCurrency" xlink:title="presentation: entryDetail to amountOriginalTriangulationCurrency" use="optional" order="424"/>
    <!-- amountOriginalTriangulationExchangeRate -->
    <loc xlink:type="locator" xlink:href="gl-muc-2020-12-31.xsd#gl-muc_amountOriginalTriangulationExchangeRate" xlink:label="gl-muc_amountOriginalTriangulationExchangeRate" xlink:title="presentation child: amountOriginalTriangulationExchangeRate"/>
    <presentationArc xlink:type="arc" xlink:arcrole="http://www.xbrl.org/2003/arcrole/parent-child" xlink:from="gl-cor_entryDetail" xlink:to="gl-muc_amountOriginalTriangulationExchangeRate" xlink:title="presentation: entryDetail to amountOriginalTriangulationExchangeRate" use="optional" order="425"/>
    <!-- amountOriginalTriangulationExchangeRateSource -->
    <loc xlink:type="locator" xlink:href="gl-muc-2020-12-31.xsd#gl-muc_amountOriginalTriangulationExchangeRateSource" xlink:label="gl-muc_amountOriginalTriangulationExchangeRateSource" xlink:title="presentation child: amountOriginalTriangulationExchangeRateSource"/>
    <presentationArc xlink:type="arc" xlink:arcrole="http://www.xbrl.org/2003/arcrole/parent-child" xlink:from="gl-cor_entryDetail" xlink:to="gl-muc_amountOriginalTriangulationExchangeRateSource" xlink:title="presentation: entryDetail to amountOriginalTriangulationExchangeRateSource" use="optional" order="426"/>
    <!-- amountOriginalTriangulationExchangeRateType -->
    <loc xlink:type="locator" xlink:href="gl-muc-2020-12-31.xsd#gl-muc_amountOriginalTriangulationExchangeRateType" xlink:label="gl-muc_amountOriginalTriangulationExchangeRateType" xlink:title="presentation child: amountOriginalTriangulationExchangeRateType"/>
    <presentationArc xlink:type="arc" xlink:arcrole="http://www.xbrl.org/2003/arcrole/parent-child" xlink:from="gl-cor_entryDetail" xlink:to="gl-muc_amountOriginalTriangulationExchangeRateType" xlink:title="presentation: entryDetail to amountOriginalTriangulationExchangeRateType" use="optional" order="427"/>
    <!-- originalTriangulationExchangeRate -->
    <loc xlink:type="locator" xlink:href="gl-muc-2020-12-31.xsd#gl-muc_originalTriangulationExchangeRate" xlink:label="gl-muc_originalTriangulationExchangeRate" xlink:title="presentation child: originalTriangulationExchangeRate"/>
    <presentationArc xlink:type="arc" xlink:arcrole="http://www.xbrl.org/2003/arcrole/parent-child" xlink:from="gl-cor_entryDetail" xlink:to="gl-muc_originalTriangulationExchangeRate" xlink:title="presentation: entryDetail to originalTriangulationExchangeRate" use="optional" order="428"/>
    <!-- originalExchangeRateTriangulationSource -->
    <loc xlink:type="locator" xlink:href="gl-muc-2020-12-31.xsd#gl-muc_originalExchangeRateTriangulationSource" xlink:label="gl-muc_originalExchangeRateTriangulationSource" xlink:title="presentation child: originalExchangeRateTriangulationSource"/>
    <presentationArc xlink:type="arc" xlink:arcrole="http://www.xbrl.org/2003/arcrole/parent-child" xlink:from="gl-cor_entryDetail" xlink:to="gl-muc_originalExchangeRateTriangulationSource" xlink:title="presentation: entryDetail to originalExchangeRateTriangulationSource" use="optional" order="429"/>
    <!-- originalExchangeRateTriangulationType -->
    <loc xlink:type="locator" xlink:href="gl-muc-2020-12-31.xsd#gl-muc_originalExchangeRateTriangulationType" xlink:label="gl-muc_originalExchangeRateTriangulationType" xlink:title="presentation child: originalExchangeRateTriangulationType"/>
    <presentationArc xlink:type="arc" xlink:arcrole="http://www.xbrl.org/2003/arcrole/parent-child" xlink:from="gl-cor_entryDetail" xlink:to="gl-muc_originalExchangeRateTriangulationType" xlink:title="presentation: entryDetail to originalExchangeRateTriangulationType" use="optional" order="430"/>
    <!-- multicurrencyDetail -->
    <loc xlink:type="locator" xlink:href="gl-muc-2020-12-31.xsd#gl-muc_multicurrencyDetail" xlink:label="gl-muc_multicurrencyDetail" xlink:title="presentation child: multicurrencyDetail"/>
    <presentationArc xlink:type="arc" xlink:arcrole="http://www.xbrl.org/2003/arcrole/parent-child" xlink:from="gl-cor_entryDetail" xlink:to="gl-muc_multicurrencyDetail" xlink:title="presentation: entryDetail to multicurrencyDetail" use="optional" order="464"/>
    <!-- multicurrencyDetailExchangeRateDate -->
    <loc xlink:type="locator" xlink:href="gl-muc-2020-12-31.xsd#gl-muc_multicurrencyDetail" xlink:label="gl-muc_multicurrencyDetail" xlink:title="presentation parent: multicurrencyDetail"/>
    <loc xlink:type="locator" xlink:href="gl-muc-2020-12-31.xsd#gl-muc_multicurrencyDetailExchangeRateDate" xlink:label="gl-muc_multicurrencyDetailExchangeRateDate" xlink:title="presentation child: multicurrencyDetailExchangeRateDate"/>
    <presentationArc xlink:type="arc" xlink:arcrole="http://www.xbrl.org/2003/arcrole/parent-child" xlink:from="gl-muc_multicurrencyDetail" xlink:to="gl-muc_multicurrencyDetailExchangeRateDate" xlink:title="presentation: multicurrencyDetail to multicurrencyDetailExchangeRateDate" use="optional" order="465"/>
    <!-- amountRestatedAmount -->
    <loc xlink:type="locator" xlink:href="gl-muc-2020-12-31.xsd#gl-muc_amountRestatedAmount" xlink:label="gl-muc_amountRestatedAmount" xlink:title="presentation child: amountRestatedAmount"/>
    <presentationArc xlink:type="arc" xlink:arcrole="http://www.xbrl.org/2003/arcrole/parent-child" xlink:from="gl-muc_multicurrencyDetail" xlink:to="gl-muc_amountRestatedAmount" xlink:title="presentation: multicurrencyDetail to amountRestatedAmount" use="optional" order="466"/>
    <!-- amountRestatedCurrency -->
    <loc xlink:type="locator" xlink:href="gl-muc-2020-12-31.xsd#gl-muc_amountRestatedCurrency" xlink:label="gl-muc_amountRestatedCurrency" xlink:title="presentation child: amountRestatedCurrency"/>
    <presentationArc xlink:type="arc" xlink:arcrole="http://www.xbrl.org/2003/arcrole/parent-child" xlink:from="gl-muc_multicurrencyDetail" xlink:to="gl-muc_amountRestatedCurrency" xlink:title="presentation: multicurrencyDetail to amountRestatedCurrency" use="optional" order="467"/>
    <!-- amountRestatedExchangeRate -->
    <loc xlink:type="locator" xlink:href="gl-muc-2020-12-31.xsd#gl-muc_amountRestatedExchangeRate" xlink:label="gl-muc_amountRestatedExchangeRate" xlink:title="presentation child: amountRestatedExchangeRate"/>
    <presentationArc xlink:type="arc" xlink:arcrole="http://www.xbrl.org/2003/arcrole/parent-child" xlink:from="gl-muc_multicurrencyDetail" xlink:to="gl-muc_amountRestatedExchangeRate" xlink:title="presentation: multicurrencyDetail to amountRestatedExchangeRate" use="optional" order="468"/>
    <!-- amountRestatedExchangeRateSource -->
    <loc xlink:type="locator" xlink:href="gl-muc-2020-12-31.xsd#gl-muc_amountRestatedExchangeRateSource" xlink:label="gl-muc_amountRestatedExchangeRateSource" xlink:title="presentation child: amountRestatedExchangeRateSource"/>
    <presentationArc xlink:type="arc" xlink:arcrole="http://www.xbrl.org/2003/arcrole/parent-child" xlink:from="gl-muc_multicurrencyDetail" xlink:to="gl-muc_amountRestatedExchangeRateSource" xlink:title="presentation: multicurrencyDetail to amountRestatedExchangeRateSource" use="optional" order="469"/>
    <!-- amountRestatedExchangeRateType -->
    <loc xlink:type="locator" xlink:href="gl-muc-2020-12-31.xsd#gl-muc_amountRestatedExchangeRateType" xlink:label="gl-muc_amountRestatedExchangeRateType" xlink:title="presentation child: amountRestatedExchangeRateType"/>
    <presentationArc xlink:type="arc" xlink:arcrole="http://www.xbrl.org/2003/arcrole/parent-child" xlink:from="gl-muc_multicurrencyDetail" xlink:to="gl-muc_amountRestatedExchangeRateType" xlink:title="presentation: multicurrencyDetail to amountRestatedExchangeRateType" use="optional" order="470"/>
    <!-- amountTriangulationAmount -->
    <loc xlink:type="locator" xlink:href="gl-muc-2020-12-31.xsd#gl-muc_amountTriangulationAmount" xlink:label="gl-muc_amountTriangulationAmount" xlink:title="presentation child: amountTriangulationAmount"/>
    <presentationArc xlink:type="arc" xlink:arcrole="http://www.xbrl.org/2003/arcrole/parent-child" xlink:from="gl-muc_multicurrencyDetail" xlink:to="gl-muc_amountTriangulationAmount" xlink:title="presentation: multicurrencyDetail to amountTriangulationAmount" use="optional" order="471"/>
    <!-- amountTriangulationCurrency -->
    <loc xlink:type="locator" xlink:href="gl-muc-2020-12-31.xsd#gl-muc_amountTriangulationCurrency" xlink:label="gl-muc_amountTriangulationCurrency" xlink:title="presentation child: amountTriangulationCurrency"/>
    <presentationArc xlink:type="arc" xlink:arcrole="http://www.xbrl.org/2003/arcrole/parent-child" xlink:from="gl-muc_multicurrencyDetail" xlink:to="gl-muc_amountTriangulationCurrency" xlink:title="presentation: multicurrencyDetail to amountTriangulationCurrency" use="optional" order="472"/>
    <!-- amountTriangulationExchangeRate -->
    <loc xlink:type="locator" xlink:href="gl-muc-2020-12-31.xsd#gl-muc_amountTriangulationExchangeRate" xlink:label="gl-muc_amountTriangulationExchangeRate" xlink:title="presentation child: amountTriangulationExchangeRate"/>
    <presentationArc xlink:type="arc" xlink:arcrole="http://www.xbrl.org/2003/arcrole/parent-child" xlink:from="gl-muc_multicurrencyDetail" xlink:to="gl-muc_amountTriangulationExchangeRate" xlink:title="presentation: multicurrencyDetail to amountTriangulationExchangeRate" use="optional" order="473"/>
    <!-- amountTriangulationExchangeRateSource -->
    <loc xlink:type="locator" xlink:href="gl-muc-2020-12-31.xsd#gl-muc_amountTriangulationExchangeRateSource" xlink:label="gl-muc_amountTriangulationExchangeRateSource" xlink:title="presentation child: amountTriangulationExchangeRateSource"/>
    <presentationArc xlink:type="arc" xlink:arcrole="http://www.xbrl.org/2003/arcrole/parent-child" xlink:from="gl-muc_multicurrencyDetail" xlink:to="gl-muc_amountTriangulationExchangeRateSource" xlink:title="presentation: multicurrencyDetail to amountTriangulationExchangeRateSource" use="optional" order="474"/>
    <!-- amountTriangulationExchangeRateType -->
    <loc xlink:type="locator" xlink:href="gl-muc-2020-12-31.xsd#gl-muc_amountTriangulationExchangeRateType" xlink:label="gl-muc_amountTriangulationExchangeRateType" xlink:title="presentation child: amountTriangulationExchangeRateType"/>
    <presentationArc xlink:type="arc" xlink:arcrole="http://www.xbrl.org/2003/arcrole/parent-child" xlink:from="gl-muc_multicurrencyDetail" xlink:to="gl-muc_amountTriangulationExchangeRateType" xlink:title="presentation: multicurrencyDetail to amountTriangulationExchangeRateType" use="optional" order="475"/>
    <!-- restatedTriangulationExchangeRate -->
    <loc xlink:type="locator" xlink:href="gl-muc-2020-12-31.xsd#gl-muc_restatedTriangulationExchangeRate" xlink:label="gl-muc_restatedTriangulationExchangeRate" xlink:title="presentation child: restatedTriangulationExchangeRate"/>
    <presentationArc xlink:type="arc" xlink:arcrole="http://www.xbrl.org/2003/arcrole/parent-child" xlink:from="gl-muc_multicurrencyDetail" xlink:to="gl-muc_restatedTriangulationExchangeRate" xlink:title="presentation: multicurrencyDetail to restatedTriangulationExchangeRate" use="optional" order="476"/>
    <!-- restatedExchangeRateTriangulationSource -->
    <loc xlink:type="locator" xlink:href="gl-muc-2020-12-31.xsd#gl-muc_restatedExchangeRateTriangulationSource" xlink:label="gl-muc_restatedExchangeRateTriangulationSource" xlink:title="presentation child: restatedExchangeRateTriangulationSource"/>
    <presentationArc xlink:type="arc" xlink:arcrole="http://www.xbrl.org/2003/arcrole/parent-child" xlink:from="gl-muc_multicurrencyDetail" xlink:to="gl-muc_restatedExchangeRateTriangulationSource" xlink:title="presentation: multicurrencyDetail to restatedExchangeRateTriangulationSource" use="optional" order="477"/>
    <!-- restatedExchangeRateTriangulationType -->
    <loc xlink:type="locator" xlink:href="gl-muc-2020-12-31.xsd#gl-muc_restatedExchangeRateTriangulationType" xlink:label="gl-muc_restatedExchangeRateTriangulationType" xlink:title="presentation child: restatedExchangeRateTriangulationType"/>
    <presentationArc xlink:type="arc" xlink:arcrole="http://www.xbrl.org/2003/arcrole/parent-child" xlink:from="gl-muc_multicurrencyDetail" xlink:to="gl-muc_restatedExchangeRateTriangulationType" xlink:title="presentation: multicurrencyDetail to restatedExchangeRateTriangulationType" use="optional" order="478"/>
    <!-- multicurrencyDetailComment -->
    <loc xlink:type="locator" xlink:href="gl-muc-2020-12-31.xsd#gl-muc_multicurrencyDetailComment" xlink:label="gl-muc_multicurrencyDetailComment" xlink:title="presentation child: multicurrencyDetailComment"/>
    <presentationArc xlink:type="arc" xlink:arcrole="http://www.xbrl.org/2003/arcrole/parent-child" xlink:from="gl-muc_multicurrencyDetail" xlink:to="gl-muc_multicurrencyDetailComment" xlink:title="presentation: multicurrencyDetail to multicurrencyDetailComment" use="optional" order="479"/>
    <!-- taxAmountForeignCurrency -->
    <loc xlink:type="locator" xlink:href="../cor/gl-cor-2020-12-31.xsd#gl-cor_taxes" xlink:label="gl-cor_taxes" xlink:title="presentation parent: taxes"/>
    <loc xlink:type="locator" xlink:href="gl-muc-2020-12-31.xsd#gl-muc_taxAmountForeignCurrency" xlink:label="gl-muc_taxAmountForeignCurrency" xlink:title="presentation child: taxAmountForeignCurrency"/>
    <presentationArc xlink:type="arc" xlink:arcrole="http://www.xbrl.org/2003/arcrole/parent-child" xlink:from="gl-cor_taxes" xlink:to="gl-muc_taxAmountForeignCurrency" xlink:title="presentation: taxes to taxAmountForeignCurrency" use="optional" order="631"/>
    <!-- taxCurrency -->
    <loc xlink:type="locator" xlink:href="gl-muc-2020-12-31.xsd#gl-muc_taxCurrency" xlink:label="gl-muc_taxCurrency" xlink:title="presentation child: taxCurrency"/>
    <presentationArc xlink:type="arc" xlink:arcrole="http://www.xbrl.org/2003/arcrole/parent-child" xlink:from="gl-cor_taxes" xlink:to="gl-muc_taxCurrency" xlink:title="presentation: taxes to taxCurrency" use="optional" order="632"/>
    <!-- taxExchangeRateDate -->
    <loc xlink:type="locator" xlink:href="gl-muc-2020-12-31.xsd#gl-muc_taxExchangeRateDate" xlink:label="gl-muc_taxExchangeRateDate" xlink:title="presentation child: taxExchangeRateDate"/>
    <presentationArc xlink:type="arc" xlink:arcrole="http://www.xbrl.org/2003/arcrole/parent-child" xlink:from="gl-cor_taxes" xlink:to="gl-muc_taxExchangeRateDate" xlink:title="presentation: taxes to taxExchangeRateDate" use="optional" order="633"/>
    <!-- taxExchangeRate -->
    <loc xlink:type="locator" xlink:href="gl-muc-2020-12-31.xsd#gl-muc_taxExchangeRate" xlink:label="gl-muc_taxExchangeRate" xlink:title="presentation child: taxExchangeRate"/>
    <presentationArc xlink:type="arc" xlink:arcrole="http://www.xbrl.org/2003/arcrole/parent-child" xlink:from="gl-cor_taxes" xlink:to="gl-muc_taxExchangeRate" xlink:title="presentation: taxes to taxExchangeRate" use="optional" order="634"/>
    <!-- taxExchangeRateSource -->
    <loc xlink:type="locator" xlink:href="gl-muc-2020-12-31.xsd#gl-muc_taxExchangeRateSource" xlink:label="gl-muc_taxExchangeRateSource" xlink:title="presentation child: taxExchangeRateSource"/>
    <presentationArc xlink:type="arc" xlink:arcrole="http://www.xbrl.org/2003/arcrole/parent-child" xlink:from="gl-cor_taxes" xlink:to="gl-muc_taxExchangeRateSource" xlink:title="presentation: taxes to taxExchangeRateSource" use="optional" order="635"/>
    <!-- taxExchangeRateType -->
    <loc xlink:type="locator" xlink:href="gl-muc-2020-12-31.xsd#gl-muc_taxExchangeRateType" xlink:label="gl-muc_taxExchangeRateType" xlink:title="presentation child: taxExchangeRateType"/>
    <presentationArc xlink:type="arc" xlink:arcrole="http://www.xbrl.org/2003/arcrole/parent-child" xlink:from="gl-cor_taxes" xlink:to="gl-muc_taxExchangeRateType" xlink:title="presentation: taxes to taxExchangeRateType" use="optional" order="636"/>
    <!-- taxExchangeRateComment -->
    <loc xlink:type="locator" xlink:href="gl-muc-2020-12-31.xsd#gl-muc_taxExchangeRateComment" xlink:label="gl-muc_taxExchangeRateComment" xlink:title="presentation child: taxExchangeRateComment"/>
    <presentationArc xlink:type="arc" xlink:arcrole="http://www.xbrl.org/2003/arcrole/parent-child" xlink:from="gl-cor_taxes" xlink:to="gl-muc_taxExchangeRateComment" xlink:title="presentation: taxes to taxExchangeRateComment" use="optional" order="637"/>
    <!-- taxAmountTriangulationCurrency -->
    <loc xlink:type="locator" xlink:href="gl-muc-2020-12-31.xsd#gl-muc_taxAmountTriangulationCurrency" xlink:label="gl-muc_taxAmountTriangulationCurrency" xlink:title="presentation child: taxAmountTriangulationCurrency"/>
    <presentationArc xlink:type="arc" xlink:arcrole="http://www.xbrl.org/2003/arcrole/parent-child" xlink:from="gl-cor_taxes" xlink:to="gl-muc_taxAmountTriangulationCurrency" xlink:title="presentation: taxes to taxAmountTriangulationCurrency" use="optional" order="638"/>
    <!-- taxTriangulationCurrency -->
    <loc xlink:type="locator" xlink:href="gl-muc-2020-12-31.xsd#gl-muc_taxTriangulationCurrency" xlink:label="gl-muc_taxTriangulationCurrency" xlink:title="presentation child: taxTriangulationCurrency"/>
    <presentationArc xlink:type="arc" xlink:arcrole="http://www.xbrl.org/2003/arcrole/parent-child" xlink:from="gl-cor_taxes" xlink:to="gl-muc_taxTriangulationCurrency" xlink:title="presentation: taxes to taxTriangulationCurrency" use="optional" order="639"/>
    <!-- taxTriangulationExchangeRate -->
    <loc xlink:type="locator" xlink:href="gl-muc-2020-12-31.xsd#gl-muc_taxTriangulationExchangeRate" xlink:label="gl-muc_taxTriangulationExchangeRate" xlink:title="presentation child: taxTriangulationExchangeRate"/>
    <presentationArc xlink:type="arc" xlink:arcrole="http://www.xbrl.org/2003/arcrole/parent-child" xlink:from="gl-cor_taxes" xlink:to="gl-muc_taxTriangulationExchangeRate" xlink:title="presentation: taxes to taxTriangulationExchangeRate" use="optional" order="640"/>
    <!-- taxTriangulationExchangeRateSource -->
    <loc xlink:type="locator" xlink:href="gl-muc-2020-12-31.xsd#gl-muc_taxTriangulationExchangeRateSource" xlink:label="gl-muc_taxTriangulationExchangeRateSource" xlink:title="presentation child: taxTriangulationExchangeRateSource"/>
    <presentationArc xlink:type="arc" xlink:arcrole="http://www.xbrl.org/2003/arcrole/parent-child" xlink:from="gl-cor_taxes" xlink:to="gl-muc_taxTriangulationExchangeRateSource" xlink:title="presentation: taxes to taxTriangulationExchangeRateSource" use="optional" order="641"/>
    <!-- taxTriangulationExchangeRateType -->
    <loc xlink:type="locator" xlink:href="gl-muc-2020-12-31.xsd#gl-muc_taxTriangulationExchangeRateType" xlink:label="gl-muc_taxTriangulationExchangeRateType" xlink:title="presentation child: taxTriangulationExchangeRateType"/>
    <presentationArc xlink:type="arc" xlink:arcrole="http://www.xbrl.org/2003/arcrole/parent-child" xlink:from="gl-cor_taxes" xlink:to="gl-muc_taxTriangulationExchangeRateType" xlink:title="presentation: taxes to taxTriangulationExchangeRateType" use="optional" order="642"/>
    <!-- taxForeignTriangulationExchangeRate -->
    <loc xlink:type="locator" xlink:href="gl-muc-2020-12-31.xsd#gl-muc_taxForeignTriangulationExchangeRate" xlink:label="gl-muc_taxForeignTriangulationExchangeRate" xlink:title="presentation child: taxForeignTriangulationExchangeRate"/>
    <presentationArc xlink:type="arc" xlink:arcrole="http://www.xbrl.org/2003/arcrole/parent-child" xlink:from="gl-cor_taxes" xlink:to="gl-muc_taxForeignTriangulationExchangeRate" xlink:title="presentation: taxes to taxForeignTriangulationExchangeRate" use="optional" order="643"/>
    <!-- taxForeignTriangulationExchangeRateSource -->
    <loc xlink:type="locator" xlink:href="gl-muc-2020-12-31.xsd#gl-muc_taxForeignTriangulationExchangeRateSource" xlink:label="gl-muc_taxForeignTriangulationExchangeRateSource" xlink:title="presentation child: taxForeignTriangulationExchangeRateSource"/>
    <presentationArc xlink:type="arc" xlink:arcrole="http://www.xbrl.org/2003/arcrole/parent-child" xlink:from="gl-cor_taxes" xlink:to="gl-muc_taxForeignTriangulationExchangeRateSource" xlink:title="presentation: taxes to taxForeignTriangulationExchangeRateSource" use="optional" order="644"/>
    <!-- taxForeignTriangulationExchangeRateType -->
    <loc xlink:type="locator" xlink:href="gl-muc-2020-12-31.xsd#gl-muc_taxForeignTriangulationExchangeRateType" xlink:label="gl-muc_taxForeignTriangulationExchangeRateType" xlink:title="presentation child: taxForeignTriangulationExchangeRateType"/>
    <presentationArc xlink:type="arc" xlink:arcrole="http://www.xbrl.org/2003/arcrole/parent-child" xlink:from="gl-cor_taxes" xlink:to="gl-muc_taxForeignTriangulationExchangeRateType" xlink:title="presentation: taxes to taxForeignTriangulationExchangeRateType" use="optional" order="645"/>
  </presentationLink>
</linkbase>
