<?xml version="1.0" encoding="UTF-8"?>
<!-- (c) XBRL International.  See http://www.xbrl.org/legal -->
<linkbase xmlns="http://www.xbrl.org/2003/linkbase" xmlns:xlink="http://www.w3.org/1999/xlink" xmlns:xsi="http://www.w3.org/2001/XMLSchema-instance" xsi:schemaLocation="http://www.xbrl.org/2003/linkbase http://www.xbrl.org/2003/xbrl-linkbase-2003-12-31.xsd">
	<presentationLink xlink:type="extended" xlink:role="http://www.xbrl.org/2003/role/link">
	<loc xlink:type="locator" xlink:href="../cor/gl-cor-2020-12-31.xsd#gl-cor_entryDetail" xlink:label="entryDetail_1" xlink:title="entryDetail"/>
	<loc xlink:type="locator" xlink:href="gl-ehm-2020-12-31.xsd#gl-ehm_measurableClassID" xlink:label="gl-ehm_measurableClassID" xlink:title="measurableClassID"/>
	<presentationArc xlink:type="arc" xlink:arcrole="http://www.xbrl.org/2003/arcrole/parent-child" xlink:from="entryDetail_1" xlink:to="gl-ehm_measurableClassID" xlink:title="presentation: entryDetail to measurableClassID" order="204.0"/>
	<loc xlink:type="locator" xlink:href="gl-ehm-2020-12-31.xsd#gl-ehm_measurableClassDescription" xlink:label="gl-ehm_measurableClassDescription" xlink:title="measurableClassDescription"/>
	<presentationArc xlink:type="arc" xlink:arcrole="http://www.xbrl.org/2003/arcrole/parent-child" xlink:from="entryDetail_1" xlink:to="gl-ehm_measurableClassDescription" xlink:title="presentation: entryDetail to measurableClassDescription" order="205.0"/>
	<loc xlink:type="locator" xlink:href="gl-ehm-2020-12-31.xsd#gl-ehm_costingMethodCode" xlink:label="gl-ehm_costingMethodCode" xlink:title="costingMethodCode"/>
	<presentationArc xlink:type="arc" xlink:arcrole="http://www.xbrl.org/2003/arcrole/parent-child" xlink:from="entryDetail_1" xlink:to="gl-ehm_costingMethodCode" xlink:title="presentation: entryDetail to costingMethodCode" order="206.0"/>
	<loc xlink:type="locator" xlink:href="gl-ehm-2020-12-31.xsd#gl-ehm_costingMethodDescription" xlink:label="gl-ehm_costingMethodDescription" xlink:title="costingMethodDescription"/>
	<presentationArc xlink:type="arc" xlink:arcrole="http://www.xbrl.org/2003/arcrole/parent-child" xlink:from="entryDetail_1" xlink:to="gl-ehm_costingMethodDescription" xlink:title="presentation: entryDetail to costingMethodDescription" order="207.0"/>
	<loc xlink:type="locator" xlink:href="gl-ehm-2020-12-31.xsd#gl-ehm_geospatialCoordinate" xlink:label="gl-ehm_geospatialCoordinate" xlink:title="geospatialCoordinate"/>
	<presentationArc xlink:type="arc" xlink:arcrole="http://www.xbrl.org/2003/arcrole/parent-child" xlink:from="entryDetail_1" xlink:to="gl-ehm_geospatialCoordinate" xlink:title="presentation: entryDetail to geospatialCoordinate" order="208.0"/>
	<loc xlink:type="locator" xlink:href="gl-ehm-2020-12-31.xsd#gl-ehm_serialLot" xlink:label="gl-ehm_serialLot" xlink:title="presentation: serialLot to serialLotCode"/>
    <presentationArc xlink:type="arc" xlink:arcrole="http://www.xbrl.org/2003/arcrole/parent-child" xlink:from="entryDetail_1" xlink:to="gl-ehm_serialLot" xlink:title="presentation: entryDetail to serialLot" order="209.0"/>
    <loc xlink:type="locator" xlink:href="gl-ehm-2020-12-31.xsd#gl-ehm_serialLotCode" xlink:label="gl-ehm_serialLotCode" xlink:title="presentation: serialLot to serialLotCode"/>
    <presentationArc xlink:type="arc" xlink:arcrole="http://www.xbrl.org/2003/arcrole/parent-child" xlink:from="gl-ehm_serialLot" xlink:to="gl-ehm_serialLotCode" xlink:title="presentation: serialLot to serialLotCode" use="optional" order="10.0"/>
    <loc xlink:type="locator" xlink:href="gl-ehm-2020-12-31.xsd#gl-ehm_serialLotDescription" xlink:label="gl-ehm_serialLotDescription" xlink:title="presentation: serialLot to serialLotDescription"/>
    <presentationArc xlink:type="arc" xlink:arcrole="http://www.xbrl.org/2003/arcrole/parent-child" xlink:from="gl-ehm_serialLot" xlink:to="gl-ehm_serialLotDescription" xlink:title="presentation: serialLot to serialLotDescription" use="optional" order="11.0"/>
    <loc xlink:type="locator" xlink:href="gl-ehm-2020-12-31.xsd#gl-ehm_serialLotNumber" xlink:label="gl-ehm_serialLotNumber" xlink:title="presentation: serialLot to serialLotNumber"/>
    <presentationArc xlink:type="arc" xlink:arcrole="http://www.xbrl.org/2003/arcrole/parent-child" xlink:from="gl-ehm_serialLot" xlink:to="gl-ehm_serialLotNumber" xlink:title="presentation: serialLot to serialLotNumber" use="optional" order="20.0"/>
    <loc xlink:type="locator" xlink:href="gl-ehm-2020-12-31.xsd#gl-ehm_nextSerialLotNumber" xlink:label="gl-ehm_nextSerialLotNumber" xlink:title="presentation: serialLot to nextSerialLotNumber"/>
	<presentationArc xlink:type="arc" xlink:arcrole="http://www.xbrl.org/2003/arcrole/parent-child" xlink:from="gl-ehm_serialLot" xlink:to="gl-ehm_nextSerialLotNumber" xlink:title="presentation: serialLot to nextSerialLotNumber" use="optional" order="21.0"/>
	<loc xlink:type="locator" xlink:href="gl-ehm-2020-12-31.xsd#gl-ehm_serialLotQuantity" xlink:label="gl-ehm_serialLotQuantity" xlink:title="presentation: serialLot to serialLotQuantity"/>
	<presentationArc xlink:type="arc" xlink:arcrole="http://www.xbrl.org/2003/arcrole/parent-child" xlink:from="gl-ehm_serialLot" xlink:to="gl-ehm_serialLotQuantity" xlink:title="presentation: serialLot to serialLotQuantity" use="optional" order="30.0"/>
	<loc xlink:type="locator" xlink:href="gl-ehm-2020-12-31.xsd#gl-ehm_serialLotOriginalQuantity" xlink:label="gl-ehm_serialLotOriginalQuantity" xlink:title="presentation: serialLot to serialLotOriginalQuantity"/>
	<presentationArc xlink:type="arc" xlink:arcrole="http://www.xbrl.org/2003/arcrole/parent-child" xlink:from="gl-ehm_serialLot" xlink:to="gl-ehm_serialLotOriginalQuantity" xlink:title="presentation: serialLot to serialLotOriginalQuantity" use="optional" order="31.0"/>
	<loc xlink:type="locator" xlink:href="gl-ehm-2020-12-31.xsd#gl-ehm_serialLotRemainingQuantity" xlink:label="gl-ehm_serialLotRemainingQuantity" xlink:title="presentation: serialLot to serialLotRemainingQuantity"/>
	<presentationArc xlink:type="arc" xlink:arcrole="http://www.xbrl.org/2003/arcrole/parent-child" xlink:from="gl-ehm_serialLot" xlink:to="gl-ehm_serialLotRemainingQuantity" xlink:title="presentation: serialLot to serialLotRemainingQuantity" use="optional" order="32.0"/>
	<loc xlink:type="locator" xlink:href="gl-ehm-2020-12-31.xsd#gl-ehm_serialLotOrigination" xlink:label="gl-ehm_serialLotOrigination" xlink:title="presentation: serialLot to serialLotOrigination"/>
	<presentationArc xlink:type="arc" xlink:arcrole="http://www.xbrl.org/2003/arcrole/parent-child" xlink:from="gl-ehm_serialLot" xlink:to="gl-ehm_serialLotOrigination" xlink:title="presentation: serialLot to serialLotOrigination" use="optional" order="40.0"/>
	<loc xlink:type="locator" xlink:href="gl-ehm-2020-12-31.xsd#gl-ehm_serialLotExpiration" xlink:label="gl-ehm_serialLotExpiration" xlink:title="presentation: serialLot to serialLotExpiration"/>
	<presentationArc xlink:type="arc" xlink:arcrole="http://www.xbrl.org/2003/arcrole/parent-child" xlink:from="gl-ehm_serialLot" xlink:to="gl-ehm_serialLotExpiration" xlink:title="presentation: serialLot to serialLotExpiration" use="optional" order="41.0"/>
	<loc xlink:type="locator" xlink:href="gl-ehm-2020-12-31.xsd#gl-ehm_serialLotManufacturer" xlink:label="gl-ehm_serialLotManufacturer" xlink:title="presentation: serialLot to serialLotManufacturer"/>
	<presentationArc xlink:type="arc" xlink:arcrole="http://www.xbrl.org/2003/arcrole/parent-child" xlink:from="gl-ehm_serialLot" xlink:to="gl-ehm_serialLotManufacturer" xlink:title="presentation: serialLot to serialLotManufacturer" use="optional" order="50.0"/>
	<loc xlink:type="locator" xlink:href="gl-ehm-2020-12-31.xsd#gl-ehm_serialLotBatchDescription" xlink:label="gl-ehm_serialLotBatchDescription" xlink:title="presentation: serialLot to serialLotBatchDescription"/>
	<presentationArc xlink:type="arc" xlink:arcrole="http://www.xbrl.org/2003/arcrole/parent-child" xlink:from="gl-ehm_serialLot" xlink:to="gl-ehm_serialLotBatchDescription" xlink:title="presentation: serialLot to serialLotBatchDescription" use="optional" order="60.0"/>
	<loc xlink:type="locator" xlink:href="gl-ehm-2020-12-31.xsd#gl-ehm_serialLotWarrantyStartDate" xlink:label="gl-ehm_serialLotWarrantyStartDate" xlink:title="presentation: serialLot to serialLotWarrantyStartDate"/>
	<presentationArc xlink:type="arc" xlink:arcrole="http://www.xbrl.org/2003/arcrole/parent-child" xlink:from="gl-ehm_serialLot" xlink:to="gl-ehm_serialLotWarrantyStartDate" xlink:title="presentation: serialLot to serialLotWarrantyStartDate" use="optional" order="70.0"/>
	<loc xlink:type="locator" xlink:href="gl-ehm-2020-12-31.xsd#gl-ehm_serialLotWarrantyEndDate" xlink:label="gl-ehm_serialLotWarrantyEndDate" xlink:title="presentation: serialLot to serialLotWarrantyEndDate"/>
	<presentationArc xlink:type="arc" xlink:arcrole="http://www.xbrl.org/2003/arcrole/parent-child" xlink:from="gl-ehm_serialLot" xlink:to="gl-ehm_serialLotWarrantyEndDate" xlink:title="presentation: serialLot to serialLotWarrantyEndDate" use="optional" order="71.0"/>
	<loc xlink:type="locator" xlink:href="gl-ehm-2020-12-31.xsd#gl-ehm_serialLotWarrantyPeriod" xlink:label="gl-ehm_serialLotWarrantyPeriod" xlink:title="presentation: serialLot to serialLotWarrantyPeriod"/>
	<presentationArc xlink:type="arc" xlink:arcrole="http://www.xbrl.org/2003/arcrole/parent-child" xlink:from="gl-ehm_serialLot" xlink:to="gl-ehm_serialLotWarrantyPeriod" xlink:title="presentation: serialLot to serialLotWarrantyPeriod" use="optional" order="72.0"/>
	<loc xlink:type="locator" xlink:href="gl-ehm-2020-12-31.xsd#gl-ehm_serialLotWarrantyPeriodUnit" xlink:label="gl-ehm_serialLotWarrantyPeriodUnit" xlink:title="presentation: serialLot to serialLotWarrantyPeriodUnit"/>
	<presentationArc xlink:type="arc" xlink:arcrole="http://www.xbrl.org/2003/arcrole/parent-child" xlink:from="gl-ehm_serialLot" xlink:to="gl-ehm_serialLotWarrantyPeriodUnit" xlink:title="presentation: serialLot to serialLotWarrantyPeriodUnit" use="optional" order="73.0"/>
	<loc xlink:type="locator" xlink:href="gl-ehm-2020-12-31.xsd#gl-ehm_serialLotWarrantyVendor" xlink:label="gl-ehm_serialLotWarrantyVendor" xlink:title="presentation: serialLot to serialLotWarrantyVendor"/>
	<presentationArc xlink:type="arc" xlink:arcrole="http://www.xbrl.org/2003/arcrole/parent-child" xlink:from="gl-ehm_serialLot" xlink:to="gl-ehm_serialLotWarrantyVendor" xlink:title="presentation: serialLot to serialLotWarrantyVendor" use="optional" order="74.0"/>
	<loc xlink:type="locator" xlink:href="gl-ehm-2020-12-31.xsd#gl-ehm_serialLotWarrantyContract" xlink:label="gl-ehm_serialLotWarrantyContract" xlink:title="presentation: serialLot to serialLotWarrantyContract"/>
	<presentationArc xlink:type="arc" xlink:arcrole="http://www.xbrl.org/2003/arcrole/parent-child" xlink:from="gl-ehm_serialLot" xlink:to="gl-ehm_serialLotWarrantyContract" xlink:title="presentation: serialLot to serialLotWarrantyContract" use="optional" order="75.0"/>
	<loc xlink:type="locator" xlink:href="gl-ehm-2020-12-31.xsd#gl-ehm_serialLotComment" xlink:label="gl-ehm_serialLotComment" xlink:title="presentation: serialLot to serialLotComment"/>
	<presentationArc xlink:type="arc" xlink:arcrole="http://www.xbrl.org/2003/arcrole/parent-child" xlink:from="gl-ehm_serialLot" xlink:to="gl-ehm_serialLotComment" xlink:title="presentation: serialLot to serialLotComment" use="optional" order="80.0"/>
    </presentationLink>
</linkbase>
