<?xml version="1.0" encoding="UTF-8"?>
<link:linkbase xmlns:xsi="http://www.w3.org/2001/XMLSchema-instance"  xmlns:link="http://www.xbrl.org/2003/linkbase" xmlns:xlink="http://www.w3.org/1999/xlink"  xsi:schemaLocation="http://www.xbrl.org/2003/linkbase http://www.xbrl.org/2003/xbrl-linkbase-2003-12-31.xsd">  <link:labelLink xlink:type="extended" xlink:role="http://www.xbrl.org/2003/role/link">
    <!-- ehm-1 gl-ehm:measurableClassID -->
    <link:loc xlink:type="locator" xlink:href="gl-ehm-2020-12-31.xsd#gl-ehm_measurableClassID" xlink:label="gl-ehm_measurableClassID_6eacdd5d13a9bddfd1a4017f3631b33a"/>
    <link:labelArc xlink:type="arc" xlink:arcrole="http://www.xbrl.org/2003/arcrole/concept-label" xlink:from="gl-ehm_measurableClassID_6eacdd5d13a9bddfd1a4017f3631b33a" xlink:to="lbl_ehm-1-en_6eacdd5d13a9bddfd1a4017f3631b33a"/>
    <link:label xlink:type="resource" xlink:label="lbl_ehm-1-en_6eacdd5d13a9bddfd1a4017f3631b33a" xlink:role="http://www.xbrl.org/2003/role/label" xml:lang="en">Measurable Class ID</link:label>
    <link:label xlink:type="resource" xlink:label="lbl_ehm-1-en_6eacdd5d13a9bddfd1a4017f3631b33a" xlink:role="http://www.xbrl.org/2003/role/documentation" xml:lang="en">An enumerated code to identify the inventory, fixed asset or other measurable class. Enumerated as: raw material, work-in-process, finished goods, assemblies, supplies, land, building, machinery, furniture, vehicles, other.</link:label>
    <!-- ehm-2 gl-ehm:measurableClassDescription -->
    <link:loc xlink:type="locator" xlink:href="gl-ehm-2020-12-31.xsd#gl-ehm_measurableClassDescription" xlink:label="gl-ehm_measurableClassDescription_6eacdd5d13a9bddfd1a4017f3631b33a"/>
    <link:labelArc xlink:type="arc" xlink:arcrole="http://www.xbrl.org/2003/arcrole/concept-label" xlink:from="gl-ehm_measurableClassDescription_6eacdd5d13a9bddfd1a4017f3631b33a" xlink:to="lbl_ehm-2-en_6eacdd5d13a9bddfd1a4017f3631b33a"/>
    <link:label xlink:type="resource" xlink:label="lbl_ehm-2-en_6eacdd5d13a9bddfd1a4017f3631b33a" xlink:role="http://www.xbrl.org/2003/role/label" xml:lang="en">Measurable Class Description</link:label>
    <link:label xlink:type="resource" xlink:label="lbl_ehm-2-en_6eacdd5d13a9bddfd1a4017f3631b33a" xlink:role="http://www.xbrl.org/2003/role/documentation" xml:lang="en">Free format description associated with gl-ehm:measurableClassID to provide specialization or clarification for the enumerated value of other.</link:label>
    <!-- ehm-3 gl-ehm:costingMethodCode -->
    <link:loc xlink:type="locator" xlink:href="gl-ehm-2020-12-31.xsd#gl-ehm_costingMethodCode" xlink:label="gl-ehm_costingMethodCode_6eacdd5d13a9bddfd1a4017f3631b33a"/>
    <link:labelArc xlink:type="arc" xlink:arcrole="http://www.xbrl.org/2003/arcrole/concept-label" xlink:from="gl-ehm_costingMethodCode_6eacdd5d13a9bddfd1a4017f3631b33a" xlink:to="lbl_ehm-3-en_6eacdd5d13a9bddfd1a4017f3631b33a"/>
    <link:label xlink:type="resource" xlink:label="lbl_ehm-3-en_6eacdd5d13a9bddfd1a4017f3631b33a" xlink:role="http://www.xbrl.org/2003/role/label" xml:lang="en">Costing Method Code</link:label>
    <link:label xlink:type="resource" xlink:label="lbl_ehm-3-en_6eacdd5d13a9bddfd1a4017f3631b33a" xlink:role="http://www.xbrl.org/2003/role/documentation" xml:lang="en">An enumerated code for the inventory (or other measurable) costing method. Enumerated as: LIFO, FIFO, average, weighted-average, standard-cost, tax-basis, book-basis, other.</link:label>
    <!-- ehm-4 gl-ehm:costingMethodDescription -->
    <link:loc xlink:type="locator" xlink:href="gl-ehm-2020-12-31.xsd#gl-ehm_costingMethodDescription" xlink:label="gl-ehm_costingMethodDescription_6eacdd5d13a9bddfd1a4017f3631b33a"/>
    <link:labelArc xlink:type="arc" xlink:arcrole="http://www.xbrl.org/2003/arcrole/concept-label" xlink:from="gl-ehm_costingMethodDescription_6eacdd5d13a9bddfd1a4017f3631b33a" xlink:to="lbl_ehm-4-en_6eacdd5d13a9bddfd1a4017f3631b33a"/>
    <link:label xlink:type="resource" xlink:label="lbl_ehm-4-en_6eacdd5d13a9bddfd1a4017f3631b33a" xlink:role="http://www.xbrl.org/2003/role/label" xml:lang="en">Costing Method Description</link:label>
    <link:label xlink:type="resource" xlink:label="lbl_ehm-4-en_6eacdd5d13a9bddfd1a4017f3631b33a" xlink:role="http://www.xbrl.org/2003/role/documentation" xml:lang="en">Free format description associated with gl-ehm:costingMethodCode to provide specialization of clarification for the enumerated value of other.</link:label>
    <!-- ehm-5 gl-ehm:geospatialCoordinate -->
    <link:loc xlink:type="locator" xlink:href="gl-ehm-2020-12-31.xsd#gl-ehm_geospatialCoordinate" xlink:label="gl-ehm_geospatialCoordinate_6eacdd5d13a9bddfd1a4017f3631b33a"/>
    <link:labelArc xlink:type="arc" xlink:arcrole="http://www.xbrl.org/2003/arcrole/concept-label" xlink:from="gl-ehm_geospatialCoordinate_6eacdd5d13a9bddfd1a4017f3631b33a" xlink:to="lbl_ehm-5-en_6eacdd5d13a9bddfd1a4017f3631b33a"/>
    <link:label xlink:type="resource" xlink:label="lbl_ehm-5-en_6eacdd5d13a9bddfd1a4017f3631b33a" xlink:role="http://www.xbrl.org/2003/role/label" xml:lang="en">Geospatial Coordinate</link:label>
    <link:label xlink:type="resource" xlink:label="lbl_ehm-5-en_6eacdd5d13a9bddfd1a4017f3631b33a" xlink:role="http://www.xbrl.org/2003/role/documentation" xml:lang="en">Enter a relevant location for this item. Format can be either:\n- Degrees, minutes, and seconds (DMS): 41°24'12.2"N 2°10'26.5"E\n- Degrees and decimal minutes (DMM): 41 24.2028, 2 10.4418\n- Decimal degrees (DD): 41.40338, 2.17403</link:label>
    <!-- ehmG-1 gl-ehm:serialLot -->
    <link:loc xlink:type="locator" xlink:href="gl-ehm-2020-12-31.xsd#gl-ehm_serialLot" xlink:label="gl-ehm_serialLot_6eacdd5d13a9bddfd1a4017f3631b33a"/>
    <link:labelArc xlink:type="arc" xlink:arcrole="http://www.xbrl.org/2003/arcrole/concept-label" xlink:from="gl-ehm_serialLot_6eacdd5d13a9bddfd1a4017f3631b33a" xlink:to="lbl_ehmG-1-en_6eacdd5d13a9bddfd1a4017f3631b33a"/>
    <link:label xlink:type="resource" xlink:label="lbl_ehmG-1-en_6eacdd5d13a9bddfd1a4017f3631b33a" xlink:role="http://www.xbrl.org/2003/role/label" xml:lang="en">Serial Lot</link:label>
    <link:label xlink:type="resource" xlink:label="lbl_ehmG-1-en_6eacdd5d13a9bddfd1a4017f3631b33a" xlink:role="http://www.xbrl.org/2003/role/documentation" xml:lang="en">Tuple for holding information about serial numbers or lots (batches). As a tuple, this permits multiple serial numbers or multiple lot number batches within a single gl-cor:measurable structure.</link:label>
    <!-- ehm-6 gl-ehm:serialLotCode -->
    <link:loc xlink:type="locator" xlink:href="gl-ehm-2020-12-31.xsd#gl-ehm_serialLotCode" xlink:label="gl-ehm_serialLotCode_6eacdd5d13a9bddfd1a4017f3631b33a"/>
    <link:labelArc xlink:type="arc" xlink:arcrole="http://www.xbrl.org/2003/arcrole/concept-label" xlink:from="gl-ehm_serialLotCode_6eacdd5d13a9bddfd1a4017f3631b33a" xlink:to="lbl_ehm-6-en_6eacdd5d13a9bddfd1a4017f3631b33a"/>
    <link:label xlink:type="resource" xlink:label="lbl_ehm-6-en_6eacdd5d13a9bddfd1a4017f3631b33a" xlink:role="http://www.xbrl.org/2003/role/label" xml:lang="en">Serial Lot Code</link:label>
    <link:label xlink:type="resource" xlink:label="lbl_ehm-6-en_6eacdd5d13a9bddfd1a4017f3631b33a" xlink:role="http://www.xbrl.org/2003/role/documentation" xml:lang="en">Is this item tracked by serial numbers or lot numbers? A serial number is usually a unique number assigned to a single; a lot or batch number is provided when a batch of items is fungible but must be differentiated from similar items from other batches. Enumerated indicator for serial or lot items. Enumeration are: serial, lot, other, neither. If not included within the tuple, neither is assumed.</link:label>
    <!-- ehm-7 gl-ehm:serialLotDescription -->
    <link:loc xlink:type="locator" xlink:href="gl-ehm-2020-12-31.xsd#gl-ehm_serialLotDescription" xlink:label="gl-ehm_serialLotDescription_6eacdd5d13a9bddfd1a4017f3631b33a"/>
    <link:labelArc xlink:type="arc" xlink:arcrole="http://www.xbrl.org/2003/arcrole/concept-label" xlink:from="gl-ehm_serialLotDescription_6eacdd5d13a9bddfd1a4017f3631b33a" xlink:to="lbl_ehm-7-en_6eacdd5d13a9bddfd1a4017f3631b33a"/>
    <link:label xlink:type="resource" xlink:label="lbl_ehm-7-en_6eacdd5d13a9bddfd1a4017f3631b33a" xlink:role="http://www.xbrl.org/2003/role/label" xml:lang="en">Serial Lot Description</link:label>
    <link:label xlink:type="resource" xlink:label="lbl_ehm-7-en_6eacdd5d13a9bddfd1a4017f3631b33a" xlink:role="http://www.xbrl.org/2003/role/documentation" xml:lang="en">Free format description associated with gl-ehm:serialLotCode to provide specialization and especially to provide clarification for the enumerated value of other in serialLotCode. Examples might be “batch” or “group”.</link:label>
    <!-- ehm-8 gl-ehm:serialLotNumber -->
    <link:loc xlink:type="locator" xlink:href="gl-ehm-2020-12-31.xsd#gl-ehm_serialLotNumber" xlink:label="gl-ehm_serialLotNumber_6eacdd5d13a9bddfd1a4017f3631b33a"/>
    <link:labelArc xlink:type="arc" xlink:arcrole="http://www.xbrl.org/2003/arcrole/concept-label" xlink:from="gl-ehm_serialLotNumber_6eacdd5d13a9bddfd1a4017f3631b33a" xlink:to="lbl_ehm-8-en_6eacdd5d13a9bddfd1a4017f3631b33a"/>
    <link:label xlink:type="resource" xlink:label="lbl_ehm-8-en_6eacdd5d13a9bddfd1a4017f3631b33a" xlink:role="http://www.xbrl.org/2003/role/label" xml:lang="en">Serial Lot Number</link:label>
    <link:label xlink:type="resource" xlink:label="lbl_ehm-8-en_6eacdd5d13a9bddfd1a4017f3631b33a" xlink:role="http://www.xbrl.org/2003/role/documentation" xml:lang="en">The holder for that actual serial number or lot (batch) number/code assigned to an item or a batch of items.</link:label>
    <!-- ehm-9 gl-ehm:nextSerialLotNumber -->
    <link:loc xlink:type="locator" xlink:href="gl-ehm-2020-12-31.xsd#gl-ehm_nextSerialLotNumber" xlink:label="gl-ehm_nextSerialLotNumber_6eacdd5d13a9bddfd1a4017f3631b33a"/>
    <link:labelArc xlink:type="arc" xlink:arcrole="http://www.xbrl.org/2003/arcrole/concept-label" xlink:from="gl-ehm_nextSerialLotNumber_6eacdd5d13a9bddfd1a4017f3631b33a" xlink:to="lbl_ehm-9-en_6eacdd5d13a9bddfd1a4017f3631b33a"/>
    <link:label xlink:type="resource" xlink:label="lbl_ehm-9-en_6eacdd5d13a9bddfd1a4017f3631b33a" xlink:role="http://www.xbrl.org/2003/role/label" xml:lang="en">Next Serial Lot Number</link:label>
    <link:label xlink:type="resource" xlink:label="lbl_ehm-9-en_6eacdd5d13a9bddfd1a4017f3631b33a" xlink:role="http://www.xbrl.org/2003/role/documentation" xml:lang="en">A field for holding the next expected serial or lot number to be given to future assignments, or for chaining between already assigned items.</link:label>
    <!-- ehm-10 gl-ehm:serialLotQuantity -->
    <link:loc xlink:type="locator" xlink:href="gl-ehm-2020-12-31.xsd#gl-ehm_serialLotQuantity" xlink:label="gl-ehm_serialLotQuantity_6eacdd5d13a9bddfd1a4017f3631b33a"/>
    <link:labelArc xlink:type="arc" xlink:arcrole="http://www.xbrl.org/2003/arcrole/concept-label" xlink:from="gl-ehm_serialLotQuantity_6eacdd5d13a9bddfd1a4017f3631b33a" xlink:to="lbl_ehm-10-en_6eacdd5d13a9bddfd1a4017f3631b33a"/>
    <link:label xlink:type="resource" xlink:label="lbl_ehm-10-en_6eacdd5d13a9bddfd1a4017f3631b33a" xlink:role="http://www.xbrl.org/2003/role/label" xml:lang="en">Serial Lot Quantity</link:label>
    <link:label xlink:type="resource" xlink:label="lbl_ehm-10-en_6eacdd5d13a9bddfd1a4017f3631b33a" xlink:role="http://www.xbrl.org/2003/role/documentation" xml:lang="en">The quantity of units in this particular batch. Unit of measure is the gl-bus:measurableUnitofMeasure.</link:label>
    <!-- ehm-11 gl-ehm:serialLotOriginalQuantity -->
    <link:loc xlink:type="locator" xlink:href="gl-ehm-2020-12-31.xsd#gl-ehm_serialLotOriginalQuantity" xlink:label="gl-ehm_serialLotOriginalQuantity_6eacdd5d13a9bddfd1a4017f3631b33a"/>
    <link:labelArc xlink:type="arc" xlink:arcrole="http://www.xbrl.org/2003/arcrole/concept-label" xlink:from="gl-ehm_serialLotOriginalQuantity_6eacdd5d13a9bddfd1a4017f3631b33a" xlink:to="lbl_ehm-11-en_6eacdd5d13a9bddfd1a4017f3631b33a"/>
    <link:label xlink:type="resource" xlink:label="lbl_ehm-11-en_6eacdd5d13a9bddfd1a4017f3631b33a" xlink:role="http://www.xbrl.org/2003/role/label" xml:lang="en">Serial Lot Original Quantity</link:label>
    <link:label xlink:type="resource" xlink:label="lbl_ehm-11-en_6eacdd5d13a9bddfd1a4017f3631b33a" xlink:role="http://www.xbrl.org/2003/role/documentation" xml:lang="en">The quantity of units in this batch on inception.</link:label>
    <!-- ehm-12 gl-ehm:serialLotRemainingQuantity -->
    <link:loc xlink:type="locator" xlink:href="gl-ehm-2020-12-31.xsd#gl-ehm_serialLotRemainingQuantity" xlink:label="gl-ehm_serialLotRemainingQuantity_6eacdd5d13a9bddfd1a4017f3631b33a"/>
    <link:labelArc xlink:type="arc" xlink:arcrole="http://www.xbrl.org/2003/arcrole/concept-label" xlink:from="gl-ehm_serialLotRemainingQuantity_6eacdd5d13a9bddfd1a4017f3631b33a" xlink:to="lbl_ehm-12-en_6eacdd5d13a9bddfd1a4017f3631b33a"/>
    <link:label xlink:type="resource" xlink:label="lbl_ehm-12-en_6eacdd5d13a9bddfd1a4017f3631b33a" xlink:role="http://www.xbrl.org/2003/role/label" xml:lang="en">Serial Lot Remaining Quantity</link:label>
    <link:label xlink:type="resource" xlink:label="lbl_ehm-12-en_6eacdd5d13a9bddfd1a4017f3631b33a" xlink:role="http://www.xbrl.org/2003/role/documentation" xml:lang="en">The remaining quantity of units from the original batch; may be the same as the quantity in this batch or include other batches from the same original batch.</link:label>
    <!-- ehm-13 gl-ehm:serialLotOrigination -->
    <link:loc xlink:type="locator" xlink:href="gl-ehm-2020-12-31.xsd#gl-ehm_serialLotOrigination" xlink:label="gl-ehm_serialLotOrigination_6eacdd5d13a9bddfd1a4017f3631b33a"/>
    <link:labelArc xlink:type="arc" xlink:arcrole="http://www.xbrl.org/2003/arcrole/concept-label" xlink:from="gl-ehm_serialLotOrigination_6eacdd5d13a9bddfd1a4017f3631b33a" xlink:to="lbl_ehm-13-en_6eacdd5d13a9bddfd1a4017f3631b33a"/>
    <link:label xlink:type="resource" xlink:label="lbl_ehm-13-en_6eacdd5d13a9bddfd1a4017f3631b33a" xlink:role="http://www.xbrl.org/2003/role/label" xml:lang="en">Serial Lot Origination</link:label>
    <link:label xlink:type="resource" xlink:label="lbl_ehm-13-en_6eacdd5d13a9bddfd1a4017f3631b33a" xlink:role="http://www.xbrl.org/2003/role/documentation" xml:lang="en">Date of manufacture or creation.</link:label>
    <!-- ehm-14 gl-ehm:serialLotExpiration -->
    <link:loc xlink:type="locator" xlink:href="gl-ehm-2020-12-31.xsd#gl-ehm_serialLotExpiration" xlink:label="gl-ehm_serialLotExpiration_6eacdd5d13a9bddfd1a4017f3631b33a"/>
    <link:labelArc xlink:type="arc" xlink:arcrole="http://www.xbrl.org/2003/arcrole/concept-label" xlink:from="gl-ehm_serialLotExpiration_6eacdd5d13a9bddfd1a4017f3631b33a" xlink:to="lbl_ehm-14-en_6eacdd5d13a9bddfd1a4017f3631b33a"/>
    <link:label xlink:type="resource" xlink:label="lbl_ehm-14-en_6eacdd5d13a9bddfd1a4017f3631b33a" xlink:role="http://www.xbrl.org/2003/role/label" xml:lang="en">Serial Lot Expiration</link:label>
    <link:label xlink:type="resource" xlink:label="lbl_ehm-14-en_6eacdd5d13a9bddfd1a4017f3631b33a" xlink:role="http://www.xbrl.org/2003/role/documentation" xml:lang="en">Expiration date of the batch.</link:label>
    <!-- ehm-15 gl-ehm:serialLotManufacturer -->
    <link:loc xlink:type="locator" xlink:href="gl-ehm-2020-12-31.xsd#gl-ehm_serialLotManufacturer" xlink:label="gl-ehm_serialLotManufacturer_6eacdd5d13a9bddfd1a4017f3631b33a"/>
    <link:labelArc xlink:type="arc" xlink:arcrole="http://www.xbrl.org/2003/arcrole/concept-label" xlink:from="gl-ehm_serialLotManufacturer_6eacdd5d13a9bddfd1a4017f3631b33a" xlink:to="lbl_ehm-15-en_6eacdd5d13a9bddfd1a4017f3631b33a"/>
    <link:label xlink:type="resource" xlink:label="lbl_ehm-15-en_6eacdd5d13a9bddfd1a4017f3631b33a" xlink:role="http://www.xbrl.org/2003/role/label" xml:lang="en">Serial Lot Manufacturer</link:label>
    <link:label xlink:type="resource" xlink:label="lbl_ehm-15-en_6eacdd5d13a9bddfd1a4017f3631b33a" xlink:role="http://www.xbrl.org/2003/role/documentation" xml:lang="en">Manufacturer of the item (serial) or items (lot/batch).</link:label>
    <!-- ehm-16 gl-ehm:serialLotBatchDescription -->
    <link:loc xlink:type="locator" xlink:href="gl-ehm-2020-12-31.xsd#gl-ehm_serialLotBatchDescription" xlink:label="gl-ehm_serialLotBatchDescription_6eacdd5d13a9bddfd1a4017f3631b33a"/>
    <link:labelArc xlink:type="arc" xlink:arcrole="http://www.xbrl.org/2003/arcrole/concept-label" xlink:from="gl-ehm_serialLotBatchDescription_6eacdd5d13a9bddfd1a4017f3631b33a" xlink:to="lbl_ehm-16-en_6eacdd5d13a9bddfd1a4017f3631b33a"/>
    <link:label xlink:type="resource" xlink:label="lbl_ehm-16-en_6eacdd5d13a9bddfd1a4017f3631b33a" xlink:role="http://www.xbrl.org/2003/role/label" xml:lang="en">Serial Lot Batch Description</link:label>
    <link:label xlink:type="resource" xlink:label="lbl_ehm-16-en_6eacdd5d13a9bddfd1a4017f3631b33a" xlink:role="http://www.xbrl.org/2003/role/documentation" xml:lang="en">A name or description of the items in the lot or batch.</link:label>
    <!-- ehm-17 gl-ehm:serialLotWarrantyStartDate -->
    <link:loc xlink:type="locator" xlink:href="gl-ehm-2020-12-31.xsd#gl-ehm_serialLotWarrantyStartDate" xlink:label="gl-ehm_serialLotWarrantyStartDate_6eacdd5d13a9bddfd1a4017f3631b33a"/>
    <link:labelArc xlink:type="arc" xlink:arcrole="http://www.xbrl.org/2003/arcrole/concept-label" xlink:from="gl-ehm_serialLotWarrantyStartDate_6eacdd5d13a9bddfd1a4017f3631b33a" xlink:to="lbl_ehm-17-en_6eacdd5d13a9bddfd1a4017f3631b33a"/>
    <link:label xlink:type="resource" xlink:label="lbl_ehm-17-en_6eacdd5d13a9bddfd1a4017f3631b33a" xlink:role="http://www.xbrl.org/2003/role/label" xml:lang="en">Serial Lot Warranty Start Date</link:label>
    <link:label xlink:type="resource" xlink:label="lbl_ehm-17-en_6eacdd5d13a9bddfd1a4017f3631b33a" xlink:role="http://www.xbrl.org/2003/role/documentation" xml:lang="en">If the items are covered by warranty, when that warranty covered will begin or has begun.</link:label>
    <!-- ehm-18 gl-ehm:serialLotWarrantyEndDate -->
    <link:loc xlink:type="locator" xlink:href="gl-ehm-2020-12-31.xsd#gl-ehm_serialLotWarrantyEndDate" xlink:label="gl-ehm_serialLotWarrantyEndDate_6eacdd5d13a9bddfd1a4017f3631b33a"/>
    <link:labelArc xlink:type="arc" xlink:arcrole="http://www.xbrl.org/2003/arcrole/concept-label" xlink:from="gl-ehm_serialLotWarrantyEndDate_6eacdd5d13a9bddfd1a4017f3631b33a" xlink:to="lbl_ehm-18-en_6eacdd5d13a9bddfd1a4017f3631b33a"/>
    <link:label xlink:type="resource" xlink:label="lbl_ehm-18-en_6eacdd5d13a9bddfd1a4017f3631b33a" xlink:role="http://www.xbrl.org/2003/role/label" xml:lang="en">Serial Lot Warranty End Date</link:label>
    <link:label xlink:type="resource" xlink:label="lbl_ehm-18-en_6eacdd5d13a9bddfd1a4017f3631b33a" xlink:role="http://www.xbrl.org/2003/role/documentation" xml:lang="en">If the items are covered by warranty, when that warranty covered will end or ended.</link:label>
    <!-- ehm-19 gl-ehm:serialLotWarrantyPeriod -->
    <link:loc xlink:type="locator" xlink:href="gl-ehm-2020-12-31.xsd#gl-ehm_serialLotWarrantyPeriod" xlink:label="gl-ehm_serialLotWarrantyPeriod_6eacdd5d13a9bddfd1a4017f3631b33a"/>
    <link:labelArc xlink:type="arc" xlink:arcrole="http://www.xbrl.org/2003/arcrole/concept-label" xlink:from="gl-ehm_serialLotWarrantyPeriod_6eacdd5d13a9bddfd1a4017f3631b33a" xlink:to="lbl_ehm-19-en_6eacdd5d13a9bddfd1a4017f3631b33a"/>
    <link:label xlink:type="resource" xlink:label="lbl_ehm-19-en_6eacdd5d13a9bddfd1a4017f3631b33a" xlink:role="http://www.xbrl.org/2003/role/label" xml:lang="en">Serial Lot Warranty Period</link:label>
    <link:label xlink:type="resource" xlink:label="lbl_ehm-19-en_6eacdd5d13a9bddfd1a4017f3631b33a" xlink:role="http://www.xbrl.org/2003/role/documentation" xml:lang="en">Warranty period – numeric portion; for a 30 day warranty period, the 30 would go here, and the day would go in gl-ehm:serialLotWarrantyPeriodUnit.</link:label>
    <!-- ehm-20 gl-ehm:serialLotWarrantyPeriodUnit -->
    <link:loc xlink:type="locator" xlink:href="gl-ehm-2020-12-31.xsd#gl-ehm_serialLotWarrantyPeriodUnit" xlink:label="gl-ehm_serialLotWarrantyPeriodUnit_6eacdd5d13a9bddfd1a4017f3631b33a"/>
    <link:labelArc xlink:type="arc" xlink:arcrole="http://www.xbrl.org/2003/arcrole/concept-label" xlink:from="gl-ehm_serialLotWarrantyPeriodUnit_6eacdd5d13a9bddfd1a4017f3631b33a" xlink:to="lbl_ehm-20-en_6eacdd5d13a9bddfd1a4017f3631b33a"/>
    <link:label xlink:type="resource" xlink:label="lbl_ehm-20-en_6eacdd5d13a9bddfd1a4017f3631b33a" xlink:role="http://www.xbrl.org/2003/role/label" xml:lang="en">Serial Lot Warranty Period Unit</link:label>
    <link:label xlink:type="resource" xlink:label="lbl_ehm-20-en_6eacdd5d13a9bddfd1a4017f3631b33a" xlink:role="http://www.xbrl.org/2003/role/documentation" xml:lang="en">Warrant period – time or cycle unit portion. Values from the XBRL Unit Registry (www.xbrl.org/utr/utr.xml) are suggested where possible. Examples might include: H (hours), D (days), M (months), Y (years), machine cycles, km (kilometers).</link:label>
    <!-- ehm-21 gl-ehm:serialLotWarrantyVendor -->
    <link:loc xlink:type="locator" xlink:href="gl-ehm-2020-12-31.xsd#gl-ehm_serialLotWarrantyVendor" xlink:label="gl-ehm_serialLotWarrantyVendor_6eacdd5d13a9bddfd1a4017f3631b33a"/>
    <link:labelArc xlink:type="arc" xlink:arcrole="http://www.xbrl.org/2003/arcrole/concept-label" xlink:from="gl-ehm_serialLotWarrantyVendor_6eacdd5d13a9bddfd1a4017f3631b33a" xlink:to="lbl_ehm-21-en_6eacdd5d13a9bddfd1a4017f3631b33a"/>
    <link:label xlink:type="resource" xlink:label="lbl_ehm-21-en_6eacdd5d13a9bddfd1a4017f3631b33a" xlink:role="http://www.xbrl.org/2003/role/label" xml:lang="en">Serial Lot Warranty Vendor</link:label>
    <link:label xlink:type="resource" xlink:label="lbl_ehm-21-en_6eacdd5d13a9bddfd1a4017f3631b33a" xlink:role="http://www.xbrl.org/2003/role/documentation" xml:lang="en">The vendor providing warranty; this may differ from the manufacturer.</link:label>
    <!-- ehm-22 gl-ehm:serialLotWarrantyContract -->
    <link:loc xlink:type="locator" xlink:href="gl-ehm-2020-12-31.xsd#gl-ehm_serialLotWarrantyContract" xlink:label="gl-ehm_serialLotWarrantyContract_6eacdd5d13a9bddfd1a4017f3631b33a"/>
    <link:labelArc xlink:type="arc" xlink:arcrole="http://www.xbrl.org/2003/arcrole/concept-label" xlink:from="gl-ehm_serialLotWarrantyContract_6eacdd5d13a9bddfd1a4017f3631b33a" xlink:to="lbl_ehm-22-en_6eacdd5d13a9bddfd1a4017f3631b33a"/>
    <link:label xlink:type="resource" xlink:label="lbl_ehm-22-en_6eacdd5d13a9bddfd1a4017f3631b33a" xlink:role="http://www.xbrl.org/2003/role/label" xml:lang="en">Serial Lot Warranty Contract</link:label>
    <link:label xlink:type="resource" xlink:label="lbl_ehm-22-en_6eacdd5d13a9bddfd1a4017f3631b33a" xlink:role="http://www.xbrl.org/2003/role/documentation" xml:lang="en">Contract or document information related to the warranty, such as a contract number and date or a URL with more information.</link:label>
    <!-- ehm-23 gl-ehm:serialLotComment -->
    <link:loc xlink:type="locator" xlink:href="gl-ehm-2020-12-31.xsd#gl-ehm_serialLotComment" xlink:label="gl-ehm_serialLotComment_6eacdd5d13a9bddfd1a4017f3631b33a"/>
    <link:labelArc xlink:type="arc" xlink:arcrole="http://www.xbrl.org/2003/arcrole/concept-label" xlink:from="gl-ehm_serialLotComment_6eacdd5d13a9bddfd1a4017f3631b33a" xlink:to="lbl_ehm-23-en_6eacdd5d13a9bddfd1a4017f3631b33a"/>
    <link:label xlink:type="resource" xlink:label="lbl_ehm-23-en_6eacdd5d13a9bddfd1a4017f3631b33a" xlink:role="http://www.xbrl.org/2003/role/label" xml:lang="en">Serial Lot Comment</link:label>
    <link:label xlink:type="resource" xlink:label="lbl_ehm-23-en_6eacdd5d13a9bddfd1a4017f3631b33a" xlink:role="http://www.xbrl.org/2003/role/documentation" xml:lang="en">Free format text related to the serial number or lot.</link:label>
 </link:labelLink>
</link:linkbase>