<?xml version="1.0" encoding="UTF-8"?>
<!-- (c) XBRL Japan -->
<linkbase xmlns="http://www.xbrl.org/2003/linkbase" xmlns:xlink="http://www.w3.org/1999/xlink" xmlns:xsi="http://www.w3.org/2001/XMLSchema-instance" xsi:schemaLocation="http://www.xbrl.org/2003/linkbase http://www.xbrl.org/2003/xbrl-linkbase-2003-12-31.xsd">
  <presentationLink xlink:type="extended" xlink:role="http://www.xbrl.org/2003/role/link">
    <!-- measurableClassID -->
    <loc xlink:type="locator" xlink:href="../bus/gl-bus-2020-12-31.xsd#gl-bus_measurable" xlink:label="gl-bus_measurable" xlink:title="presentation parent: measurable"/>
    <loc xlink:type="locator" xlink:href="gl-ehm-2020-12-31.xsd#gl-ehm_measurableClassID" xlink:label="gl-ehm_measurableClassID" xlink:title="presentation child: measurableClassID"/>
    <presentationArc xlink:type="arc" xlink:arcrole="http://www.xbrl.org/2003/arcrole/parent-child" xlink:from="gl-bus_measurable" xlink:to="gl-ehm_measurableClassID" xlink:title="presentation: measurable to measurableClassID" use="optional" order="563"/>
    <!-- measurableClassDescription -->
    <loc xlink:type="locator" xlink:href="gl-ehm-2020-12-31.xsd#gl-ehm_measurableClassDescription" xlink:label="gl-ehm_measurableClassDescription" xlink:title="presentation child: measurableClassDescription"/>
    <presentationArc xlink:type="arc" xlink:arcrole="http://www.xbrl.org/2003/arcrole/parent-child" xlink:from="gl-bus_measurable" xlink:to="gl-ehm_measurableClassDescription" xlink:title="presentation: measurable to measurableClassDescription" use="optional" order="564"/>
    <!-- costingMethodCode -->
    <loc xlink:type="locator" xlink:href="gl-ehm-2020-12-31.xsd#gl-ehm_costingMethodCode" xlink:label="gl-ehm_costingMethodCode" xlink:title="presentation child: costingMethodCode"/>
    <presentationArc xlink:type="arc" xlink:arcrole="http://www.xbrl.org/2003/arcrole/parent-child" xlink:from="gl-bus_measurable" xlink:to="gl-ehm_costingMethodCode" xlink:title="presentation: measurable to costingMethodCode" use="optional" order="565"/>
    <!-- costingMethodDescription -->
    <loc xlink:type="locator" xlink:href="gl-ehm-2020-12-31.xsd#gl-ehm_costingMethodDescription" xlink:label="gl-ehm_costingMethodDescription" xlink:title="presentation child: costingMethodDescription"/>
    <presentationArc xlink:type="arc" xlink:arcrole="http://www.xbrl.org/2003/arcrole/parent-child" xlink:from="gl-bus_measurable" xlink:to="gl-ehm_costingMethodDescription" xlink:title="presentation: measurable to costingMethodDescription" use="optional" order="566"/>
    <!-- geospatialCoordinate -->
    <loc xlink:type="locator" xlink:href="gl-ehm-2020-12-31.xsd#gl-ehm_geospatialCoordinate" xlink:label="gl-ehm_geospatialCoordinate" xlink:title="presentation child: geospatialCoordinate"/>
    <presentationArc xlink:type="arc" xlink:arcrole="http://www.xbrl.org/2003/arcrole/parent-child" xlink:from="gl-bus_measurable" xlink:to="gl-ehm_geospatialCoordinate" xlink:title="presentation: measurable to geospatialCoordinate" use="optional" order="567"/>
    <!-- serialLot -->
    <loc xlink:type="locator" xlink:href="gl-ehm-2020-12-31.xsd#gl-ehm_serialLot" xlink:label="gl-ehm_serialLot" xlink:title="presentation child: serialLot"/>
    <presentationArc xlink:type="arc" xlink:arcrole="http://www.xbrl.org/2003/arcrole/parent-child" xlink:from="gl-bus_measurable" xlink:to="gl-ehm_serialLot" xlink:title="presentation: measurable to serialLot" use="optional" order="568"/>
    <!-- serialLotCode -->
    <loc xlink:type="locator" xlink:href="gl-ehm-2020-12-31.xsd#gl-ehm_serialLot" xlink:label="gl-ehm_serialLot" xlink:title="presentation parent: serialLot"/>
    <loc xlink:type="locator" xlink:href="gl-ehm-2020-12-31.xsd#gl-ehm_serialLotCode" xlink:label="gl-ehm_serialLotCode" xlink:title="presentation child: serialLotCode"/>
    <presentationArc xlink:type="arc" xlink:arcrole="http://www.xbrl.org/2003/arcrole/parent-child" xlink:from="gl-ehm_serialLot" xlink:to="gl-ehm_serialLotCode" xlink:title="presentation: serialLot to serialLotCode" use="optional" order="569"/>
    <!-- serialLotDescription -->
    <loc xlink:type="locator" xlink:href="gl-ehm-2020-12-31.xsd#gl-ehm_serialLotDescription" xlink:label="gl-ehm_serialLotDescription" xlink:title="presentation child: serialLotDescription"/>
    <presentationArc xlink:type="arc" xlink:arcrole="http://www.xbrl.org/2003/arcrole/parent-child" xlink:from="gl-ehm_serialLot" xlink:to="gl-ehm_serialLotDescription" xlink:title="presentation: serialLot to serialLotDescription" use="optional" order="570"/>
    <!-- serialLotNumber -->
    <loc xlink:type="locator" xlink:href="gl-ehm-2020-12-31.xsd#gl-ehm_serialLotNumber" xlink:label="gl-ehm_serialLotNumber" xlink:title="presentation child: serialLotNumber"/>
    <presentationArc xlink:type="arc" xlink:arcrole="http://www.xbrl.org/2003/arcrole/parent-child" xlink:from="gl-ehm_serialLot" xlink:to="gl-ehm_serialLotNumber" xlink:title="presentation: serialLot to serialLotNumber" use="optional" order="571"/>
    <!-- nextSerialLotNumber -->
    <loc xlink:type="locator" xlink:href="gl-ehm-2020-12-31.xsd#gl-ehm_nextSerialLotNumber" xlink:label="gl-ehm_nextSerialLotNumber" xlink:title="presentation child: nextSerialLotNumber"/>
    <presentationArc xlink:type="arc" xlink:arcrole="http://www.xbrl.org/2003/arcrole/parent-child" xlink:from="gl-ehm_serialLot" xlink:to="gl-ehm_nextSerialLotNumber" xlink:title="presentation: serialLot to nextSerialLotNumber" use="optional" order="572"/>
    <!-- serialLotQuantity -->
    <loc xlink:type="locator" xlink:href="gl-ehm-2020-12-31.xsd#gl-ehm_serialLotQuantity" xlink:label="gl-ehm_serialLotQuantity" xlink:title="presentation child: serialLotQuantity"/>
    <presentationArc xlink:type="arc" xlink:arcrole="http://www.xbrl.org/2003/arcrole/parent-child" xlink:from="gl-ehm_serialLot" xlink:to="gl-ehm_serialLotQuantity" xlink:title="presentation: serialLot to serialLotQuantity" use="optional" order="573"/>
    <!-- serialLotOriginalQuantity -->
    <loc xlink:type="locator" xlink:href="gl-ehm-2020-12-31.xsd#gl-ehm_serialLotOriginalQuantity" xlink:label="gl-ehm_serialLotOriginalQuantity" xlink:title="presentation child: serialLotOriginalQuantity"/>
    <presentationArc xlink:type="arc" xlink:arcrole="http://www.xbrl.org/2003/arcrole/parent-child" xlink:from="gl-ehm_serialLot" xlink:to="gl-ehm_serialLotOriginalQuantity" xlink:title="presentation: serialLot to serialLotOriginalQuantity" use="optional" order="574"/>
    <!-- serialLotRemainingQuantity -->
    <loc xlink:type="locator" xlink:href="gl-ehm-2020-12-31.xsd#gl-ehm_serialLotRemainingQuantity" xlink:label="gl-ehm_serialLotRemainingQuantity" xlink:title="presentation child: serialLotRemainingQuantity"/>
    <presentationArc xlink:type="arc" xlink:arcrole="http://www.xbrl.org/2003/arcrole/parent-child" xlink:from="gl-ehm_serialLot" xlink:to="gl-ehm_serialLotRemainingQuantity" xlink:title="presentation: serialLot to serialLotRemainingQuantity" use="optional" order="575"/>
    <!-- serialLotOrigination -->
    <loc xlink:type="locator" xlink:href="gl-ehm-2020-12-31.xsd#gl-ehm_serialLotOrigination" xlink:label="gl-ehm_serialLotOrigination" xlink:title="presentation child: serialLotOrigination"/>
    <presentationArc xlink:type="arc" xlink:arcrole="http://www.xbrl.org/2003/arcrole/parent-child" xlink:from="gl-ehm_serialLot" xlink:to="gl-ehm_serialLotOrigination" xlink:title="presentation: serialLot to serialLotOrigination" use="optional" order="576"/>
    <!-- serialLotExpiration -->
    <loc xlink:type="locator" xlink:href="gl-ehm-2020-12-31.xsd#gl-ehm_serialLotExpiration" xlink:label="gl-ehm_serialLotExpiration" xlink:title="presentation child: serialLotExpiration"/>
    <presentationArc xlink:type="arc" xlink:arcrole="http://www.xbrl.org/2003/arcrole/parent-child" xlink:from="gl-ehm_serialLot" xlink:to="gl-ehm_serialLotExpiration" xlink:title="presentation: serialLot to serialLotExpiration" use="optional" order="577"/>
    <!-- serialLotManufacturer -->
    <loc xlink:type="locator" xlink:href="gl-ehm-2020-12-31.xsd#gl-ehm_serialLotManufacturer" xlink:label="gl-ehm_serialLotManufacturer" xlink:title="presentation child: serialLotManufacturer"/>
    <presentationArc xlink:type="arc" xlink:arcrole="http://www.xbrl.org/2003/arcrole/parent-child" xlink:from="gl-ehm_serialLot" xlink:to="gl-ehm_serialLotManufacturer" xlink:title="presentation: serialLot to serialLotManufacturer" use="optional" order="578"/>
    <!-- serialLotBatchDescription -->
    <loc xlink:type="locator" xlink:href="gl-ehm-2020-12-31.xsd#gl-ehm_serialLotBatchDescription" xlink:label="gl-ehm_serialLotBatchDescription" xlink:title="presentation child: serialLotBatchDescription"/>
    <presentationArc xlink:type="arc" xlink:arcrole="http://www.xbrl.org/2003/arcrole/parent-child" xlink:from="gl-ehm_serialLot" xlink:to="gl-ehm_serialLotBatchDescription" xlink:title="presentation: serialLot to serialLotBatchDescription" use="optional" order="579"/>
    <!-- serialLotWarrantyStartDate -->
    <loc xlink:type="locator" xlink:href="gl-ehm-2020-12-31.xsd#gl-ehm_serialLotWarrantyStartDate" xlink:label="gl-ehm_serialLotWarrantyStartDate" xlink:title="presentation child: serialLotWarrantyStartDate"/>
    <presentationArc xlink:type="arc" xlink:arcrole="http://www.xbrl.org/2003/arcrole/parent-child" xlink:from="gl-ehm_serialLot" xlink:to="gl-ehm_serialLotWarrantyStartDate" xlink:title="presentation: serialLot to serialLotWarrantyStartDate" use="optional" order="580"/>
    <!-- serialLotWarrantyEndDate -->
    <loc xlink:type="locator" xlink:href="gl-ehm-2020-12-31.xsd#gl-ehm_serialLotWarrantyEndDate" xlink:label="gl-ehm_serialLotWarrantyEndDate" xlink:title="presentation child: serialLotWarrantyEndDate"/>
    <presentationArc xlink:type="arc" xlink:arcrole="http://www.xbrl.org/2003/arcrole/parent-child" xlink:from="gl-ehm_serialLot" xlink:to="gl-ehm_serialLotWarrantyEndDate" xlink:title="presentation: serialLot to serialLotWarrantyEndDate" use="optional" order="581"/>
    <!-- serialLotWarrantyPeriod -->
    <loc xlink:type="locator" xlink:href="gl-ehm-2020-12-31.xsd#gl-ehm_serialLotWarrantyPeriod" xlink:label="gl-ehm_serialLotWarrantyPeriod" xlink:title="presentation child: serialLotWarrantyPeriod"/>
    <presentationArc xlink:type="arc" xlink:arcrole="http://www.xbrl.org/2003/arcrole/parent-child" xlink:from="gl-ehm_serialLot" xlink:to="gl-ehm_serialLotWarrantyPeriod" xlink:title="presentation: serialLot to serialLotWarrantyPeriod" use="optional" order="582"/>
    <!-- serialLotWarrantyPeriodUnit -->
    <loc xlink:type="locator" xlink:href="gl-ehm-2020-12-31.xsd#gl-ehm_serialLotWarrantyPeriodUnit" xlink:label="gl-ehm_serialLotWarrantyPeriodUnit" xlink:title="presentation child: serialLotWarrantyPeriodUnit"/>
    <presentationArc xlink:type="arc" xlink:arcrole="http://www.xbrl.org/2003/arcrole/parent-child" xlink:from="gl-ehm_serialLot" xlink:to="gl-ehm_serialLotWarrantyPeriodUnit" xlink:title="presentation: serialLot to serialLotWarrantyPeriodUnit" use="optional" order="583"/>
    <!-- serialLotWarrantyVendor -->
    <loc xlink:type="locator" xlink:href="gl-ehm-2020-12-31.xsd#gl-ehm_serialLotWarrantyVendor" xlink:label="gl-ehm_serialLotWarrantyVendor" xlink:title="presentation child: serialLotWarrantyVendor"/>
    <presentationArc xlink:type="arc" xlink:arcrole="http://www.xbrl.org/2003/arcrole/parent-child" xlink:from="gl-ehm_serialLot" xlink:to="gl-ehm_serialLotWarrantyVendor" xlink:title="presentation: serialLot to serialLotWarrantyVendor" use="optional" order="584"/>
    <!-- serialLotWarrantyContract -->
    <loc xlink:type="locator" xlink:href="gl-ehm-2020-12-31.xsd#gl-ehm_serialLotWarrantyContract" xlink:label="gl-ehm_serialLotWarrantyContract" xlink:title="presentation child: serialLotWarrantyContract"/>
    <presentationArc xlink:type="arc" xlink:arcrole="http://www.xbrl.org/2003/arcrole/parent-child" xlink:from="gl-ehm_serialLot" xlink:to="gl-ehm_serialLotWarrantyContract" xlink:title="presentation: serialLot to serialLotWarrantyContract" use="optional" order="585"/>
    <!-- serialLotComment -->
    <loc xlink:type="locator" xlink:href="gl-ehm-2020-12-31.xsd#gl-ehm_serialLotComment" xlink:label="gl-ehm_serialLotComment" xlink:title="presentation child: serialLotComment"/>
    <presentationArc xlink:type="arc" xlink:arcrole="http://www.xbrl.org/2003/arcrole/parent-child" xlink:from="gl-ehm_serialLot" xlink:to="gl-ehm_serialLotComment" xlink:title="presentation: serialLot to serialLotComment" use="optional" order="586"/>
  </presentationLink>
</linkbase>
