{
  "@xmlns:b": "http://www.xbrl.org/int/gl/bus/2020-12-31",
  "@xmlns:c": "http://www.xbrl.org/int/gl/cor/2020-12-31",
  "@xmlns:e": "http://www.xbrl.org/int/gl/cen/2020-12-31",
  "@xmlns:h": "http://www.xbrl.org/int/gl/ehm/2020-12-31",
  "@xmlns:iso4217": "http://www.xbrl.org/2003/iso4217",
  "@xmlns:iso639": "http://www.xbrl.org/2005/iso639",
  "@xmlns:m": "http://www.xbrl.org/int/gl/muc/2020-12-31",
  "@xmlns:s": "http://www.xbrl.org/int/gl/srcd/2020-12-31",
  "@xmlns:t": "http://www.xbrl.org/int/gl/taf/2020-12-31",
  "@xmlns:xbrldi": "http://xbrl.org/2006/xbrldi",
  "@xmlns:xbrli": "http://www.xbrl.org/2003/instance",
  "@xmlns:xbrll": "http://www.xbrl.org/2003/linkbase",
  "@xmlns:xlink": "http://www.w3.org/1999/xlink",
  "@xmlns:xsi": "http://www.w3.org/2001/XMLSchema-instance",
  "c:cor-10": [
    {
      "@contextRef": "cG4",
      "v": "2014-05-29"
    }
  ],
  "c:cor-14": [
    {
      "@contextRef": "cG4",
      "v": "other"
    }
  ],
  "c:cor-1": [
    {
      "@contextRef": "cG2",
      "v": "journal"
    }
  ],
  "c:cor-21": [
    {
      "@contextRef": "cG4cG5",
      "v": "001"
    },
    {
      "@contextRef": "cG4CG5.1",
      "v": "002"
    },
    {
      "@contextRef": "cG4cG5.2",
      "v": "003"
    }
  ],
  "c:cor-23": [
    {
      "@contextRef": "cG4cG5",
      "v": "00000001"
    },
    {
      "@contextRef": "cG4cG5.1",
      "v": "00000002"
    },
    {
      "@contextRef": "cG4cG5.2",
      "v": "00000003"
    }
  ],
  "c:cor-24": [
    {
      "@contextRef": "cG4cG5",
      "v": "ID00000001"
    },
    {
      "@contextRef": "cG4cG5.1",
      "v": "ID00000002"
    },
    {
      "@contextRef": "cG4cG5.2",
      "v": "ID00000003"
    }
  ],
  "c:cor-40": [
    {
      "@contextRef": "cG4cG5",
      "@decimals": "INF",
      "@unitRef": "USD",
      "v": 150
    },
    {
      "@contextRef": "cG4cG5.1",
      "@decimals": "INF",
      "@unitRef": "USD",
      "v": 500
    },
    {
      "@contextRef": "cG4cG5.2",
      "@decimals": "INF",
      "@unitRef": "USD",
      "v": 300
    }
  ],
  "c:cor-42": [
    {
      "@contextRef": "cG4cG5",
      "v": "C"
    },
    {
      "@contextRef": "cG4cG5.1",
      "v": "C"
    },
    {
      "@contextRef": "cG4cG5.2",
      "v": "C"
    }
  ],
  "c:cor-6": [
    {
      "@contextRef": "cG2",
      "v": "2014-05-26"
    }
  ],
  "c:cor-84": [
    {
      "@contextRef": "cG4cG5",
      "v": "c:cor-40"
    },
    {
      "@contextRef": "cG4cG5.1",
      "v": "c:cor-40"
    },
    {
      "@contextRef": "cG4cG5.2",
      "v": "c:cor-40"
    }
  ],
  "xbrli:context": [
    {
      "@id": "cG2",
      "xbrli:entity": [
        {
          "xbrli:identifier": [
            {
              "@scheme": "http://eipa.jp",
              "v": "EIPA"
            }
          ]
        }
      ],
      "xbrli:period": [
        {
          "xbrli:instant": [
            {
              "v": "2020-11-26"
            }
          ]
        }
      ],
      "xbrli:scenario": [
        {
          "xbrldi:typedMember": [
            {
              "@dimension": "c:d1",
              "c:_1": [
                {
                  "v": "cG2"
                }
              ]
            }
          ]
        }
      ]
    },
    {
      "@id": "cG4",
      "xbrli:entity": [
        {
          "xbrli:identifier": [
            {
              "@scheme": "http://eipa.jp",
              "v": "EIPA"
            }
          ]
        }
      ],
      "xbrli:period": [
        {
          "xbrli:instant": [
            {
              "v": "2020-11-26"
            }
          ]
        }
      ],
      "xbrli:scenario": [
        {
          "xbrldi:typedMember": [
            {
              "@dimension": "c:d1",
              "c:_1": [
                {
                  "v": "cG4"
                }
              ]
            }
          ]
        }
      ]
    },
    {
      "@id": "cG4cG5",
      "xbrli:entity": [
        {
          "xbrli:identifier": [
            {
              "@scheme": "http://eipa.jp",
              "v": "EIPA"
            }
          ]
        }
      ],
      "xbrli:period": [
        {
          "xbrli:instant": [
            {
              "v": "2020-11-26"
            }
          ]
        }
      ],
      "xbrli:scenario": [
        {
          "xbrldi:typedMember": [
            {
              "@dimension": "c:d1",
              "c:_1": [
                {
                  "v": "cG4"
                }
              ]
            },
            {
              "@dimension": "c:d2",
              "c:_2": [
                {
                  "v": "cG5"
                }
              ]
            }
          ]
        }
      ]
    },
    {
      "@id": "cG4cG5.1",
      "xbrli:entity": [
        {
          "xbrli:identifier": [
            {
              "@scheme": "http://eipa.jp",
              "v": "EIPA"
            }
          ]
        }
      ],
      "xbrli:period": [
        {
          "xbrli:instant": [
            {
              "v": "2020-11-26"
            }
          ]
        }
      ],
      "xbrli:scenario": [
        {
          "xbrldi:typedMember": [
            {
              "@dimension": "c:d1",
              "c:_1": [
                {
                  "v": "cG4"
                }
              ]
            },
            {
              "@dimension": "c:d2",
              "c:_2": [
                {
                  "v": "cG5.1"
                }
              ]
            }
          ]
        }
      ]
    },
    {
      "@id": "cG4cG5.2",
      "xbrli:entity": [
        {
          "xbrli:identifier": [
            {
              "@scheme": "http://eipa.jp",
              "v": "EIPA"
            }
          ]
        }
      ],
      "xbrli:period": [
        {
          "xbrli:instant": [
            {
              "v": "2020-11-26"
            }
          ]
        }
      ],
      "xbrli:scenario": [
        {
          "xbrldi:typedMember": [
            {
              "@dimension": "c:d1",
              "c:_1": [
                {
                  "v": "cG4"
                }
              ]
            },
            {
              "@dimension": "c:d2",
              "c:_2": [
                {
                  "v": "cG5.2"
                }
              ]
            }
          ]
        }
      ]
    }
  ],
  "xbrli:unit": [
    {
      "@id": "pure",
      "xbrli:measure": [
        {
          "v": "xbrli:pure"
        }
      ]
    },
    {
      "@id": "USD",
      "xbrli:measure": [
        {
          "v": "iso4217:USD"
        }
      ]
    }
  ],
  "xbrll:schemaRef": [
    {
      "@xlink:arcrole": "http://www.w3.org/1999/xlink/properties/linkbase",
      "@xlink:type": "simple"
    }
  ]
}