<?xml version="1.0" encoding="UTF-8"?>
<xbrli:xbrl
    xmlns:xbrll="http://www.xbrl.org/2003/linkbase"
    xmlns:xsi="http://www.w3.org/2001/XMLSchema-instance"
    xmlns:xlink="http://www.w3.org/1999/xlink"
    xmlns:iso639="http://www.xbrl.org/2005/iso639"
    xmlns:iso4217="http://www.xbrl.org/2003/iso4217"
    xmlns:xbrli="http://www.xbrl.org/2003/instance"
    xmlns:xbrldi="http://xbrl.org/2006/xbrldi"
    xmlns:c="http://www.xbrl.org/int/gl/cor/2020-12-31"
    xmlns:b="http://www.xbrl.org/int/gl/bus/2020-12-31"
    xmlns:m="http://www.xbrl.org/int/gl/muc/2020-12-31"
    xmlns:t="http://www.xbrl.org/int/gl/taf/2020-12-31"
    xmlns:h="http://www.xbrl.org/int/gl/ehm/2020-12-31"
    xmlns:s="http://www.xbrl.org/int/gl/srcd/2020-12-31"
    xmlns:e="http://www.xbrl.org/int/gl/cen/2020-12-31">
    <xbrll:schemaRef xlink:type="simple" xlink:href="../plt/case-cen/gl-plt-2020-12-31.xsd" xlink:arcrole="http://www.w3.org/1999/xlink/properties/linkbase"/>
    <xbrli:unit id="pure">
        <xbrli:measure>xbrli:pure</xbrli:measure>
    </xbrli:unit>
    <xbrli:unit id="EUR">
        <xbrli:measure>iso4217:EUR</xbrli:measure>
    </xbrli:unit>
    <!-- gl-cor:documentInfo -->
    <xbrli:context id="cG2">
        <xbrli:entity><xbrli:identifier scheme="http://eipa.jp">EIPA</xbrli:identifier></xbrli:entity>
        <xbrli:period><xbrli:instant>2020-11-26</xbrli:instant></xbrli:period>
        <xbrli:scenario>
            <xbrldi:typedMember dimension="c:d1"><c:_1>cG2</c:_1></xbrldi:typedMember>
        </xbrli:scenario>
    </xbrli:context>
    <c:cor-1 contextRef="cG2">journal</c:cor-1>
    <xbrli:context id="cG2sG1">
        <xbrli:entity><xbrli:identifier scheme="http://eipa.jp">EIPA</xbrli:identifier></xbrli:entity>
        <xbrli:period><xbrli:instant>2020-11-26</xbrli:instant></xbrli:period>
        <xbrli:scenario>
            <xbrldi:typedMember dimension="c:d1"><c:_1>cG2</c:_1></xbrldi:typedMember>
            <xbrldi:typedMember dimension="c:d2"><c:_2>sG1</c:_2></xbrldi:typedMember>
        </xbrli:scenario>
    </xbrli:context>
    <s:srcd-1 contextRef="cG2sG1">SRCDTestInstance</s:srcd-1>
    <s:srcd-2 contextRef="cG2sG1">../frTaxonomy/FRTaxonomy.xsd</s:srcd-2>
    <!-- gl-cor:entryHeader /gl-cor:entryDetail -->
    <!-- gl-cor:xbrlInfo -->
    <xbrli:context id="cG4cG5cG18">
        <xbrli:entity><xbrli:identifier scheme="http://eipa.jp">EIPA</xbrli:identifier></xbrli:entity>
        <xbrli:period><xbrli:instant>2020-11-26</xbrli:instant></xbrli:period>
        <xbrli:scenario>
            <xbrldi:typedMember dimension="c:d1"><c:_1>cG4</c:_1></xbrldi:typedMember>
            <xbrldi:typedMember dimension="c:d2"><c:_2>cG5</c:_2></xbrldi:typedMember>
            <xbrldi:typedMember dimension="c:d3"><c:_3>cG18</c:_3></xbrldi:typedMember>
        </xbrli:scenario>
    </xbrli:context>
    <c:cor-83 contextRef="cG4cG5cG18">fr-sample:PrimaryItem04</c:cor-83>
    <s:srcd-6 contextRef="cG4cG5cG18">gl-cor:account/gl-cor:accountMainID='00000001'</s:srcd-6>
    <!-- gl-cor:xbrlInfo / gl-srcd:summaryContext /  gl-srcd:summaryEntity -->
    <s:srcd-12 contextRef="cG4cG5cG18">test</s:srcd-12>
    <s:srcd-13 contextRef="cG4cG5cG18">http://www.srcdtest.com</s:srcd-13>
    <!-- gl-cor:xbrlInfo / gl-srcd:summaryContext /  gl-srcd:summaryEntity / gl-srcd:summarySegment -->
    <s:srcd-14 contextRef="cG4cG5cG18">fr-sample:Costcategory1</s:srcd-14>
    <s:srcd-15 contextRef="cG4cG5cG18">fr-sample:DomainMember20</s:srcd-15>
    <!-- gl-cor:xbrlInfo / gl-srcd:summaryContext /  gl-srcd:summaryPeriod -->
    <s:srcd-22 contextRef="cG4cG5cG18">2014-05-01</s:srcd-22>
    <s:srcd-23 contextRef="cG4cG5cG18">2014-05-31</s:srcd-23>
    <!-- gl-cor:xbrlInfo / gl-srcd:summaryContext /  gl-srcd:summaryUnit -->
    <s:srcd-32 contextRef="cG4cG5cG18">iso4217:USD</s:srcd-32>
    <!-- gl-cor:xbrlInfo / gl-srcd:summaryContext /  gl-srcd:summaryReportingTaxonomyIDRef -->
    <s:srcd-34 contextRef="cG4cG5cG18">SRCDTestInstance</s:srcd-34>

    <!-- gl-cor:xbrlInfo -->
    <xbrli:context id="cG4cG5cG18.1">
        <xbrli:entity><xbrli:identifier scheme="http://eipa.jp">EIPA</xbrli:identifier></xbrli:entity>
        <xbrli:period><xbrli:instant>2020-11-26</xbrli:instant></xbrli:period>
        <xbrli:scenario>
            <xbrldi:typedMember dimension="c:d1"><c:_1>cG4</c:_1></xbrldi:typedMember>
            <xbrldi:typedMember dimension="c:d2"><c:_2>cG5</c:_2></xbrldi:typedMember>
            <xbrldi:typedMember dimension="c:d3"><c:_3>cG18.1</c:_3></xbrldi:typedMember>
        </xbrli:scenario>
    </xbrli:context>
    <c:cor-83 contextRef="cG4cG5cG18.1">fr-sample:PrimaryItem05</c:cor-83>
    <s:srcd-6 contextRef="cG4cG5cG18.1">gl-cor:account/gl-cor:accountMainID='00000002'</s:srcd-6>
    <s:srcd-12 contextRef="cG4cG5cG18.1">test</s:srcd-12>
    <s:srcd-13 contextRef="cG4cG5cG18.1">http://www.srcdtest.com</s:srcd-13>
    <!-- gl-cor:xbrlInfo / gl-srcd:summaryContext /  gl-srcd:summaryEntity / gl-srcd:summarySegment -->
    <s:srcd-14 contextRef="cG4cG5cG18.1">fr-sample:Costcategory1</s:srcd-14>
    <s:srcd-15 contextRef="cG4cG5cG18.1">fr-sample:DomainMember20</s:srcd-15>
    <!-- gl-cor:xbrlInfo / gl-srcd:summaryContext /  gl-srcd:summaryPeriod -->
    <s:srcd-22 contextRef="cG4cG5cG18.1">2014-05-01</s:srcd-22>
    <s:srcd-23 contextRef="cG4cG5cG18.1">2014-05-31</s:srcd-23>
    <!-- gl-cor:xbrlInfo / gl-srcd:summaryContext /  gl-srcd:summaryUnit -->
    <s:srcd-32 contextRef="cG4cG5cG18.1">iso4217:USD</s:srcd-32>
    <s:srcd-34 contextRef="cG4cG5cG18.1">SRCDTestInstance</s:srcd-34>

    <!-- gl-cor:xbrlInfo -->
    <xbrli:context id="cG4cG5cG18.2">
        <xbrli:entity><xbrli:identifier scheme="http://eipa.jp">EIPA</xbrli:identifier></xbrli:entity>
        <xbrli:period><xbrli:instant>2020-11-26</xbrli:instant></xbrli:period>
        <xbrli:scenario>
            <xbrldi:typedMember dimension="c:d1"><c:_1>cG4</c:_1></xbrldi:typedMember>
            <xbrldi:typedMember dimension="c:d2"><c:_2>cG5</c:_2></xbrldi:typedMember>
            <xbrldi:typedMember dimension="c:d3"><c:_3>cG18.2</c:_3></xbrldi:typedMember>
        </xbrli:scenario>
    </xbrli:context>
    <c:cor-83 contextRef="cG4cG5cG18.2">fr-sample:PrimaryItem06</c:cor-83>
    <s:srcd-6 contextRef="cG4cG5cG18.2">gl-cor:account/gl-cor:accountMainID='00000003'</s:srcd-6>
    <!-- gl-cor:xbrlInfo / gl-srcd:summaryContext /  gl-srcd:summaryEntity -->
    <s:srcd-12 contextRef="cG4cG5cG18.2">test</s:srcd-12>
    <s:srcd-13 contextRef="cG4cG5cG18.2">http://www.srcdtest.com</s:srcd-13>
    <!-- gl-cor:xbrlInfo / gl-srcd:summaryContext /  gl-srcd:summaryEntity / gl-srcd:summarySegment -->
    <s:srcd-14 contextRef="cG4cG5cG18.2">fr-sample:Costcategory1</s:srcd-14>
    <s:srcd-15 contextRef="cG4cG5cG18.2">fr-sample:DomainMember20</s:srcd-15>
    <!-- gl-cor:xbrlInfo / gl-srcd:summaryContext /  gl-srcd:summaryPeriod -->
    <s:srcd-22 contextRef="cG4cG5cG18.2">2014-05-01</s:srcd-22>
    <s:srcd-23 contextRef="cG4cG5cG18.2">2014-05-31</s:srcd-23>
    <!-- gl-cor:xbrlInfo / gl-srcd:summaryContext /  gl-srcd:summaryUnit -->
    <s:srcd-32 contextRef="cG4cG5cG18.2">iso4217:USD</s:srcd-32>
    <!-- gl-cor:xbrlInfo / gl-srcd:summaryContext /  gl-srcd:summaryReportingTaxonomyIDRef -->
    <s:srcd-34 contextRef="cG4cG5cG18.2">SRCDTestInstance</s:srcd-34>

</xbrli:xbrl>