<?xml version="1.0" encoding="UTF-8"?>
<xbrli:xbrl
    xmlns:xbrll="http://www.xbrl.org/2003/linkbase"
    xmlns:xsi="http://www.w3.org/2001/XMLSchema-instance"
    xmlns:xlink="http://www.w3.org/1999/xlink"
    xmlns:iso639="http://www.xbrl.org/2005/iso639"
    xmlns:iso4217="http://www.xbrl.org/2003/iso4217"
    xmlns:xbrli="http://www.xbrl.org/2003/instance"
    xmlns:xbrldi="http://xbrl.org/2006/xbrldi"
    xmlns:c="http://www.xbrl.org/int/gl/cor/2020-12-31"
    xmlns:b="http://www.xbrl.org/int/gl/bus/2020-12-31"
    xmlns:m="http://www.xbrl.org/int/gl/muc/2020-12-31"
    xmlns:t="http://www.xbrl.org/int/gl/taf/2020-12-31"
    xmlns:h="http://www.xbrl.org/int/gl/ehm/2020-12-31"
    xmlns:s="http://www.xbrl.org/int/gl/srcd/2020-12-31"
    xmlns:e="http://www.xbrl.org/int/gl/cen/2020-12-31">
    <xbrll:schemaRef xlink:type="simple" xlink:href="../plt/case-srcd/gl-plt-2020-12-31.xsd" xlink:arcrole="http://www.w3.org/1999/xlink/properties/linkbase"/>
    <xbrli:unit id="pure">
        <xbrli:measure>xbrli:pure</xbrli:measure>
    </xbrli:unit>
    <xbrli:unit id="USD">
        <xbrli:measure>iso4217:USD</xbrli:measure>
    </xbrli:unit>
    <!-- gl-cor:documentInfo -->
    <xbrli:context id="cG2">
        <xbrli:entity><xbrli:identifier scheme="http://eipa.jp">EIPA</xbrli:identifier></xbrli:entity>
        <xbrli:period><xbrli:instant>2020-11-26</xbrli:instant></xbrli:period>
        <xbrli:scenario>
            <xbrldi:typedMember dimension="c:d1"><c:_1>cG2</c:_1></xbrldi:typedMember>
        </xbrli:scenario>
    </xbrli:context>
    <c:cor-1 contextRef="cG2">journal</c:cor-1>
    <c:cor-6 contextRef="cG2">2014-05-26</c:cor-6>
    <!-- gl-cor:entryHeader -->
    <xbrli:context id="cG4">
        <xbrli:entity><xbrli:identifier scheme="http://eipa.jp">EIPA</xbrli:identifier></xbrli:entity>
        <xbrli:period><xbrli:instant>2020-11-26</xbrli:instant></xbrli:period>
        <xbrli:scenario>
            <xbrldi:typedMember dimension="c:d1"><c:_1>cG4</c:_1></xbrldi:typedMember>
        </xbrli:scenario>
    </xbrli:context>
    <c:cor-10 contextRef="cG4">2014-05-29</c:cor-10>
    <c:cor-14 contextRef="cG4">other</c:cor-14>
    <!-- gl-cor:entryHeader / gl-cor:entryDetail 0 -->
    <xbrli:context id="cG4cG5">
        <xbrli:entity><xbrli:identifier scheme="http://eipa.jp">EIPA</xbrli:identifier></xbrli:entity>
        <xbrli:period><xbrli:instant>2020-11-26</xbrli:instant></xbrli:period>
        <xbrli:scenario>
          <xbrldi:typedMember dimension="c:d1"><c:_1>cG4</c:_1></xbrldi:typedMember>
          <xbrldi:typedMember dimension="c:d2"><c:_2>cG5</c:_2></xbrldi:typedMember>
        </xbrli:scenario>
    </xbrli:context>
    <c:cor-21 contextRef="cG4cG5">001</c:cor-21>
    <c:cor-23 contextRef="cG4cG5">00000001</c:cor-23>
    <c:cor-24 contextRef="cG4cG5">ID00000001</c:cor-24>
    <c:cor-40 contextRef="cG4cG5" unitRef="USD" decimals="INF">150</c:cor-40>
    <c:cor-42 contextRef="cG4cG5">C</c:cor-42>
    <c:cor-84 contextRef="cG4cG5">c:cor-40</c:cor-84>
    <!-- gl-cor:entryHeader / gl-cor:entryDetail 1 -->
    <xbrli:context id="cG4cG5.1">
        <xbrli:entity><xbrli:identifier scheme="http://eipa.jp">EIPA</xbrli:identifier></xbrli:entity>
        <xbrli:period><xbrli:instant>2020-11-26</xbrli:instant></xbrli:period>
        <xbrli:scenario>
          <xbrldi:typedMember dimension="c:d1"><c:_1>cG4</c:_1></xbrldi:typedMember>
          <xbrldi:typedMember dimension="c:d2"><c:_2>cG5.1</c:_2></xbrldi:typedMember>
        </xbrli:scenario>
    </xbrli:context>
    <c:cor-21 contextRef="cG4cG5.1">002</c:cor-21>
    <c:cor-23 contextRef="cG4cG5.1">00000002</c:cor-23>
    <c:cor-24 contextRef="cG4cG5.1">ID00000002</c:cor-24>
    <c:cor-40 contextRef="cG4cG5.1" unitRef="USD" decimals="INF">500</c:cor-40>
    <c:cor-42 contextRef="cG4cG5.1">C</c:cor-42>
    <c:cor-84 contextRef="cG4cG5.1">c:cor-40</c:cor-84>
    <!-- gl-cor:entryHeader / gl-cor:entryDetail 2 -->
    <xbrli:context id="cG4cG5.2">
        <xbrli:entity><xbrli:identifier scheme="http://eipa.jp">EIPA</xbrli:identifier></xbrli:entity>
        <xbrli:period><xbrli:instant>2020-11-26</xbrli:instant></xbrli:period>
        <xbrli:scenario>
          <xbrldi:typedMember dimension="c:d1"><c:_1>cG4</c:_1></xbrldi:typedMember>
          <xbrldi:typedMember dimension="c:d2"><c:_2>cG5.2</c:_2></xbrldi:typedMember>
        </xbrli:scenario>
    </xbrli:context>
    <c:cor-21 contextRef="cG4cG5.2">003</c:cor-21>
    <c:cor-23 contextRef="cG4cG5.2">00000003</c:cor-23>
    <c:cor-24 contextRef="cG4cG5.2">ID00000003</c:cor-24>
    <c:cor-40 contextRef="cG4cG5.2" unitRef="USD" decimals="INF">300</c:cor-40>
    <c:cor-42 contextRef="cG4cG5.2">C</c:cor-42>
    <c:cor-84 contextRef="cG4cG5.2">c:cor-40</c:cor-84>
</xbrli:xbrl>
