{
"@xmlns:b":"http://www.xbrl.org/int/gl/bus/2020-12-31",
"@xmlns:c":"http://www.xbrl.org/int/gl/cor/2020-12-31",
"@xmlns:e":"http://www.xbrl.org/int/gl/cen/2020-12-31",
"@xmlns:h":"http://www.xbrl.org/int/gl/ehm/2020-12-31",
"@xmlns:iso4217":"http://www.xbrl.org/2003/iso4217",
"@xmlns:iso639":"http://www.xbrl.org/2005/iso639",
"@xmlns:m":"http://www.xbrl.org/int/gl/muc/2020-12-31",
"@xmlns:s":"http://www.xbrl.org/int/gl/srcd/2020-12-31",
"@xmlns:t":"http://www.xbrl.org/int/gl/taf/2020-12-31",
"@xmlns:xbrldi":"http://xbrl.org/2006/xbrldi",
"@xmlns:xbrli":"http://www.xbrl.org/2003/instance",
"@xmlns:xbrll":"http://www.xbrl.org/2003/linkbase",
"@xmlns:xlink":"http://www.w3.org/1999/xlink",
"@xmlns:xsi":"http://www.w3.org/2001/XMLSchema-instance",
"c:cor-1":[{
"@contextRef":"cG2",
"v":"journal"
}],
"c:cor-83":[{
"@contextRef":"cG4cG5cG18",
"v":"fr-sample:PrimaryItem04"
},{
"@contextRef":"cG4cG5cG18.1",
"v":"fr-sample:PrimaryItem05"
},{
"@contextRef":"cG4cG5cG18.2",
"v":"fr-sample:PrimaryItem06"
}],
"s:srcd-12":[{
"@contextRef":"cG4cG5cG18",
"v":"test"
},{
"@contextRef":"cG4cG5cG18.1",
"v":"test"
},{
"@contextRef":"cG4cG5cG18.2",
"v":"test"
}],
"s:srcd-13":[{
"@contextRef":"cG4cG5cG18",
"v":"http://www.srcdtest.com"
},{
"@contextRef":"cG4cG5cG18.1",
"v":"http://www.srcdtest.com"
},{
"@contextRef":"cG4cG5cG18.2",
"v":"http://www.srcdtest.com"
}],
"s:srcd-14":[{
"@contextRef":"cG4cG5cG18",
"v":"fr-sample:Costcategory1"
},{
"@contextRef":"cG4cG5cG18.1",
"v":"fr-sample:Costcategory1"
},{
"@contextRef":"cG4cG5cG18.2",
"v":"fr-sample:Costcategory1"
}],
"s:srcd-15":[{
"@contextRef":"cG4cG5cG18",
"v":"fr-sample:DomainMember20"
},{
"@contextRef":"cG4cG5cG18.1",
"v":"fr-sample:DomainMember20"
},{
"@contextRef":"cG4cG5cG18.2",
"v":"fr-sample:DomainMember20"
}],
"s:srcd-1":[{
"@contextRef":"cG2sG1",
"v":"SRCDTestInstance"
}],
"s:srcd-22":[{
"@contextRef":"cG4cG5cG18",
"v":"2014-05-01"
},{
"@contextRef":"cG4cG5cG18.1",
"v":"2014-05-01"
},{
"@contextRef":"cG4cG5cG18.2",
"v":"2014-05-01"
}],
"s:srcd-23":[{
"@contextRef":"cG4cG5cG18",
"v":"2014-05-31"
},{
"@contextRef":"cG4cG5cG18.1",
"v":"2014-05-31"
},{
"@contextRef":"cG4cG5cG18.2",
"v":"2014-05-31"
}],
"s:srcd-2":[{
"@contextRef":"cG2sG1"
}],
"s:srcd-32":[{
"@contextRef":"cG4cG5cG18",
"v":"iso4217:USD"
},{
"@contextRef":"cG4cG5cG18.1",
"v":"iso4217:USD"
},{
"@contextRef":"cG4cG5cG18.2",
"v":"iso4217:USD"
}],
"s:srcd-34":[{
"@contextRef":"cG4cG5cG18",
"v":"SRCDTestInstance"
},{
"@contextRef":"cG4cG5cG18.1",
"v":"SRCDTestInstance"
},{
"@contextRef":"cG4cG5cG18.2",
"v":"SRCDTestInstance"
}],
"s:srcd-6":[{
"@contextRef":"cG4cG5cG18",
"v":"gl-cor:account/gl-cor:accountMainID='00000001'"
},{
"@contextRef":"cG4cG5cG18.1",
"v":"gl-cor:account/gl-cor:accountMainID='00000002'"
},{
"@contextRef":"cG4cG5cG18.2",
"v":"gl-cor:account/gl-cor:accountMainID='00000003'"
}],
"xbrli:context":[{
"@id":"cG2",
"xbrli:entity":[{
"xbrli:identifier":[{
"@scheme":"http://eipa.jp",
"v":"EIPA"
}]
}],
"xbrli:period":[{
"xbrli:instant":[{
"v":"2020-11-26"
}]
}],
"xbrli:scenario":[{
"xbrldi:typedMember":[{
"@dimension":"c:d1",
"c:_1":[{
"v":"cG2"
}]
}]
}]
},{
"@id":"cG2sG1",
"xbrli:entity":[{
"xbrli:identifier":[{
"@scheme":"http://eipa.jp",
"v":"EIPA"
}]
}],
"xbrli:period":[{
"xbrli:instant":[{
"v":"2020-11-26"
}]
}],
"xbrli:scenario":[{
"xbrldi:typedMember":[{
"@dimension":"c:d1",
"c:_1":[{
"v":"cG2"
}]
},{
"@dimension":"c:d2",
"c:_2":[{
"v":"sG1"
}]
}]
}]
},{
"@id":"cG4cG5cG18",
"xbrli:entity":[{
"xbrli:identifier":[{
"@scheme":"http://eipa.jp",
"v":"EIPA"
}]
}],
"xbrli:period":[{
"xbrli:instant":[{
"v":"2020-11-26"
}]
}],
"xbrli:scenario":[{
"xbrldi:typedMember":[{
"@dimension":"c:d1",
"c:_1":[{
"v":"cG4"
}]
},{
"@dimension":"c:d2",
"c:_2":[{
"v":"cG5"
}]
},{
"@dimension":"c:d3",
"c:_3":[{
"v":"cG18"
}]
}]
}]
},{
"@id":"cG4cG5cG18.1",
"xbrli:entity":[{
"xbrli:identifier":[{
"@scheme":"http://eipa.jp",
"v":"EIPA"
}]
}],
"xbrli:period":[{
"xbrli:instant":[{
"v":"2020-11-26"
}]
}],
"xbrli:scenario":[{
"xbrldi:typedMember":[{
"@dimension":"c:d1",
"c:_1":[{
"v":"cG4"
}]
},{
"@dimension":"c:d2",
"c:_2":[{
"v":"cG5"
}]
},{
"@dimension":"c:d3",
"c:_3":[{
"v":"cG18.1"
}]
}]
}]
},{
"@id":"cG4cG5cG18.2",
"xbrli:entity":[{
"xbrli:identifier":[{
"@scheme":"http://eipa.jp",
"v":"EIPA"
}]
}],
"xbrli:period":[{
"xbrli:instant":[{
"v":"2020-11-26"
}]
}],
"xbrli:scenario":[{
"xbrldi:typedMember":[{
"@dimension":"c:d1",
"c:_1":[{
"v":"cG4"
}]
},{
"@dimension":"c:d2",
"c:_2":[{
"v":"cG5"
}]
},{
"@dimension":"c:d3",
"c:_3":[{
"v":"cG18.2"
}]
}]
}]
}],
"xbrli:unit":[{
"@id":"pure",
"xbrli:measure":[{
"v":"xbrli:pure"
}]
},{
"@id":"EUR",
"xbrli:measure":[{
"v":"iso4217:EUR"
}]
}],
"xbrll:schemaRef":[{
"@xlink:arcrole":"http://www.w3.org/1999/xlink/properties/linkbase",
"@xlink:type":"simple"
}]
}
