<?xml version="1.0" encoding="UTF-8"?>
<xbrli:xbrl xmlns:xbrll="http://www.xbrl.org/2003/linkbase" xmlns:xsi="http://www.w3.org/2001/XMLSchema-instance" xmlns:xlink="http://www.w3.org/1999/xlink" xmlns:iso639="http://www.xbrl.org/2005/iso639" xmlns:iso4217="http://www.xbrl.org/2003/iso4217" xmlns:xbrli="http://www.xbrl.org/2003/instance" xmlns:xbrldi="http://xbrl.org/2006/xbrldi" xmlns:c="http://www.xbrl.org/int/gl/cor/2020-12-31" xmlns:b="http://www.xbrl.org/int/gl/bus/2020-12-31" xmlns:m="http://www.xbrl.org/int/gl/muc/2020-12-31" xmlns:t="http://www.xbrl.org/int/gl/taf/2020-12-31" xmlns:h="http://www.xbrl.org/int/gl/ehm/2020-12-31" xmlns:e="http://www.xbrl.org/int/gl/cen/2020-12-31">
    <xbrll:schemaRef xlink:type="simple" xlink:href="../plt/case-cen/gl-plt-2020-12-31.xsd" xlink:arcrole="http://www.w3.org/1999/xlink/properties/linkbase" />
    <xbrli:unit id="pure">
        <xbrli:measure>xbrli:pure</xbrli:measure>
    </xbrli:unit>
    <xbrli:unit id="DKK">
        <xbrli:measure>iso4217:DKK</xbrli:measure>
    </xbrli:unit>
    <xbrli:context id="cG2">
        <xbrli:entity>
            <xbrli:identifier scheme="http://eipa.jp">EIPA</xbrli:identifier>
        </xbrli:entity>
        <xbrli:period>
            <xbrli:instant>2020-11-29</xbrli:instant>
        </xbrli:period>
        <xbrli:scenario>
            <xbrldi:typedMember dimension="c:d1">
                <c:_1>cG2</c:_1>
            </xbrldi:typedMember>
        </xbrli:scenario>
    </xbrli:context>
    <c:cor-76 contextRef="cG2">TOSL108</c:cor-76>
    <c:cor-79 contextRef="cG2">2013-04-10</c:cor-79>
    <c:cor-73 contextRef="cG2">380</c:cor-73>
    <e:cen-12 contextRef="cG2">SUBSCR571</e:cen-12>
    <xbrli:context id="cG2eG16">
        <xbrli:entity>
            <xbrli:identifier scheme="http://eipa.jp">EIPA</xbrli:identifier>
        </xbrli:entity>
        <xbrli:period>
            <xbrli:instant>2020-11-29</xbrli:instant>
        </xbrli:period>
        <xbrli:scenario>
            <xbrldi:typedMember dimension="c:d1">
                <c:_1>cG2</c:_1>
            </xbrldi:typedMember>
            <xbrldi:typedMember dimension="c:d2">
                <c:_2>eG16</c:_2>
            </xbrldi:typedMember>
        </xbrli:scenario>
    </xbrli:context>
    <e:cen-81 contextRef="cG2eG16">30</e:cen-81>
    <e:cen-83 contextRef="cG2eG16">Payref1</e:cen-83>
    <xbrli:context id="cG2eG16eG17">
        <xbrli:entity>
            <xbrli:identifier scheme="http://eipa.jp">EIPA</xbrli:identifier>
        </xbrli:entity>
        <xbrli:period>
            <xbrli:instant>2020-11-29</xbrli:instant>
        </xbrli:period>
        <xbrli:scenario>
            <xbrldi:typedMember dimension="c:d1">
                <c:_1>cG2</c:_1>
            </xbrldi:typedMember>
            <xbrldi:typedMember dimension="c:d2">
                <c:_2>eG16</c:_2>
            </xbrldi:typedMember>
            <xbrldi:typedMember dimension="c:d3">
                <c:_3>eG17</c:_3>
            </xbrldi:typedMember>
        </xbrli:scenario>
    </xbrli:context>
    <e:cen-84 contextRef="cG2eG16eG17">DK1212341234123412</e:cen-84>
    <xbrli:context id="cG2eG1">
        <xbrli:entity>
            <xbrli:identifier scheme="http://eipa.jp">EIPA</xbrli:identifier>
        </xbrli:entity>
        <xbrli:period>
            <xbrli:instant>2020-11-29</xbrli:instant>
        </xbrli:period>
        <xbrli:scenario>
            <xbrldi:typedMember dimension="c:d1">
                <c:_1>cG2</c:_1>
            </xbrldi:typedMember>
            <xbrldi:typedMember dimension="c:d2">
                <c:_2>eG1</c:_2>
            </xbrldi:typedMember>
        </xbrli:scenario>
    </xbrli:context>
    <e:cen-22 contextRef="cG2eG1">Contract was established through our website</e:cen-22>
    <xbrli:context id="cG2eG2">
        <xbrli:entity>
            <xbrli:identifier scheme="http://eipa.jp">EIPA</xbrli:identifier>
        </xbrli:entity>
        <xbrli:period>
            <xbrli:instant>2020-11-29</xbrli:instant>
        </xbrli:period>
        <xbrli:scenario>
            <xbrldi:typedMember dimension="c:d1">
                <c:_1>cG2</c:_1>
            </xbrldi:typedMember>
            <xbrldi:typedMember dimension="c:d2">
                <c:_2>eG2</c:_2>
            </xbrldi:typedMember>
        </xbrli:scenario>
    </xbrli:context>
    <e:cen-24 contextRef="cG2eG2">urn:cen.eu:en16931:2017</e:cen-24>
    <xbrli:context id="cG3eG4">
        <xbrli:entity>
            <xbrli:identifier scheme="http://eipa.jp">EIPA</xbrli:identifier>
        </xbrli:entity>
        <xbrli:period>
            <xbrli:instant>2020-11-29</xbrli:instant>
        </xbrli:period>
        <xbrli:scenario>
            <xbrldi:typedMember dimension="c:d1">
                <c:_1>cG3</c:_1>
            </xbrldi:typedMember>
            <xbrldi:typedMember dimension="c:d2">
                <c:_2>eG4</c:_2>
            </xbrldi:typedMember>
        </xbrli:scenario>
    </xbrli:context>
    <e:cen-30 contextRef="cG3eG4">DK16356706</e:cen-30>
    <e:cen-31 contextRef="cG3eG4">DK16356706</e:cen-31>
    <e:cen-32 contextRef="cG3eG4">DK16356706</e:cen-32>
    <e:cen-27 contextRef="cG3eG4">SubscriptionSeller</e:cen-27>
    <xbrli:context id="cG3eG4eG5">
        <xbrli:entity>
            <xbrli:identifier scheme="http://eipa.jp">EIPA</xbrli:identifier>
        </xbrli:entity>
        <xbrli:period>
            <xbrli:instant>2020-11-29</xbrli:instant>
        </xbrli:period>
        <xbrli:scenario>
            <xbrldi:typedMember dimension="c:d1">
                <c:_1>cG3</c:_1>
            </xbrldi:typedMember>
            <xbrldi:typedMember dimension="c:d2">
                <c:_2>eG4</c:_2>
            </xbrldi:typedMember>
            <xbrldi:typedMember dimension="c:d3">
                <c:_3>eG5</c:_3>
            </xbrldi:typedMember>
        </xbrli:scenario>
    </xbrli:context>
    <e:cen-35 contextRef="cG3eG4eG5">Main street 2, Building 4</e:cen-35>
    <e:cen-37 contextRef="cG3eG4eG5">Big city</e:cen-37>
    <e:cen-38 contextRef="cG3eG4eG5">54321</e:cen-38>
    <e:cen-40 contextRef="cG3eG4eG5">DK</e:cen-40>
    <xbrli:context id="cG3eG7">
        <xbrli:entity>
            <xbrli:identifier scheme="http://eipa.jp">EIPA</xbrli:identifier>
        </xbrli:entity>
        <xbrli:period>
            <xbrli:instant>2020-11-29</xbrli:instant>
        </xbrli:period>
        <xbrli:scenario>
            <xbrldi:typedMember dimension="c:d1">
                <c:_1>cG3</c:_1>
            </xbrldi:typedMember>
            <xbrldi:typedMember dimension="c:d2">
                <c:_2>eG7</c:_2>
            </xbrldi:typedMember>
        </xbrli:scenario>
    </xbrli:context>
    <e:cen-44 contextRef="cG3eG7">Buyercompany ltd</e:cen-44>
    <xbrli:context id="cG3eG7eG8">
        <xbrli:entity>
            <xbrli:identifier scheme="http://eipa.jp">EIPA</xbrli:identifier>
        </xbrli:entity>
        <xbrli:period>
            <xbrli:instant>2020-11-29</xbrli:instant>
        </xbrli:period>
        <xbrli:scenario>
            <xbrldi:typedMember dimension="c:d1">
                <c:_1>cG3</c:_1>
            </xbrldi:typedMember>
            <xbrldi:typedMember dimension="c:d2">
                <c:_2>eG7</c:_2>
            </xbrldi:typedMember>
            <xbrldi:typedMember dimension="c:d3">
                <c:_3>eG8</c:_3>
            </xbrldi:typedMember>
        </xbrli:scenario>
    </xbrli:context>
    <e:cen-50 contextRef="cG3eG7eG8">Anystreet, Building 1</e:cen-50>
    <e:cen-52 contextRef="cG3eG7eG8">Anytown</e:cen-52>
    <e:cen-53 contextRef="cG3eG7eG8">101</e:cen-53>
    <e:cen-55 contextRef="cG3eG7eG8">DK</e:cen-55>
    <xbrli:context id="cG4">
        <xbrli:entity>
            <xbrli:identifier scheme="http://eipa.jp">EIPA</xbrli:identifier>
        </xbrli:entity>
        <xbrli:period>
            <xbrli:instant>2020-11-29</xbrli:instant>
        </xbrli:period>
        <xbrli:scenario>
            <xbrldi:typedMember dimension="c:d1">
                <c:_1>cG4</c:_1>
            </xbrldi:typedMember>
        </xbrli:scenario>
    </xbrli:context>
    <m:muc-4 contextRef="cG4">DKK</m:muc-4>
    <xbrli:context id="cG4cG5">
        <xbrli:entity>
            <xbrli:identifier scheme="http://eipa.jp">EIPA</xbrli:identifier>
        </xbrli:entity>
        <xbrli:period>
            <xbrli:instant>2020-11-29</xbrli:instant>
        </xbrli:period>
        <xbrli:scenario>
            <xbrldi:typedMember dimension="c:d1">
                <c:_1>cG4</c:_1>
            </xbrldi:typedMember>
            <xbrldi:typedMember dimension="c:d2">
                <c:_2>cG5</c:_2>
            </xbrldi:typedMember>
        </xbrli:scenario>
    </xbrli:context>
    <c:cor-22 contextRef="cG4cG5" decimals="INF" unitRef="pure">1</c:cor-22>
    <e:cen-129 contextRef="cG4cG5" decimals="INF" unitRef="pure">1</e:cen-129>
    <e:cen-130 contextRef="cG4cG5">1</e:cen-130>
    <e:cen-131 contextRef="cG4cG5" decimals="INF" unitRef="DKK">800</e:cen-131>
    <xbrli:context id="cG4cG5cG19">
        <xbrli:entity>
            <xbrli:identifier scheme="http://eipa.jp">EIPA</xbrli:identifier>
        </xbrli:entity>
        <xbrli:period>
            <xbrli:instant>2020-11-29</xbrli:instant>
        </xbrli:period>
        <xbrli:scenario>
            <xbrldi:typedMember dimension="c:d1">
                <c:_1>cG4</c:_1>
            </xbrldi:typedMember>
            <xbrldi:typedMember dimension="c:d2">
                <c:_2>cG5</c:_2>
            </xbrldi:typedMember>
            <xbrldi:typedMember dimension="c:d3">
                <c:_3>cG19</c:_3>
            </xbrldi:typedMember>
        </xbrli:scenario>
    </xbrli:context>
    <e:cen-151 contextRef="cG4cG5cG19">VAT</e:cen-151>
    <e:cen-152 contextRef="cG4cG5cG19" decimals="INF" unitRef="pure">0.25</e:cen-152>
    <xbrli:context id="cG4cG5eG29">
        <xbrli:entity>
            <xbrli:identifier scheme="http://eipa.jp">EIPA</xbrli:identifier>
        </xbrli:entity>
        <xbrli:period>
            <xbrli:instant>2020-11-29</xbrli:instant>
        </xbrli:period>
        <xbrli:scenario>
            <xbrldi:typedMember dimension="c:d1">
                <c:_1>cG4</c:_1>
            </xbrldi:typedMember>
            <xbrldi:typedMember dimension="c:d2">
                <c:_2>cG5</c:_2>
            </xbrldi:typedMember>
            <xbrldi:typedMember dimension="c:d3">
                <c:_3>eG29</c:_3>
            </xbrldi:typedMember>
        </xbrli:scenario>
    </xbrli:context>
    <e:cen-146 contextRef="cG4cG5eG29" decimals="INF" unitRef="DKK">800</e:cen-146>
    <xbrli:context id="cG4cG5eG31">
        <xbrli:entity>
            <xbrli:identifier scheme="http://eipa.jp">EIPA</xbrli:identifier>
        </xbrli:entity>
        <xbrli:period>
            <xbrli:instant>2020-11-29</xbrli:instant>
        </xbrli:period>
        <xbrli:scenario>
            <xbrldi:typedMember dimension="c:d1">
                <c:_1>cG4</c:_1>
            </xbrldi:typedMember>
            <xbrldi:typedMember dimension="c:d2">
                <c:_2>cG5</c:_2>
            </xbrldi:typedMember>
            <xbrldi:typedMember dimension="c:d3">
                <c:_3>eG31</c:_3>
            </xbrldi:typedMember>
        </xbrli:scenario>
    </xbrli:context>
    <b:bus-143 contextRef="cG4cG5eG31">Paper subscription</b:bus-143>
    <xbrli:context id="cG4eG21">
        <xbrli:entity>
            <xbrli:identifier scheme="http://eipa.jp">EIPA</xbrli:identifier>
        </xbrli:entity>
        <xbrli:period>
            <xbrli:instant>2020-11-29</xbrli:instant>
        </xbrli:period>
        <xbrli:scenario>
            <xbrldi:typedMember dimension="c:d1">
                <c:_1>cG4</c:_1>
            </xbrldi:typedMember>
            <xbrldi:typedMember dimension="c:d2">
                <c:_2>eG21</c:_2>
            </xbrldi:typedMember>
        </xbrli:scenario>
    </xbrli:context>
    <e:cen-99 contextRef="cG4eG21" decimals="INF" unitRef="DKK">100</e:cen-99>
    <e:cen-102 contextRef="cG4eG21">S</e:cen-102>
    <e:cen-103 contextRef="cG4eG21" decimals="INF" unitRef="pure">0.25</e:cen-103>
    <e:cen-104 contextRef="cG4eG21">Freight charge</e:cen-104>
    <e:cen-105 contextRef="cG4eG21">FC</e:cen-105>
    <xbrli:context id="cG4eG22">
        <xbrli:entity>
            <xbrli:identifier scheme="http://eipa.jp">EIPA</xbrli:identifier>
        </xbrli:entity>
        <xbrli:period>
            <xbrli:instant>2020-11-29</xbrli:instant>
        </xbrli:period>
        <xbrli:scenario>
            <xbrldi:typedMember dimension="c:d1">
                <c:_1>cG4</c:_1>
            </xbrldi:typedMember>
            <xbrldi:typedMember dimension="c:d2">
                <c:_2>eG22</c:_2>
            </xbrldi:typedMember>
        </xbrli:scenario>
    </xbrli:context>
    <e:cen-106 contextRef="cG4eG22" decimals="INF" unitRef="DKK">800</e:cen-106>
    <e:cen-108 contextRef="cG4eG22" decimals="INF" unitRef="DKK">100</e:cen-108>
    <e:cen-109 contextRef="cG4eG22" decimals="INF" unitRef="DKK">900</e:cen-109>
    <e:cen-110 contextRef="cG4eG22" decimals="INF" unitRef="DKK">225</e:cen-110>
    <e:cen-111 contextRef="cG4eG22" decimals="INF" unitRef="DKK">225</e:cen-111>
    <e:cen-112 contextRef="cG4eG22" decimals="INF" unitRef="DKK">1125</e:cen-112>
    <e:cen-115 contextRef="cG4eG22" decimals="INF" unitRef="DKK">1125</e:cen-115>
    <xbrli:context id="cG4eG23">
        <xbrli:entity>
            <xbrli:identifier scheme="http://eipa.jp">EIPA</xbrli:identifier>
        </xbrli:entity>
        <xbrli:period>
            <xbrli:instant>2020-11-29</xbrli:instant>
        </xbrli:period>
        <xbrli:scenario>
            <xbrldi:typedMember dimension="c:d1">
                <c:_1>cG4</c:_1>
            </xbrldi:typedMember>
            <xbrldi:typedMember dimension="c:d2">
                <c:_2>eG23</c:_2>
            </xbrldi:typedMember>
        </xbrli:scenario>
    </xbrli:context>
    <e:cen-116 contextRef="cG4eG23" decimals="INF" unitRef="DKK">900</e:cen-116>
    <e:cen-117 contextRef="cG4eG23" decimals="INF" unitRef="DKK">225</e:cen-117>
    <e:cen-118 contextRef="cG4eG23">VAT</e:cen-118>
    <e:cen-119 contextRef="cG4eG23" decimals="INF" unitRef="pure">0.25</e:cen-119>
</xbrli:xbrl>