<?xml version="1.0" encoding="UTF-8"?>
<xbrli:xbrl xmlns:xbrll="http://www.xbrl.org/2003/linkbase" xmlns:xsi="http://www.w3.org/2001/XMLSchema-instance" xmlns:xlink="http://www.w3.org/1999/xlink" xmlns:iso639="http://www.xbrl.org/2005/iso639" xmlns:iso4217="http://www.xbrl.org/2003/iso4217" xmlns:xbrli="http://www.xbrl.org/2003/instance" xmlns:xbrldi="http://xbrl.org/2006/xbrldi" xmlns:c="http://www.xbrl.org/int/gl/cor/2020-12-31" xmlns:b="http://www.xbrl.org/int/gl/bus/2020-12-31" xmlns:m="http://www.xbrl.org/int/gl/muc/2020-12-31" xmlns:t="http://www.xbrl.org/int/gl/taf/2020-12-31" xmlns:h="http://www.xbrl.org/int/gl/ehm/2020-12-31" xmlns:e="http://www.xbrl.org/int/gl/cen/2020-12-31">
    <xbrll:schemaRef xlink:type="simple" xlink:href="../plt/case-cen/gl-plt-2020-12-31.xsd" xlink:arcrole="http://www.w3.org/1999/xlink/properties/linkbase" />
    <xbrli:unit id="pure">
        <xbrli:measure>xbrli:pure</xbrli:measure>
    </xbrli:unit>
    <xbrli:unit id="SEK">
        <xbrli:measure>iso4217:SEK</xbrli:measure>
    </xbrli:unit>
    <xbrli:context id="cG2">
        <xbrli:entity>
            <xbrli:identifier scheme="http://eipa.jp">EIPA</xbrli:identifier>
        </xbrli:entity>
        <xbrli:period>
            <xbrli:instant>2020-11-29</xbrli:instant>
        </xbrli:period>
        <xbrli:scenario>
            <xbrldi:typedMember dimension="c:d1">
                <c:_1>cG2</c:_1>
            </xbrldi:typedMember>
        </xbrli:scenario>
    </xbrli:context>
    <c:cor-76 contextRef="cG2">INVOICE_test_7</c:cor-76>
    <c:cor-79 contextRef="cG2">2013-05-13</c:cor-79>
    <c:cor-73 contextRef="cG2">380</c:cor-73>
    <e:cen-13 contextRef="cG2">Order_9988_x</e:cen-13>
    <xbrli:context id="cG2eG16">
        <xbrli:entity>
            <xbrli:identifier scheme="http://eipa.jp">EIPA</xbrli:identifier>
        </xbrli:entity>
        <xbrli:period>
            <xbrli:instant>2020-11-29</xbrli:instant>
        </xbrli:period>
        <xbrli:scenario>
            <xbrldi:typedMember dimension="c:d1">
                <c:_1>cG2</c:_1>
            </xbrldi:typedMember>
            <xbrldi:typedMember dimension="c:d2">
                <c:_2>eG16</c:_2>
            </xbrldi:typedMember>
        </xbrli:scenario>
    </xbrli:context>
    <e:cen-81 contextRef="cG2eG16">30</e:cen-81>
    <xbrli:context id="cG2eG16eG17">
        <xbrli:entity>
            <xbrli:identifier scheme="http://eipa.jp">EIPA</xbrli:identifier>
        </xbrli:entity>
        <xbrli:period>
            <xbrli:instant>2020-11-29</xbrli:instant>
        </xbrli:period>
        <xbrli:scenario>
            <xbrldi:typedMember dimension="c:d1">
                <c:_1>cG2</c:_1>
            </xbrldi:typedMember>
            <xbrldi:typedMember dimension="c:d2">
                <c:_2>eG16</c:_2>
            </xbrldi:typedMember>
            <xbrldi:typedMember dimension="c:d3">
                <c:_3>eG17</c:_3>
            </xbrldi:typedMember>
        </xbrli:scenario>
    </xbrli:context>
    <e:cen-84 contextRef="cG2eG16eG17">SE1212341234123412</e:cen-84>
    <xbrli:context id="cG2eG1">
        <xbrli:entity>
            <xbrli:identifier scheme="http://eipa.jp">EIPA</xbrli:identifier>
        </xbrli:entity>
        <xbrli:period>
            <xbrli:instant>2020-11-29</xbrli:instant>
        </xbrli:period>
        <xbrli:scenario>
            <xbrldi:typedMember dimension="c:d1">
                <c:_1>cG2</c:_1>
            </xbrldi:typedMember>
            <xbrldi:typedMember dimension="c:d2">
                <c:_2>eG1</c:_2>
            </xbrldi:typedMember>
        </xbrli:scenario>
    </xbrli:context>
    <e:cen-22 contextRef="cG2eG1">Testscenario 7</e:cen-22>
    <xbrli:context id="cG2eG2">
        <xbrli:entity>
            <xbrli:identifier scheme="http://eipa.jp">EIPA</xbrli:identifier>
        </xbrli:entity>
        <xbrli:period>
            <xbrli:instant>2020-11-29</xbrli:instant>
        </xbrli:period>
        <xbrli:scenario>
            <xbrldi:typedMember dimension="c:d1">
                <c:_1>cG2</c:_1>
            </xbrldi:typedMember>
            <xbrldi:typedMember dimension="c:d2">
                <c:_2>eG2</c:_2>
            </xbrldi:typedMember>
        </xbrli:scenario>
    </xbrli:context>
    <e:cen-24 contextRef="cG2eG2">urn:cen.eu:en16931:2017</e:cen-24>
    <xbrli:context id="cG3eG4">
        <xbrli:entity>
            <xbrli:identifier scheme="http://eipa.jp">EIPA</xbrli:identifier>
        </xbrli:entity>
        <xbrli:period>
            <xbrli:instant>2020-11-29</xbrli:instant>
        </xbrli:period>
        <xbrli:scenario>
            <xbrldi:typedMember dimension="c:d1">
                <c:_1>cG3</c:_1>
            </xbrldi:typedMember>
            <xbrldi:typedMember dimension="c:d2">
                <c:_2>eG4</c:_2>
            </xbrldi:typedMember>
        </xbrli:scenario>
    </xbrli:context>
    <e:cen-29 contextRef="cG3eG4">5532331183</e:cen-29>
    <e:cen-27 contextRef="cG3eG4">The Sellercompany Incorporated</e:cen-27>
    <e:cen-28 contextRef="cG3eG4">Civic Service Centre</e:cen-28>
    <xbrli:context id="cG3eG4eG5">
        <xbrli:entity>
            <xbrli:identifier scheme="http://eipa.jp">EIPA</xbrli:identifier>
        </xbrli:entity>
        <xbrli:period>
            <xbrli:instant>2020-11-29</xbrli:instant>
        </xbrli:period>
        <xbrli:scenario>
            <xbrldi:typedMember dimension="c:d1">
                <c:_1>cG3</c:_1>
            </xbrldi:typedMember>
            <xbrldi:typedMember dimension="c:d2">
                <c:_2>eG4</c:_2>
            </xbrldi:typedMember>
            <xbrldi:typedMember dimension="c:d3">
                <c:_3>eG5</c:_3>
            </xbrldi:typedMember>
        </xbrli:scenario>
    </xbrli:context>
    <e:cen-35 contextRef="cG3eG4eG5">Main street 2, Building 4</e:cen-35>
    <e:cen-37 contextRef="cG3eG4eG5">Big city</e:cen-37>
    <e:cen-38 contextRef="cG3eG4eG5">54321</e:cen-38>
    <e:cen-40 contextRef="cG3eG4eG5">SE</e:cen-40>
    <xbrli:context id="cG3eG7">
        <xbrli:entity>
            <xbrli:identifier scheme="http://eipa.jp">EIPA</xbrli:identifier>
        </xbrli:entity>
        <xbrli:period>
            <xbrli:instant>2020-11-29</xbrli:instant>
        </xbrli:period>
        <xbrli:scenario>
            <xbrldi:typedMember dimension="c:d1">
                <c:_1>cG3</c:_1>
            </xbrldi:typedMember>
            <xbrldi:typedMember dimension="c:d2">
                <c:_2>eG7</c:_2>
            </xbrldi:typedMember>
        </xbrli:scenario>
    </xbrli:context>
    <e:cen-44 contextRef="cG3eG7">THe Buyercompany</e:cen-44>
    <xbrli:context id="cG3eG7eG8">
        <xbrli:entity>
            <xbrli:identifier scheme="http://eipa.jp">EIPA</xbrli:identifier>
        </xbrli:entity>
        <xbrli:period>
            <xbrli:instant>2020-11-29</xbrli:instant>
        </xbrli:period>
        <xbrli:scenario>
            <xbrldi:typedMember dimension="c:d1">
                <c:_1>cG3</c:_1>
            </xbrldi:typedMember>
            <xbrldi:typedMember dimension="c:d2">
                <c:_2>eG7</c:_2>
            </xbrldi:typedMember>
            <xbrldi:typedMember dimension="c:d3">
                <c:_3>eG8</c:_3>
            </xbrldi:typedMember>
        </xbrli:scenario>
    </xbrli:context>
    <e:cen-50 contextRef="cG3eG7eG8">Anystreet 8</e:cen-50>
    <e:cen-51 contextRef="cG3eG7eG8">Back door</e:cen-51>
    <e:cen-52 contextRef="cG3eG7eG8">Anytown</e:cen-52>
    <e:cen-53 contextRef="cG3eG7eG8">101</e:cen-53>
    <e:cen-54 contextRef="cG3eG7eG8">RegionB</e:cen-54>
    <e:cen-55 contextRef="cG3eG7eG8">SE</e:cen-55>
    <xbrli:context id="cG4">
        <xbrli:entity>
            <xbrli:identifier scheme="http://eipa.jp">EIPA</xbrli:identifier>
        </xbrli:entity>
        <xbrli:period>
            <xbrli:instant>2020-11-29</xbrli:instant>
        </xbrli:period>
        <xbrli:scenario>
            <xbrldi:typedMember dimension="c:d1">
                <c:_1>cG4</c:_1>
            </xbrldi:typedMember>
        </xbrli:scenario>
    </xbrli:context>
    <m:muc-4 contextRef="cG4">SEK</m:muc-4>
    <xbrli:context id="cG4cG5">
        <xbrli:entity>
            <xbrli:identifier scheme="http://eipa.jp">EIPA</xbrli:identifier>
        </xbrli:entity>
        <xbrli:period>
            <xbrli:instant>2020-11-29</xbrli:instant>
        </xbrli:period>
        <xbrli:scenario>
            <xbrldi:typedMember dimension="c:d1">
                <c:_1>cG4</c:_1>
            </xbrldi:typedMember>
            <xbrldi:typedMember dimension="c:d2">
                <c:_2>cG5</c:_2>
            </xbrldi:typedMember>
        </xbrli:scenario>
    </xbrli:context>
    <c:cor-22 contextRef="cG4cG5" decimals="INF" unitRef="pure">1</c:cor-22>
    <e:cen-129 contextRef="cG4cG5" decimals="INF" unitRef="pure">1</e:cen-129>
    <e:cen-130 contextRef="cG4cG5">1</e:cen-130>
    <e:cen-131 contextRef="cG4cG5" decimals="INF" unitRef="SEK">2500</e:cen-131>
    <xbrli:context id="cG4cG5cG19">
        <xbrli:entity>
            <xbrli:identifier scheme="http://eipa.jp">EIPA</xbrli:identifier>
        </xbrli:entity>
        <xbrli:period>
            <xbrli:instant>2020-11-29</xbrli:instant>
        </xbrli:period>
        <xbrli:scenario>
            <xbrldi:typedMember dimension="c:d1">
                <c:_1>cG4</c:_1>
            </xbrldi:typedMember>
            <xbrldi:typedMember dimension="c:d2">
                <c:_2>cG5</c:_2>
            </xbrldi:typedMember>
            <xbrldi:typedMember dimension="c:d3">
                <c:_3>cG19</c:_3>
            </xbrldi:typedMember>
        </xbrli:scenario>
    </xbrli:context>
    <e:cen-151 contextRef="cG4cG5cG19">VAT</e:cen-151>
    <xbrli:context id="cG4cG5eG29">
        <xbrli:entity>
            <xbrli:identifier scheme="http://eipa.jp">EIPA</xbrli:identifier>
        </xbrli:entity>
        <xbrli:period>
            <xbrli:instant>2020-11-29</xbrli:instant>
        </xbrli:period>
        <xbrli:scenario>
            <xbrldi:typedMember dimension="c:d1">
                <c:_1>cG4</c:_1>
            </xbrldi:typedMember>
            <xbrldi:typedMember dimension="c:d2">
                <c:_2>cG5</c:_2>
            </xbrldi:typedMember>
            <xbrldi:typedMember dimension="c:d3">
                <c:_3>eG29</c:_3>
            </xbrldi:typedMember>
        </xbrli:scenario>
    </xbrli:context>
    <e:cen-146 contextRef="cG4cG5eG29" decimals="INF" unitRef="SEK">2500</e:cen-146>
    <xbrli:context id="cG4cG5eG31">
        <xbrli:entity>
            <xbrli:identifier scheme="http://eipa.jp">EIPA</xbrli:identifier>
        </xbrli:entity>
        <xbrli:period>
            <xbrli:instant>2020-11-29</xbrli:instant>
        </xbrli:period>
        <xbrli:scenario>
            <xbrldi:typedMember dimension="c:d1">
                <c:_1>cG4</c:_1>
            </xbrldi:typedMember>
            <xbrldi:typedMember dimension="c:d2">
                <c:_2>cG5</c:_2>
            </xbrldi:typedMember>
            <xbrldi:typedMember dimension="c:d3">
                <c:_3>eG31</c:_3>
            </xbrldi:typedMember>
        </xbrli:scenario>
    </xbrli:context>
    <b:bus-143 contextRef="cG4cG5eG31">Road tax</b:bus-143>
    <xbrli:context id="cG4cG5.1">
        <xbrli:entity>
            <xbrli:identifier scheme="http://eipa.jp">EIPA</xbrli:identifier>
        </xbrli:entity>
        <xbrli:period>
            <xbrli:instant>2020-11-29</xbrli:instant>
        </xbrli:period>
        <xbrli:scenario>
            <xbrldi:typedMember dimension="c:d1">
                <c:_1>cG4</c:_1>
            </xbrldi:typedMember>
            <xbrldi:typedMember dimension="c:d2">
                <c:_2>cG5.1</c:_2>
            </xbrldi:typedMember>
        </xbrli:scenario>
    </xbrli:context>
    <c:cor-22 contextRef="cG4cG5.1" decimals="INF" unitRef="pure">2</c:cor-22>
    <e:cen-129 contextRef="cG4cG5.1" decimals="INF" unitRef="pure">1</e:cen-129>
    <e:cen-130 contextRef="cG4cG5.1">1</e:cen-130>
    <e:cen-131 contextRef="cG4cG5.1" decimals="INF" unitRef="SEK">700</e:cen-131>
    <xbrli:context id="cG4cG5.1cG19">
        <xbrli:entity>
            <xbrli:identifier scheme="http://eipa.jp">EIPA</xbrli:identifier>
        </xbrli:entity>
        <xbrli:period>
            <xbrli:instant>2020-11-29</xbrli:instant>
        </xbrli:period>
        <xbrli:scenario>
            <xbrldi:typedMember dimension="c:d1">
                <c:_1>cG4</c:_1>
            </xbrldi:typedMember>
            <xbrldi:typedMember dimension="c:d2">
                <c:_2>cG5.1</c:_2>
            </xbrldi:typedMember>
            <xbrldi:typedMember dimension="c:d3">
                <c:_3>cG19</c:_3>
            </xbrldi:typedMember>
        </xbrli:scenario>
    </xbrli:context>
    <e:cen-151 contextRef="cG4cG5.1cG19">VAT</e:cen-151>
    <xbrli:context id="cG4cG5.1eG29">
        <xbrli:entity>
            <xbrli:identifier scheme="http://eipa.jp">EIPA</xbrli:identifier>
        </xbrli:entity>
        <xbrli:period>
            <xbrli:instant>2020-11-29</xbrli:instant>
        </xbrli:period>
        <xbrli:scenario>
            <xbrldi:typedMember dimension="c:d1">
                <c:_1>cG4</c:_1>
            </xbrldi:typedMember>
            <xbrldi:typedMember dimension="c:d2">
                <c:_2>cG5.1</c:_2>
            </xbrldi:typedMember>
            <xbrldi:typedMember dimension="c:d3">
                <c:_3>eG29</c:_3>
            </xbrldi:typedMember>
        </xbrli:scenario>
    </xbrli:context>
    <e:cen-146 contextRef="cG4cG5.1eG29" decimals="INF" unitRef="SEK">700</e:cen-146>
    <xbrli:context id="cG4cG5.1eG31">
        <xbrli:entity>
            <xbrli:identifier scheme="http://eipa.jp">EIPA</xbrli:identifier>
        </xbrli:entity>
        <xbrli:period>
            <xbrli:instant>2020-11-29</xbrli:instant>
        </xbrli:period>
        <xbrli:scenario>
            <xbrldi:typedMember dimension="c:d1">
                <c:_1>cG4</c:_1>
            </xbrldi:typedMember>
            <xbrldi:typedMember dimension="c:d2">
                <c:_2>cG5.1</c:_2>
            </xbrldi:typedMember>
            <xbrldi:typedMember dimension="c:d3">
                <c:_3>eG31</c:_3>
            </xbrldi:typedMember>
        </xbrli:scenario>
    </xbrli:context>
    <b:bus-143 contextRef="cG4cG5.1eG31">Road Register fee</b:bus-143>
    <xbrli:context id="cG4eG22">
        <xbrli:entity>
            <xbrli:identifier scheme="http://eipa.jp">EIPA</xbrli:identifier>
        </xbrli:entity>
        <xbrli:period>
            <xbrli:instant>2020-11-29</xbrli:instant>
        </xbrli:period>
        <xbrli:scenario>
            <xbrldi:typedMember dimension="c:d1">
                <c:_1>cG4</c:_1>
            </xbrldi:typedMember>
            <xbrldi:typedMember dimension="c:d2">
                <c:_2>eG22</c:_2>
            </xbrldi:typedMember>
        </xbrli:scenario>
    </xbrli:context>
    <e:cen-106 contextRef="cG4eG22" decimals="INF" unitRef="SEK">3200</e:cen-106>
    <e:cen-109 contextRef="cG4eG22" decimals="INF" unitRef="SEK">3200</e:cen-109>
    <e:cen-112 contextRef="cG4eG22" decimals="INF" unitRef="SEK">3200</e:cen-112>
    <e:cen-115 contextRef="cG4eG22" decimals="INF" unitRef="SEK">3200</e:cen-115>
    <xbrli:context id="cG4eG23">
        <xbrli:entity>
            <xbrli:identifier scheme="http://eipa.jp">EIPA</xbrli:identifier>
        </xbrli:entity>
        <xbrli:period>
            <xbrli:instant>2020-11-29</xbrli:instant>
        </xbrli:period>
        <xbrli:scenario>
            <xbrldi:typedMember dimension="c:d1">
                <c:_1>cG4</c:_1>
            </xbrldi:typedMember>
            <xbrldi:typedMember dimension="c:d2">
                <c:_2>eG23</c:_2>
            </xbrldi:typedMember>
        </xbrli:scenario>
    </xbrli:context>
    <e:cen-116 contextRef="cG4eG23" decimals="INF" unitRef="SEK">3200</e:cen-116>
    <e:cen-117 contextRef="cG4eG23" decimals="INF" unitRef="SEK">0</e:cen-117>
    <e:cen-118 contextRef="cG4eG23">VAT</e:cen-118>
    <e:cen-120 contextRef="cG4eG23">Tax</e:cen-120>
</xbrli:xbrl>