<?xml version="1.0" encoding="UTF-8"?>
<xbrli:xbrl xmlns:xbrll="http://www.xbrl.org/2003/linkbase" xmlns:xsi="http://www.w3.org/2001/XMLSchema-instance" xmlns:xlink="http://www.w3.org/1999/xlink" xmlns:iso639="http://www.xbrl.org/2005/iso639" xmlns:iso4217="http://www.xbrl.org/2003/iso4217" xmlns:xbrli="http://www.xbrl.org/2003/instance" xmlns:xbrldi="http://xbrl.org/2006/xbrldi" xmlns:c="http://www.xbrl.org/int/gl/cor/2020-12-31" xmlns:b="http://www.xbrl.org/int/gl/bus/2020-12-31" xmlns:m="http://www.xbrl.org/int/gl/muc/2020-12-31" xmlns:t="http://www.xbrl.org/int/gl/taf/2020-12-31" xmlns:h="http://www.xbrl.org/int/gl/ehm/2020-12-31" xmlns:e="http://www.xbrl.org/int/gl/cen/2020-12-31">
    <xbrll:schemaRef xlink:type="simple" xlink:href="../plt/case-cen/gl-plt-2020-12-31.xsd" xlink:arcrole="http://www.w3.org/1999/xlink/properties/linkbase" />
    <xbrli:unit id="pure">
        <xbrli:measure>xbrli:pure</xbrli:measure>
    </xbrli:unit>
    <xbrli:unit id="EUR">
        <xbrli:measure>iso4217:EUR</xbrli:measure>
    </xbrli:unit>
    <xbrli:context id="cG2">
        <xbrli:entity>
            <xbrli:identifier scheme="http://eipa.jp">EIPA</xbrli:identifier>
        </xbrli:entity>
        <xbrli:period>
            <xbrli:instant>2020-11-29</xbrli:instant>
        </xbrli:period>
        <xbrli:scenario>
            <xbrldi:typedMember dimension="c:d1">
                <c:_1>cG2</c:_1>
            </xbrldi:typedMember>
        </xbrli:scenario>
    </xbrli:context>
    <c:cor-76 contextRef="cG2">1100512149</c:cor-76>
    <c:cor-79 contextRef="cG2">2014-11-10</c:cor-79>
    <c:cor-73 contextRef="cG2">380</c:cor-73>
    <e:cen-17 contextRef="cG2">871694831000290800</e:cen-17>
    <xbrli:context id="cG2eG16">
        <xbrli:entity>
            <xbrli:identifier scheme="http://eipa.jp">EIPA</xbrli:identifier>
        </xbrli:entity>
        <xbrli:period>
            <xbrli:instant>2020-11-29</xbrli:instant>
        </xbrli:period>
        <xbrli:scenario>
            <xbrldi:typedMember dimension="c:d1">
                <c:_1>cG2</c:_1>
            </xbrldi:typedMember>
            <xbrldi:typedMember dimension="c:d2">
                <c:_2>eG16</c:_2>
            </xbrldi:typedMember>
        </xbrli:scenario>
    </xbrli:context>
    <e:cen-81 contextRef="cG2eG16">30</e:cen-81>
    <e:cen-83 contextRef="cG2eG16">1100512149</e:cen-83>
    <xbrli:context id="cG2eG16eG17">
        <xbrli:entity>
            <xbrli:identifier scheme="http://eipa.jp">EIPA</xbrli:identifier>
        </xbrli:entity>
        <xbrli:period>
            <xbrli:instant>2020-11-29</xbrli:instant>
        </xbrli:period>
        <xbrli:scenario>
            <xbrldi:typedMember dimension="c:d1">
                <c:_1>cG2</c:_1>
            </xbrldi:typedMember>
            <xbrldi:typedMember dimension="c:d2">
                <c:_2>eG16</c:_2>
            </xbrldi:typedMember>
            <xbrldi:typedMember dimension="c:d3">
                <c:_3>eG17</c:_3>
            </xbrldi:typedMember>
        </xbrli:scenario>
    </xbrli:context>
    <e:cen-84 contextRef="cG2eG16eG17">NL28RBOS0420242228</e:cen-84>
    <e:cen-18 contextRef="cG2">871694831000290800</e:cen-18>
    <xbrli:context id="cG2eG1">
        <xbrli:entity>
            <xbrli:identifier scheme="http://eipa.jp">EIPA</xbrli:identifier>
        </xbrli:entity>
        <xbrli:period>
            <xbrli:instant>2020-11-29</xbrli:instant>
        </xbrli:period>
        <xbrli:scenario>
            <xbrldi:typedMember dimension="c:d1">
                <c:_1>cG2</c:_1>
            </xbrldi:typedMember>
            <xbrldi:typedMember dimension="c:d2">
                <c:_2>eG1</c:_2>
            </xbrldi:typedMember>
        </xbrli:scenario>
    </xbrli:context>
    <e:cen-22 contextRef="cG2eG1">Periodieke afrekening
 vindt een toelichting op uw factuur via www.enexis.nl.factuur_grootzakelijk
p alle diensten en overeenkomsten zijn de algemene voorwaarden aansluiting en
ransport grootverbruik elektriciteit, respectievelijk gas van toepassing
ww.enexis.nl</e:cen-22>
    <xbrli:context id="cG2eG2">
        <xbrli:entity>
            <xbrli:identifier scheme="http://eipa.jp">EIPA</xbrli:identifier>
        </xbrli:entity>
        <xbrli:period>
            <xbrli:instant>2020-11-29</xbrli:instant>
        </xbrli:period>
        <xbrli:scenario>
            <xbrldi:typedMember dimension="c:d1">
                <c:_1>cG2</c:_1>
            </xbrldi:typedMember>
            <xbrldi:typedMember dimension="c:d2">
                <c:_2>eG2</c:_2>
            </xbrldi:typedMember>
        </xbrli:scenario>
    </xbrli:context>
    <e:cen-24 contextRef="cG2eG2">urn:cen.eu:en16931:2017</e:cen-24>
    <xbrli:context id="cG2eG24">
        <xbrli:entity>
            <xbrli:identifier scheme="http://eipa.jp">EIPA</xbrli:identifier>
        </xbrli:entity>
        <xbrli:period>
            <xbrli:instant>2020-11-29</xbrli:instant>
        </xbrli:period>
        <xbrli:scenario>
            <xbrldi:typedMember dimension="c:d1">
                <c:_1>cG2</c:_1>
            </xbrldi:typedMember>
            <xbrldi:typedMember dimension="c:d2">
                <c:_2>eG24</c:_2>
            </xbrldi:typedMember>
        </xbrli:scenario>
    </xbrli:context>
    <e:cen-122 contextRef="cG2eG24">871694831000290800</e:cen-122>
    <xbrli:context id="cG3eG4">
        <xbrli:entity>
            <xbrli:identifier scheme="http://eipa.jp">EIPA</xbrli:identifier>
        </xbrli:entity>
        <xbrli:period>
            <xbrli:instant>2020-11-29</xbrli:instant>
        </xbrli:period>
        <xbrli:scenario>
            <xbrldi:typedMember dimension="c:d1">
                <c:_1>cG3</c:_1>
            </xbrldi:typedMember>
            <xbrldi:typedMember dimension="c:d2">
                <c:_2>eG4</c:_2>
            </xbrldi:typedMember>
        </xbrli:scenario>
    </xbrli:context>
    <e:cen-30 contextRef="cG3eG4">17131139</e:cen-30>
    <e:cen-31 contextRef="cG3eG4">NL809561074B01</e:cen-31>
    <e:cen-32 contextRef="cG3eG4">NL809561074B01</e:cen-32>
    <e:cen-27 contextRef="cG3eG4">Enexis B.V.</e:cen-27>
    <e:cen-28 contextRef="cG3eG4">Enexis</e:cen-28>
    <xbrli:context id="cG3eG4eG5">
        <xbrli:entity>
            <xbrli:identifier scheme="http://eipa.jp">EIPA</xbrli:identifier>
        </xbrli:entity>
        <xbrli:period>
            <xbrli:instant>2020-11-29</xbrli:instant>
        </xbrli:period>
        <xbrli:scenario>
            <xbrldi:typedMember dimension="c:d1">
                <c:_1>cG3</c:_1>
            </xbrldi:typedMember>
            <xbrldi:typedMember dimension="c:d2">
                <c:_2>eG4</c:_2>
            </xbrldi:typedMember>
            <xbrldi:typedMember dimension="c:d3">
                <c:_3>eG5</c:_3>
            </xbrldi:typedMember>
        </xbrli:scenario>
    </xbrli:context>
    <e:cen-35 contextRef="cG3eG4eG5">Magistratenlaan 116</e:cen-35>
    <e:cen-38 contextRef="cG3eG4eG5">5223MB</e:cen-38>
    <e:cen-40 contextRef="cG3eG4eG5">NL</e:cen-40>
    <xbrli:context id="cG3eG7">
        <xbrli:entity>
            <xbrli:identifier scheme="http://eipa.jp">EIPA</xbrli:identifier>
        </xbrli:entity>
        <xbrli:period>
            <xbrli:instant>2020-11-29</xbrli:instant>
        </xbrli:period>
        <xbrli:scenario>
            <xbrldi:typedMember dimension="c:d1">
                <c:_1>cG3</c:_1>
            </xbrldi:typedMember>
            <xbrldi:typedMember dimension="c:d2">
                <c:_2>eG7</c:_2>
            </xbrldi:typedMember>
        </xbrli:scenario>
    </xbrli:context>
    <e:cen-46 contextRef="cG3eG7">1081119</e:cen-46>
    <e:cen-44 contextRef="cG3eG7">Klant</e:cen-44>
    <xbrli:context id="cG3eG7eG8">
        <xbrli:entity>
            <xbrli:identifier scheme="http://eipa.jp">EIPA</xbrli:identifier>
        </xbrli:entity>
        <xbrli:period>
            <xbrli:instant>2020-11-29</xbrli:instant>
        </xbrli:period>
        <xbrli:scenario>
            <xbrldi:typedMember dimension="c:d1">
                <c:_1>cG3</c:_1>
            </xbrldi:typedMember>
            <xbrldi:typedMember dimension="c:d2">
                <c:_2>eG7</c:_2>
            </xbrldi:typedMember>
            <xbrldi:typedMember dimension="c:d3">
                <c:_3>eG8</c:_3>
            </xbrldi:typedMember>
        </xbrli:scenario>
    </xbrli:context>
    <e:cen-50 contextRef="cG3eG7eG8">Bedrijfslaan 4</e:cen-50>
    <e:cen-52 contextRef="cG3eG7eG8">ONDERNEMERSTAD</e:cen-52>
    <e:cen-53 contextRef="cG3eG7eG8">9999 XX</e:cen-53>
    <e:cen-55 contextRef="cG3eG7eG8">NL</e:cen-55>
    <xbrli:context id="cG3eG13eG14">
        <xbrli:entity>
            <xbrli:identifier scheme="http://eipa.jp">EIPA</xbrli:identifier>
        </xbrli:entity>
        <xbrli:period>
            <xbrli:instant>2020-11-29</xbrli:instant>
        </xbrli:period>
        <xbrli:scenario>
            <xbrldi:typedMember dimension="c:d1">
                <c:_1>cG3</c:_1>
            </xbrldi:typedMember>
            <xbrldi:typedMember dimension="c:d2">
                <c:_2>eG13</c:_2>
            </xbrldi:typedMember>
            <xbrldi:typedMember dimension="c:d3">
                <c:_3>eG14</c:_3>
            </xbrldi:typedMember>
        </xbrli:scenario>
    </xbrli:context>
    <c:cor-8 contextRef="cG3eG13eG14">2014-08-01</c:cor-8>
    <xbrli:context id="cG3eG13eG15">
        <xbrli:entity>
            <xbrli:identifier scheme="http://eipa.jp">EIPA</xbrli:identifier>
        </xbrli:entity>
        <xbrli:period>
            <xbrli:instant>2020-11-29</xbrli:instant>
        </xbrli:period>
        <xbrli:scenario>
            <xbrldi:typedMember dimension="c:d1">
                <c:_1>cG3</c:_1>
            </xbrldi:typedMember>
            <xbrldi:typedMember dimension="c:d2">
                <c:_2>eG13</c:_2>
            </xbrldi:typedMember>
            <xbrldi:typedMember dimension="c:d3">
                <c:_3>eG15</c:_3>
            </xbrldi:typedMember>
        </xbrli:scenario>
    </xbrli:context>
    <e:cen-75 contextRef="cG3eG13eG15">Bedrijfslaan 4,</e:cen-75>
    <e:cen-77 contextRef="cG3eG13eG15">ONDERNEMERSTAD</e:cen-77>
    <e:cen-78 contextRef="cG3eG13eG15">9999 XX</e:cen-78>
    <e:cen-80 contextRef="cG3eG13eG15">NL</e:cen-80>
    <xbrli:context id="cG4">
        <xbrli:entity>
            <xbrli:identifier scheme="http://eipa.jp">EIPA</xbrli:identifier>
        </xbrli:entity>
        <xbrli:period>
            <xbrli:instant>2020-11-29</xbrli:instant>
        </xbrli:period>
        <xbrli:scenario>
            <xbrldi:typedMember dimension="c:d1">
                <c:_1>cG4</c:_1>
            </xbrldi:typedMember>
        </xbrli:scenario>
    </xbrli:context>
    <m:muc-4 contextRef="cG4">EUR</m:muc-4>
    <xbrli:context id="cG4cG5">
        <xbrli:entity>
            <xbrli:identifier scheme="http://eipa.jp">EIPA</xbrli:identifier>
        </xbrli:entity>
        <xbrli:period>
            <xbrli:instant>2020-11-29</xbrli:instant>
        </xbrli:period>
        <xbrli:scenario>
            <xbrldi:typedMember dimension="c:d1">
                <c:_1>cG4</c:_1>
            </xbrldi:typedMember>
            <xbrldi:typedMember dimension="c:d2">
                <c:_2>cG5</c:_2>
            </xbrldi:typedMember>
        </xbrli:scenario>
    </xbrli:context>
    <c:cor-22 contextRef="cG4cG5" decimals="INF" unitRef="pure">1</c:cor-22>
    <e:cen-129 contextRef="cG4cG5" decimals="INF" unitRef="pure">16000</e:cen-129>
    <e:cen-130 contextRef="cG4cG5">16000</e:cen-130>
    <e:cen-131 contextRef="cG4cG5" decimals="INF" unitRef="EUR">140.8</e:cen-131>
    <xbrli:context id="cG4cG5cG19">
        <xbrli:entity>
            <xbrli:identifier scheme="http://eipa.jp">EIPA</xbrli:identifier>
        </xbrli:entity>
        <xbrli:period>
            <xbrli:instant>2020-11-29</xbrli:instant>
        </xbrli:period>
        <xbrli:scenario>
            <xbrldi:typedMember dimension="c:d1">
                <c:_1>cG4</c:_1>
            </xbrldi:typedMember>
            <xbrldi:typedMember dimension="c:d2">
                <c:_2>cG5</c:_2>
            </xbrldi:typedMember>
            <xbrldi:typedMember dimension="c:d3">
                <c:_3>cG19</c:_3>
            </xbrldi:typedMember>
        </xbrli:scenario>
    </xbrli:context>
    <e:cen-151 contextRef="cG4cG5cG19">VAT</e:cen-151>
    <e:cen-152 contextRef="cG4cG5cG19" decimals="INF" unitRef="pure">0.21</e:cen-152>
    <xbrli:context id="cG4cG5eG29">
        <xbrli:entity>
            <xbrli:identifier scheme="http://eipa.jp">EIPA</xbrli:identifier>
        </xbrli:entity>
        <xbrli:period>
            <xbrli:instant>2020-11-29</xbrli:instant>
        </xbrli:period>
        <xbrli:scenario>
            <xbrldi:typedMember dimension="c:d1">
                <c:_1>cG4</c:_1>
            </xbrldi:typedMember>
            <xbrldi:typedMember dimension="c:d2">
                <c:_2>cG5</c:_2>
            </xbrldi:typedMember>
            <xbrldi:typedMember dimension="c:d3">
                <c:_3>eG29</c:_3>
            </xbrldi:typedMember>
        </xbrli:scenario>
    </xbrli:context>
    <e:cen-146 contextRef="cG4cG5eG29" decimals="INF" unitRef="EUR">0.0088</e:cen-146>
    <xbrli:context id="cG4cG5eG31">
        <xbrli:entity>
            <xbrli:identifier scheme="http://eipa.jp">EIPA</xbrli:identifier>
        </xbrli:entity>
        <xbrli:period>
            <xbrli:instant>2020-11-29</xbrli:instant>
        </xbrli:period>
        <xbrli:scenario>
            <xbrldi:typedMember dimension="c:d1">
                <c:_1>cG4</c:_1>
            </xbrldi:typedMember>
            <xbrldi:typedMember dimension="c:d2">
                <c:_2>cG5</c:_2>
            </xbrldi:typedMember>
            <xbrldi:typedMember dimension="c:d3">
                <c:_3>eG31</c:_3>
            </xbrldi:typedMember>
        </xbrli:scenario>
    </xbrli:context>
    <b:bus-143 contextRef="cG4cG5eG31">Getransporteerde kWh’s</b:bus-143>
    <xbrli:context id="cG4cG5eG32">
        <xbrli:entity>
            <xbrli:identifier scheme="http://eipa.jp">EIPA</xbrli:identifier>
        </xbrli:entity>
        <xbrli:period>
            <xbrli:instant>2020-11-29</xbrli:instant>
        </xbrli:period>
        <xbrli:scenario>
            <xbrldi:typedMember dimension="c:d1">
                <c:_1>cG4</c:_1>
            </xbrldi:typedMember>
            <xbrldi:typedMember dimension="c:d2">
                <c:_2>cG5</c:_2>
            </xbrldi:typedMember>
            <xbrldi:typedMember dimension="c:d3">
                <c:_3>eG32</c:_3>
            </xbrldi:typedMember>
        </xbrli:scenario>
    </xbrli:context>
    <e:cen-160 contextRef="cG4cG5eG32">contract transportvermogen</e:cen-160>
    <e:cen-161 contextRef="cG4cG5eG32">132,00 kW</e:cen-161>
    <xbrli:context id="cG4cG5.1">
        <xbrli:entity>
            <xbrli:identifier scheme="http://eipa.jp">EIPA</xbrli:identifier>
        </xbrli:entity>
        <xbrli:period>
            <xbrli:instant>2020-11-29</xbrli:instant>
        </xbrli:period>
        <xbrli:scenario>
            <xbrldi:typedMember dimension="c:d1">
                <c:_1>cG4</c:_1>
            </xbrldi:typedMember>
            <xbrldi:typedMember dimension="c:d2">
                <c:_2>cG5.1</c:_2>
            </xbrldi:typedMember>
        </xbrli:scenario>
    </xbrli:context>
    <c:cor-22 contextRef="cG4cG5.1" decimals="INF" unitRef="pure">2</c:cor-22>
    <e:cen-129 contextRef="cG4cG5.1" decimals="INF" unitRef="pure">16000</e:cen-129>
    <e:cen-130 contextRef="cG4cG5.1">16000</e:cen-130>
    <e:cen-131 contextRef="cG4cG5.1" decimals="INF" unitRef="EUR">16.16</e:cen-131>
    <xbrli:context id="cG4cG5.1cG19">
        <xbrli:entity>
            <xbrli:identifier scheme="http://eipa.jp">EIPA</xbrli:identifier>
        </xbrli:entity>
        <xbrli:period>
            <xbrli:instant>2020-11-29</xbrli:instant>
        </xbrli:period>
        <xbrli:scenario>
            <xbrldi:typedMember dimension="c:d1">
                <c:_1>cG4</c:_1>
            </xbrldi:typedMember>
            <xbrldi:typedMember dimension="c:d2">
                <c:_2>cG5.1</c:_2>
            </xbrldi:typedMember>
            <xbrldi:typedMember dimension="c:d3">
                <c:_3>cG19</c:_3>
            </xbrldi:typedMember>
        </xbrli:scenario>
    </xbrli:context>
    <e:cen-151 contextRef="cG4cG5.1cG19">VAT</e:cen-151>
    <e:cen-152 contextRef="cG4cG5.1cG19" decimals="INF" unitRef="pure">0.21</e:cen-152>
    <xbrli:context id="cG4cG5.1eG29">
        <xbrli:entity>
            <xbrli:identifier scheme="http://eipa.jp">EIPA</xbrli:identifier>
        </xbrli:entity>
        <xbrli:period>
            <xbrli:instant>2020-11-29</xbrli:instant>
        </xbrli:period>
        <xbrli:scenario>
            <xbrldi:typedMember dimension="c:d1">
                <c:_1>cG4</c:_1>
            </xbrldi:typedMember>
            <xbrldi:typedMember dimension="c:d2">
                <c:_2>cG5.1</c:_2>
            </xbrldi:typedMember>
            <xbrldi:typedMember dimension="c:d3">
                <c:_3>eG29</c:_3>
            </xbrldi:typedMember>
        </xbrli:scenario>
    </xbrli:context>
    <e:cen-146 contextRef="cG4cG5.1eG29" decimals="INF" unitRef="EUR">0.00101</e:cen-146>
    <xbrli:context id="cG4cG5.1eG31">
        <xbrli:entity>
            <xbrli:identifier scheme="http://eipa.jp">EIPA</xbrli:identifier>
        </xbrli:entity>
        <xbrli:period>
            <xbrli:instant>2020-11-29</xbrli:instant>
        </xbrli:period>
        <xbrli:scenario>
            <xbrldi:typedMember dimension="c:d1">
                <c:_1>cG4</c:_1>
            </xbrldi:typedMember>
            <xbrldi:typedMember dimension="c:d2">
                <c:_2>cG5.1</c:_2>
            </xbrldi:typedMember>
            <xbrldi:typedMember dimension="c:d3">
                <c:_3>eG31</c:_3>
            </xbrldi:typedMember>
        </xbrli:scenario>
    </xbrli:context>
    <b:bus-143 contextRef="cG4cG5.1eG31">Systeemdiensten</b:bus-143>
    <xbrli:context id="cG4cG5.1eG32">
        <xbrli:entity>
            <xbrli:identifier scheme="http://eipa.jp">EIPA</xbrli:identifier>
        </xbrli:entity>
        <xbrli:period>
            <xbrli:instant>2020-11-29</xbrli:instant>
        </xbrli:period>
        <xbrli:scenario>
            <xbrldi:typedMember dimension="c:d1">
                <c:_1>cG4</c:_1>
            </xbrldi:typedMember>
            <xbrldi:typedMember dimension="c:d2">
                <c:_2>cG5.1</c:_2>
            </xbrldi:typedMember>
            <xbrldi:typedMember dimension="c:d3">
                <c:_3>eG32</c:_3>
            </xbrldi:typedMember>
        </xbrli:scenario>
    </xbrli:context>
    <e:cen-160 contextRef="cG4cG5.1eG32">contract transportvermogen</e:cen-160>
    <e:cen-161 contextRef="cG4cG5.1eG32">132,00 kW</e:cen-161>
    <xbrli:context id="cG4cG5.2">
        <xbrli:entity>
            <xbrli:identifier scheme="http://eipa.jp">EIPA</xbrli:identifier>
        </xbrli:entity>
        <xbrli:period>
            <xbrli:instant>2020-11-29</xbrli:instant>
        </xbrli:period>
        <xbrli:scenario>
            <xbrldi:typedMember dimension="c:d1">
                <c:_1>cG4</c:_1>
            </xbrldi:typedMember>
            <xbrldi:typedMember dimension="c:d2">
                <c:_2>cG5.2</c:_2>
            </xbrldi:typedMember>
        </xbrli:scenario>
    </xbrli:context>
    <c:cor-22 contextRef="cG4cG5.2" decimals="INF" unitRef="pure">3</c:cor-22>
    <e:cen-129 contextRef="cG4cG5.2" decimals="INF" unitRef="pure">132</e:cen-129>
    <e:cen-130 contextRef="cG4cG5.2">132</e:cen-130>
    <e:cen-131 contextRef="cG4cG5.2" decimals="INF" unitRef="EUR">167.64</e:cen-131>
    <xbrli:context id="cG4cG5.2cG19">
        <xbrli:entity>
            <xbrli:identifier scheme="http://eipa.jp">EIPA</xbrli:identifier>
        </xbrli:entity>
        <xbrli:period>
            <xbrli:instant>2020-11-29</xbrli:instant>
        </xbrli:period>
        <xbrli:scenario>
            <xbrldi:typedMember dimension="c:d1">
                <c:_1>cG4</c:_1>
            </xbrldi:typedMember>
            <xbrldi:typedMember dimension="c:d2">
                <c:_2>cG5.2</c:_2>
            </xbrldi:typedMember>
            <xbrldi:typedMember dimension="c:d3">
                <c:_3>cG19</c:_3>
            </xbrldi:typedMember>
        </xbrli:scenario>
    </xbrli:context>
    <e:cen-151 contextRef="cG4cG5.2cG19">VAT</e:cen-151>
    <e:cen-152 contextRef="cG4cG5.2cG19" decimals="INF" unitRef="pure">0.21</e:cen-152>
    <xbrli:context id="cG4cG5.2eG29">
        <xbrli:entity>
            <xbrli:identifier scheme="http://eipa.jp">EIPA</xbrli:identifier>
        </xbrli:entity>
        <xbrli:period>
            <xbrli:instant>2020-11-29</xbrli:instant>
        </xbrli:period>
        <xbrli:scenario>
            <xbrldi:typedMember dimension="c:d1">
                <c:_1>cG4</c:_1>
            </xbrldi:typedMember>
            <xbrldi:typedMember dimension="c:d2">
                <c:_2>cG5.2</c:_2>
            </xbrldi:typedMember>
            <xbrldi:typedMember dimension="c:d3">
                <c:_3>eG29</c:_3>
            </xbrldi:typedMember>
        </xbrli:scenario>
    </xbrli:context>
    <e:cen-146 contextRef="cG4cG5.2eG29" decimals="INF" unitRef="EUR">15.24</e:cen-146>
    <xbrli:context id="cG4cG5.2eG31">
        <xbrli:entity>
            <xbrli:identifier scheme="http://eipa.jp">EIPA</xbrli:identifier>
        </xbrli:entity>
        <xbrli:period>
            <xbrli:instant>2020-11-29</xbrli:instant>
        </xbrli:period>
        <xbrli:scenario>
            <xbrldi:typedMember dimension="c:d1">
                <c:_1>cG4</c:_1>
            </xbrldi:typedMember>
            <xbrldi:typedMember dimension="c:d2">
                <c:_2>cG5.2</c:_2>
            </xbrldi:typedMember>
            <xbrldi:typedMember dimension="c:d3">
                <c:_3>eG31</c:_3>
            </xbrldi:typedMember>
        </xbrli:scenario>
    </xbrli:context>
    <b:bus-143 contextRef="cG4cG5.2eG31">Contract transportvermogen</b:bus-143>
    <xbrli:context id="cG4cG5.2eG32">
        <xbrli:entity>
            <xbrli:identifier scheme="http://eipa.jp">EIPA</xbrli:identifier>
        </xbrli:entity>
        <xbrli:period>
            <xbrli:instant>2020-11-29</xbrli:instant>
        </xbrli:period>
        <xbrli:scenario>
            <xbrldi:typedMember dimension="c:d1">
                <c:_1>cG4</c:_1>
            </xbrldi:typedMember>
            <xbrldi:typedMember dimension="c:d2">
                <c:_2>cG5.2</c:_2>
            </xbrldi:typedMember>
            <xbrldi:typedMember dimension="c:d3">
                <c:_3>eG32</c:_3>
            </xbrldi:typedMember>
        </xbrli:scenario>
    </xbrli:context>
    <e:cen-160 contextRef="cG4cG5.2eG32">contract transportvermogen</e:cen-160>
    <e:cen-161 contextRef="cG4cG5.2eG32">132,00 kW</e:cen-161>
    <xbrli:context id="cG4cG5.3">
        <xbrli:entity>
            <xbrli:identifier scheme="http://eipa.jp">EIPA</xbrli:identifier>
        </xbrli:entity>
        <xbrli:period>
            <xbrli:instant>2020-11-29</xbrli:instant>
        </xbrli:period>
        <xbrli:scenario>
            <xbrldi:typedMember dimension="c:d1">
                <c:_1>cG4</c:_1>
            </xbrldi:typedMember>
            <xbrldi:typedMember dimension="c:d2">
                <c:_2>cG5.3</c:_2>
            </xbrldi:typedMember>
        </xbrli:scenario>
    </xbrli:context>
    <c:cor-22 contextRef="cG4cG5.3" decimals="INF" unitRef="pure">4</c:cor-22>
    <e:cen-129 contextRef="cG4cG5.3" decimals="INF" unitRef="pure">58</e:cen-129>
    <e:cen-130 contextRef="cG4cG5.3">58</e:cen-130>
    <e:cen-131 contextRef="cG4cG5.3" decimals="INF" unitRef="EUR">88.74</e:cen-131>
    <xbrli:context id="cG4cG5.3cG19">
        <xbrli:entity>
            <xbrli:identifier scheme="http://eipa.jp">EIPA</xbrli:identifier>
        </xbrli:entity>
        <xbrli:period>
            <xbrli:instant>2020-11-29</xbrli:instant>
        </xbrli:period>
        <xbrli:scenario>
            <xbrldi:typedMember dimension="c:d1">
                <c:_1>cG4</c:_1>
            </xbrldi:typedMember>
            <xbrldi:typedMember dimension="c:d2">
                <c:_2>cG5.3</c:_2>
            </xbrldi:typedMember>
            <xbrldi:typedMember dimension="c:d3">
                <c:_3>cG19</c:_3>
            </xbrldi:typedMember>
        </xbrli:scenario>
    </xbrli:context>
    <e:cen-151 contextRef="cG4cG5.3cG19">VAT</e:cen-151>
    <e:cen-152 contextRef="cG4cG5.3cG19" decimals="INF" unitRef="pure">0.21</e:cen-152>
    <xbrli:context id="cG4cG5.3eG29">
        <xbrli:entity>
            <xbrli:identifier scheme="http://eipa.jp">EIPA</xbrli:identifier>
        </xbrli:entity>
        <xbrli:period>
            <xbrli:instant>2020-11-29</xbrli:instant>
        </xbrli:period>
        <xbrli:scenario>
            <xbrldi:typedMember dimension="c:d1">
                <c:_1>cG4</c:_1>
            </xbrldi:typedMember>
            <xbrldi:typedMember dimension="c:d2">
                <c:_2>cG5.3</c:_2>
            </xbrldi:typedMember>
            <xbrldi:typedMember dimension="c:d3">
                <c:_3>eG29</c:_3>
            </xbrldi:typedMember>
        </xbrli:scenario>
    </xbrli:context>
    <e:cen-146 contextRef="cG4cG5.3eG29" decimals="INF" unitRef="EUR">1.53</e:cen-146>
    <xbrli:context id="cG4cG5.3eG31">
        <xbrli:entity>
            <xbrli:identifier scheme="http://eipa.jp">EIPA</xbrli:identifier>
        </xbrli:entity>
        <xbrli:period>
            <xbrli:instant>2020-11-29</xbrli:instant>
        </xbrli:period>
        <xbrli:scenario>
            <xbrldi:typedMember dimension="c:d1">
                <c:_1>cG4</c:_1>
            </xbrldi:typedMember>
            <xbrldi:typedMember dimension="c:d2">
                <c:_2>cG5.3</c:_2>
            </xbrldi:typedMember>
            <xbrldi:typedMember dimension="c:d3">
                <c:_3>eG31</c:_3>
            </xbrldi:typedMember>
        </xbrli:scenario>
    </xbrli:context>
    <b:bus-143 contextRef="cG4cG5.3eG31">Maximaal afgenomen vermogen</b:bus-143>
    <xbrli:context id="cG4cG5.3eG32">
        <xbrli:entity>
            <xbrli:identifier scheme="http://eipa.jp">EIPA</xbrli:identifier>
        </xbrli:entity>
        <xbrli:period>
            <xbrli:instant>2020-11-29</xbrli:instant>
        </xbrli:period>
        <xbrli:scenario>
            <xbrldi:typedMember dimension="c:d1">
                <c:_1>cG4</c:_1>
            </xbrldi:typedMember>
            <xbrldi:typedMember dimension="c:d2">
                <c:_2>cG5.3</c:_2>
            </xbrldi:typedMember>
            <xbrldi:typedMember dimension="c:d3">
                <c:_3>eG32</c:_3>
            </xbrldi:typedMember>
        </xbrli:scenario>
    </xbrli:context>
    <e:cen-160 contextRef="cG4cG5.3eG32">contract transportvermogen</e:cen-160>
    <e:cen-161 contextRef="cG4cG5.3eG32">132,00 kW</e:cen-161>
    <xbrli:context id="cG4cG5.4">
        <xbrli:entity>
            <xbrli:identifier scheme="http://eipa.jp">EIPA</xbrli:identifier>
        </xbrli:entity>
        <xbrli:period>
            <xbrli:instant>2020-11-29</xbrli:instant>
        </xbrli:period>
        <xbrli:scenario>
            <xbrldi:typedMember dimension="c:d1">
                <c:_1>cG4</c:_1>
            </xbrldi:typedMember>
            <xbrldi:typedMember dimension="c:d2">
                <c:_2>cG5.4</c:_2>
            </xbrldi:typedMember>
        </xbrli:scenario>
    </xbrli:context>
    <c:cor-22 contextRef="cG4cG5.4" decimals="INF" unitRef="pure">5</c:cor-22>
    <e:cen-129 contextRef="cG4cG5.4" decimals="INF" unitRef="pure">1</e:cen-129>
    <e:cen-130 contextRef="cG4cG5.4">1</e:cen-130>
    <e:cen-131 contextRef="cG4cG5.4" decimals="INF" unitRef="EUR">36.75</e:cen-131>
    <xbrli:context id="cG4cG5.4cG19">
        <xbrli:entity>
            <xbrli:identifier scheme="http://eipa.jp">EIPA</xbrli:identifier>
        </xbrli:entity>
        <xbrli:period>
            <xbrli:instant>2020-11-29</xbrli:instant>
        </xbrli:period>
        <xbrli:scenario>
            <xbrldi:typedMember dimension="c:d1">
                <c:_1>cG4</c:_1>
            </xbrldi:typedMember>
            <xbrldi:typedMember dimension="c:d2">
                <c:_2>cG5.4</c:_2>
            </xbrldi:typedMember>
            <xbrldi:typedMember dimension="c:d3">
                <c:_3>cG19</c:_3>
            </xbrldi:typedMember>
        </xbrli:scenario>
    </xbrli:context>
    <e:cen-151 contextRef="cG4cG5.4cG19">VAT</e:cen-151>
    <e:cen-152 contextRef="cG4cG5.4cG19" decimals="INF" unitRef="pure">0.21</e:cen-152>
    <xbrli:context id="cG4cG5.4eG29">
        <xbrli:entity>
            <xbrli:identifier scheme="http://eipa.jp">EIPA</xbrli:identifier>
        </xbrli:entity>
        <xbrli:period>
            <xbrli:instant>2020-11-29</xbrli:instant>
        </xbrli:period>
        <xbrli:scenario>
            <xbrldi:typedMember dimension="c:d1">
                <c:_1>cG4</c:_1>
            </xbrldi:typedMember>
            <xbrldi:typedMember dimension="c:d2">
                <c:_2>cG5.4</c:_2>
            </xbrldi:typedMember>
            <xbrldi:typedMember dimension="c:d3">
                <c:_3>eG29</c:_3>
            </xbrldi:typedMember>
        </xbrli:scenario>
    </xbrli:context>
    <e:cen-146 contextRef="cG4cG5.4eG29" decimals="INF" unitRef="EUR">441</e:cen-146>
    <xbrli:context id="cG4cG5.4eG31">
        <xbrli:entity>
            <xbrli:identifier scheme="http://eipa.jp">EIPA</xbrli:identifier>
        </xbrli:entity>
        <xbrli:period>
            <xbrli:instant>2020-11-29</xbrli:instant>
        </xbrli:period>
        <xbrli:scenario>
            <xbrldi:typedMember dimension="c:d1">
                <c:_1>cG4</c:_1>
            </xbrldi:typedMember>
            <xbrldi:typedMember dimension="c:d2">
                <c:_2>cG5.4</c:_2>
            </xbrldi:typedMember>
            <xbrldi:typedMember dimension="c:d3">
                <c:_3>eG31</c:_3>
            </xbrldi:typedMember>
        </xbrli:scenario>
    </xbrli:context>
    <b:bus-143 contextRef="cG4cG5.4eG31">Vastrecht Transportdienst</b:bus-143>
    <xbrli:context id="cG4cG5.4eG32">
        <xbrli:entity>
            <xbrli:identifier scheme="http://eipa.jp">EIPA</xbrli:identifier>
        </xbrli:entity>
        <xbrli:period>
            <xbrli:instant>2020-11-29</xbrli:instant>
        </xbrli:period>
        <xbrli:scenario>
            <xbrldi:typedMember dimension="c:d1">
                <c:_1>cG4</c:_1>
            </xbrldi:typedMember>
            <xbrldi:typedMember dimension="c:d2">
                <c:_2>cG5.4</c:_2>
            </xbrldi:typedMember>
            <xbrldi:typedMember dimension="c:d3">
                <c:_3>eG32</c:_3>
            </xbrldi:typedMember>
        </xbrli:scenario>
    </xbrli:context>
    <e:cen-160 contextRef="cG4cG5.4eG32">contract transportvermogen</e:cen-160>
    <e:cen-161 contextRef="cG4cG5.4eG32">132,00 kW</e:cen-161>
    <xbrli:context id="cG4cG5.5">
        <xbrli:entity>
            <xbrli:identifier scheme="http://eipa.jp">EIPA</xbrli:identifier>
        </xbrli:entity>
        <xbrli:period>
            <xbrli:instant>2020-11-29</xbrli:instant>
        </xbrli:period>
        <xbrli:scenario>
            <xbrldi:typedMember dimension="c:d1">
                <c:_1>cG4</c:_1>
            </xbrldi:typedMember>
            <xbrldi:typedMember dimension="c:d2">
                <c:_2>cG5.5</c:_2>
            </xbrldi:typedMember>
        </xbrli:scenario>
    </xbrli:context>
    <c:cor-22 contextRef="cG4cG5.5" decimals="INF" unitRef="pure">6</c:cor-22>
    <e:cen-129 contextRef="cG4cG5.5" decimals="INF" unitRef="pure">1</e:cen-129>
    <e:cen-130 contextRef="cG4cG5.5">1</e:cen-130>
    <e:cen-131 contextRef="cG4cG5.5" decimals="INF" unitRef="EUR">56.5</e:cen-131>
    <xbrli:context id="cG4cG5.5cG19">
        <xbrli:entity>
            <xbrli:identifier scheme="http://eipa.jp">EIPA</xbrli:identifier>
        </xbrli:entity>
        <xbrli:period>
            <xbrli:instant>2020-11-29</xbrli:instant>
        </xbrli:period>
        <xbrli:scenario>
            <xbrldi:typedMember dimension="c:d1">
                <c:_1>cG4</c:_1>
            </xbrldi:typedMember>
            <xbrldi:typedMember dimension="c:d2">
                <c:_2>cG5.5</c:_2>
            </xbrldi:typedMember>
            <xbrldi:typedMember dimension="c:d3">
                <c:_3>cG19</c:_3>
            </xbrldi:typedMember>
        </xbrli:scenario>
    </xbrli:context>
    <e:cen-151 contextRef="cG4cG5.5cG19">VAT</e:cen-151>
    <e:cen-152 contextRef="cG4cG5.5cG19" decimals="INF" unitRef="pure">0.21</e:cen-152>
    <xbrli:context id="cG4cG5.5eG29">
        <xbrli:entity>
            <xbrli:identifier scheme="http://eipa.jp">EIPA</xbrli:identifier>
        </xbrli:entity>
        <xbrli:period>
            <xbrli:instant>2020-11-29</xbrli:instant>
        </xbrli:period>
        <xbrli:scenario>
            <xbrldi:typedMember dimension="c:d1">
                <c:_1>cG4</c:_1>
            </xbrldi:typedMember>
            <xbrldi:typedMember dimension="c:d2">
                <c:_2>cG5.5</c:_2>
            </xbrldi:typedMember>
            <xbrldi:typedMember dimension="c:d3">
                <c:_3>eG29</c:_3>
            </xbrldi:typedMember>
        </xbrli:scenario>
    </xbrli:context>
    <e:cen-146 contextRef="cG4cG5.5eG29" decimals="INF" unitRef="EUR">678</e:cen-146>
    <xbrli:context id="cG4cG5.5eG31">
        <xbrli:entity>
            <xbrli:identifier scheme="http://eipa.jp">EIPA</xbrli:identifier>
        </xbrli:entity>
        <xbrli:period>
            <xbrli:instant>2020-11-29</xbrli:instant>
        </xbrli:period>
        <xbrli:scenario>
            <xbrldi:typedMember dimension="c:d1">
                <c:_1>cG4</c:_1>
            </xbrldi:typedMember>
            <xbrldi:typedMember dimension="c:d2">
                <c:_2>cG5.5</c:_2>
            </xbrldi:typedMember>
            <xbrldi:typedMember dimension="c:d3">
                <c:_3>eG31</c:_3>
            </xbrldi:typedMember>
        </xbrli:scenario>
    </xbrli:context>
    <b:bus-143 contextRef="cG4cG5.5eG31">Vastrecht Aansluitdienst</b:bus-143>
    <xbrli:context id="cG4cG5.5eG32">
        <xbrli:entity>
            <xbrli:identifier scheme="http://eipa.jp">EIPA</xbrli:identifier>
        </xbrli:entity>
        <xbrli:period>
            <xbrli:instant>2020-11-29</xbrli:instant>
        </xbrli:period>
        <xbrli:scenario>
            <xbrldi:typedMember dimension="c:d1">
                <c:_1>cG4</c:_1>
            </xbrldi:typedMember>
            <xbrldi:typedMember dimension="c:d2">
                <c:_2>cG5.5</c:_2>
            </xbrldi:typedMember>
            <xbrldi:typedMember dimension="c:d3">
                <c:_3>eG32</c:_3>
            </xbrldi:typedMember>
        </xbrli:scenario>
    </xbrli:context>
    <e:cen-160 contextRef="cG4cG5.5eG32">contract transportvermogen</e:cen-160>
    <e:cen-161 contextRef="cG4cG5.5eG32">132,00 kW</e:cen-161>
    <xbrli:context id="cG4cG5.6">
        <xbrli:entity>
            <xbrli:identifier scheme="http://eipa.jp">EIPA</xbrli:identifier>
        </xbrli:entity>
        <xbrli:period>
            <xbrli:instant>2020-11-29</xbrli:instant>
        </xbrli:period>
        <xbrli:scenario>
            <xbrldi:typedMember dimension="c:d1">
                <c:_1>cG4</c:_1>
            </xbrldi:typedMember>
            <xbrldi:typedMember dimension="c:d2">
                <c:_2>cG5.6</c:_2>
            </xbrldi:typedMember>
        </xbrli:scenario>
    </xbrli:context>
    <c:cor-22 contextRef="cG4cG5.6" decimals="INF" unitRef="pure">7</c:cor-22>
    <e:cen-129 contextRef="cG4cG5.6" decimals="INF" unitRef="pure">1</e:cen-129>
    <e:cen-130 contextRef="cG4cG5.6">1</e:cen-130>
    <e:cen-131 contextRef="cG4cG5.6" decimals="INF" unitRef="EUR">83.34</e:cen-131>
    <xbrli:context id="cG4cG5.6cG19">
        <xbrli:entity>
            <xbrli:identifier scheme="http://eipa.jp">EIPA</xbrli:identifier>
        </xbrli:entity>
        <xbrli:period>
            <xbrli:instant>2020-11-29</xbrli:instant>
        </xbrli:period>
        <xbrli:scenario>
            <xbrldi:typedMember dimension="c:d1">
                <c:_1>cG4</c:_1>
            </xbrldi:typedMember>
            <xbrldi:typedMember dimension="c:d2">
                <c:_2>cG5.6</c:_2>
            </xbrldi:typedMember>
            <xbrldi:typedMember dimension="c:d3">
                <c:_3>cG19</c:_3>
            </xbrldi:typedMember>
        </xbrli:scenario>
    </xbrli:context>
    <e:cen-151 contextRef="cG4cG5.6cG19">VAT</e:cen-151>
    <e:cen-152 contextRef="cG4cG5.6cG19" decimals="INF" unitRef="pure">0.21</e:cen-152>
    <xbrli:context id="cG4cG5.6eG29">
        <xbrli:entity>
            <xbrli:identifier scheme="http://eipa.jp">EIPA</xbrli:identifier>
        </xbrli:entity>
        <xbrli:period>
            <xbrli:instant>2020-11-29</xbrli:instant>
        </xbrli:period>
        <xbrli:scenario>
            <xbrldi:typedMember dimension="c:d1">
                <c:_1>cG4</c:_1>
            </xbrldi:typedMember>
            <xbrldi:typedMember dimension="c:d2">
                <c:_2>cG5.6</c:_2>
            </xbrldi:typedMember>
            <xbrldi:typedMember dimension="c:d3">
                <c:_3>eG29</c:_3>
            </xbrldi:typedMember>
        </xbrli:scenario>
    </xbrli:context>
    <e:cen-146 contextRef="cG4cG5.6eG29" decimals="INF" unitRef="EUR">83.34</e:cen-146>
    <xbrli:context id="cG4cG5.6eG31">
        <xbrli:entity>
            <xbrli:identifier scheme="http://eipa.jp">EIPA</xbrli:identifier>
        </xbrli:entity>
        <xbrli:period>
            <xbrli:instant>2020-11-29</xbrli:instant>
        </xbrli:period>
        <xbrli:scenario>
            <xbrldi:typedMember dimension="c:d1">
                <c:_1>cG4</c:_1>
            </xbrldi:typedMember>
            <xbrldi:typedMember dimension="c:d2">
                <c:_2>cG5.6</c:_2>
            </xbrldi:typedMember>
            <xbrldi:typedMember dimension="c:d3">
                <c:_3>eG31</c:_3>
            </xbrldi:typedMember>
        </xbrli:scenario>
    </xbrli:context>
    <b:bus-143 contextRef="cG4cG5.6eG31">Huur Transformatoren</b:bus-143>
    <xbrli:context id="cG4cG5.7">
        <xbrli:entity>
            <xbrli:identifier scheme="http://eipa.jp">EIPA</xbrli:identifier>
        </xbrli:entity>
        <xbrli:period>
            <xbrli:instant>2020-11-29</xbrli:instant>
        </xbrli:period>
        <xbrli:scenario>
            <xbrldi:typedMember dimension="c:d1">
                <c:_1>cG4</c:_1>
            </xbrldi:typedMember>
            <xbrldi:typedMember dimension="c:d2">
                <c:_2>cG5.7</c:_2>
            </xbrldi:typedMember>
        </xbrli:scenario>
    </xbrli:context>
    <c:cor-22 contextRef="cG4cG5.7" decimals="INF" unitRef="pure">8</c:cor-22>
    <e:cen-129 contextRef="cG4cG5.7" decimals="INF" unitRef="pure">1</e:cen-129>
    <e:cen-130 contextRef="cG4cG5.7">1</e:cen-130>
    <e:cen-131 contextRef="cG4cG5.7" decimals="INF" unitRef="EUR">190.31</e:cen-131>
    <xbrli:context id="cG4cG5.7cG19">
        <xbrli:entity>
            <xbrli:identifier scheme="http://eipa.jp">EIPA</xbrli:identifier>
        </xbrli:entity>
        <xbrli:period>
            <xbrli:instant>2020-11-29</xbrli:instant>
        </xbrli:period>
        <xbrli:scenario>
            <xbrldi:typedMember dimension="c:d1">
                <c:_1>cG4</c:_1>
            </xbrldi:typedMember>
            <xbrldi:typedMember dimension="c:d2">
                <c:_2>cG5.7</c:_2>
            </xbrldi:typedMember>
            <xbrldi:typedMember dimension="c:d3">
                <c:_3>cG19</c:_3>
            </xbrldi:typedMember>
        </xbrli:scenario>
    </xbrli:context>
    <e:cen-151 contextRef="cG4cG5.7cG19">VAT</e:cen-151>
    <e:cen-152 contextRef="cG4cG5.7cG19" decimals="INF" unitRef="pure">0.21</e:cen-152>
    <xbrli:context id="cG4cG5.7eG29">
        <xbrli:entity>
            <xbrli:identifier scheme="http://eipa.jp">EIPA</xbrli:identifier>
        </xbrli:entity>
        <xbrli:period>
            <xbrli:instant>2020-11-29</xbrli:instant>
        </xbrli:period>
        <xbrli:scenario>
            <xbrldi:typedMember dimension="c:d1">
                <c:_1>cG4</c:_1>
            </xbrldi:typedMember>
            <xbrldi:typedMember dimension="c:d2">
                <c:_2>cG5.7</c:_2>
            </xbrldi:typedMember>
            <xbrldi:typedMember dimension="c:d3">
                <c:_3>eG29</c:_3>
            </xbrldi:typedMember>
        </xbrli:scenario>
    </xbrli:context>
    <e:cen-146 contextRef="cG4cG5.7eG29" decimals="INF" unitRef="EUR">190.31</e:cen-146>
    <xbrli:context id="cG4cG5.7eG31">
        <xbrli:entity>
            <xbrli:identifier scheme="http://eipa.jp">EIPA</xbrli:identifier>
        </xbrli:entity>
        <xbrli:period>
            <xbrli:instant>2020-11-29</xbrli:instant>
        </xbrli:period>
        <xbrli:scenario>
            <xbrldi:typedMember dimension="c:d1">
                <c:_1>cG4</c:_1>
            </xbrldi:typedMember>
            <xbrldi:typedMember dimension="c:d2">
                <c:_2>cG5.7</c:_2>
            </xbrldi:typedMember>
            <xbrldi:typedMember dimension="c:d3">
                <c:_3>eG31</c:_3>
            </xbrldi:typedMember>
        </xbrli:scenario>
    </xbrli:context>
    <b:bus-143 contextRef="cG4cG5.7eG31">Huur Schakelinstallaties</b:bus-143>
    <xbrli:context id="cG4cG5.8">
        <xbrli:entity>
            <xbrli:identifier scheme="http://eipa.jp">EIPA</xbrli:identifier>
        </xbrli:entity>
        <xbrli:period>
            <xbrli:instant>2020-11-29</xbrli:instant>
        </xbrli:period>
        <xbrli:scenario>
            <xbrldi:typedMember dimension="c:d1">
                <c:_1>cG4</c:_1>
            </xbrldi:typedMember>
            <xbrldi:typedMember dimension="c:d2">
                <c:_2>cG5.8</c:_2>
            </xbrldi:typedMember>
        </xbrli:scenario>
    </xbrli:context>
    <c:cor-22 contextRef="cG4cG5.8" decimals="INF" unitRef="pure">9</c:cor-22>
    <e:cen-129 contextRef="cG4cG5.8" decimals="INF" unitRef="pure">1</e:cen-129>
    <e:cen-130 contextRef="cG4cG5.8">1</e:cen-130>
    <e:cen-131 contextRef="cG4cG5.8" decimals="INF" unitRef="EUR">64.21</e:cen-131>
    <xbrli:context id="cG4cG5.8cG19">
        <xbrli:entity>
            <xbrli:identifier scheme="http://eipa.jp">EIPA</xbrli:identifier>
        </xbrli:entity>
        <xbrli:period>
            <xbrli:instant>2020-11-29</xbrli:instant>
        </xbrli:period>
        <xbrli:scenario>
            <xbrldi:typedMember dimension="c:d1">
                <c:_1>cG4</c:_1>
            </xbrldi:typedMember>
            <xbrldi:typedMember dimension="c:d2">
                <c:_2>cG5.8</c:_2>
            </xbrldi:typedMember>
            <xbrldi:typedMember dimension="c:d3">
                <c:_3>cG19</c:_3>
            </xbrldi:typedMember>
        </xbrli:scenario>
    </xbrli:context>
    <e:cen-151 contextRef="cG4cG5.8cG19">VAT</e:cen-151>
    <e:cen-152 contextRef="cG4cG5.8cG19" decimals="INF" unitRef="pure">0.21</e:cen-152>
    <xbrli:context id="cG4cG5.8eG29">
        <xbrli:entity>
            <xbrli:identifier scheme="http://eipa.jp">EIPA</xbrli:identifier>
        </xbrli:entity>
        <xbrli:period>
            <xbrli:instant>2020-11-29</xbrli:instant>
        </xbrli:period>
        <xbrli:scenario>
            <xbrldi:typedMember dimension="c:d1">
                <c:_1>cG4</c:_1>
            </xbrldi:typedMember>
            <xbrldi:typedMember dimension="c:d2">
                <c:_2>cG5.8</c:_2>
            </xbrldi:typedMember>
            <xbrldi:typedMember dimension="c:d3">
                <c:_3>eG29</c:_3>
            </xbrldi:typedMember>
        </xbrli:scenario>
    </xbrli:context>
    <e:cen-146 contextRef="cG4cG5.8eG29" decimals="INF" unitRef="EUR">64.21</e:cen-146>
    <xbrli:context id="cG4cG5.8eG31">
        <xbrli:entity>
            <xbrli:identifier scheme="http://eipa.jp">EIPA</xbrli:identifier>
        </xbrli:entity>
        <xbrli:period>
            <xbrli:instant>2020-11-29</xbrli:instant>
        </xbrli:period>
        <xbrli:scenario>
            <xbrldi:typedMember dimension="c:d1">
                <c:_1>cG4</c:_1>
            </xbrldi:typedMember>
            <xbrldi:typedMember dimension="c:d2">
                <c:_2>cG5.8</c:_2>
            </xbrldi:typedMember>
            <xbrldi:typedMember dimension="c:d3">
                <c:_3>eG31</c:_3>
            </xbrldi:typedMember>
        </xbrli:scenario>
    </xbrli:context>
    <b:bus-143 contextRef="cG4cG5.8eG31">Huur Overige Apparaten</b:bus-143>
    <xbrli:context id="cG4cG5.9">
        <xbrli:entity>
            <xbrli:identifier scheme="http://eipa.jp">EIPA</xbrli:identifier>
        </xbrli:entity>
        <xbrli:period>
            <xbrli:instant>2020-11-29</xbrli:instant>
        </xbrli:period>
        <xbrli:scenario>
            <xbrldi:typedMember dimension="c:d1">
                <c:_1>cG4</c:_1>
            </xbrldi:typedMember>
            <xbrldi:typedMember dimension="c:d2">
                <c:_2>cG5.9</c:_2>
            </xbrldi:typedMember>
        </xbrli:scenario>
    </xbrli:context>
    <c:cor-22 contextRef="cG4cG5.9" decimals="INF" unitRef="pure">10</c:cor-22>
    <e:cen-129 contextRef="cG4cG5.9" decimals="INF" unitRef="pure">1</e:cen-129>
    <e:cen-130 contextRef="cG4cG5.9">1</e:cen-130>
    <e:cen-131 contextRef="cG4cG5.9" decimals="INF" unitRef="EUR">64.46</e:cen-131>
    <xbrli:context id="cG4cG5.9cG19">
        <xbrli:entity>
            <xbrli:identifier scheme="http://eipa.jp">EIPA</xbrli:identifier>
        </xbrli:entity>
        <xbrli:period>
            <xbrli:instant>2020-11-29</xbrli:instant>
        </xbrli:period>
        <xbrli:scenario>
            <xbrldi:typedMember dimension="c:d1">
                <c:_1>cG4</c:_1>
            </xbrldi:typedMember>
            <xbrldi:typedMember dimension="c:d2">
                <c:_2>cG5.9</c:_2>
            </xbrldi:typedMember>
            <xbrldi:typedMember dimension="c:d3">
                <c:_3>cG19</c:_3>
            </xbrldi:typedMember>
        </xbrli:scenario>
    </xbrli:context>
    <e:cen-151 contextRef="cG4cG5.9cG19">VAT</e:cen-151>
    <e:cen-152 contextRef="cG4cG5.9cG19" decimals="INF" unitRef="pure">0.21</e:cen-152>
    <xbrli:context id="cG4cG5.9eG29">
        <xbrli:entity>
            <xbrli:identifier scheme="http://eipa.jp">EIPA</xbrli:identifier>
        </xbrli:entity>
        <xbrli:period>
            <xbrli:instant>2020-11-29</xbrli:instant>
        </xbrli:period>
        <xbrli:scenario>
            <xbrldi:typedMember dimension="c:d1">
                <c:_1>cG4</c:_1>
            </xbrldi:typedMember>
            <xbrldi:typedMember dimension="c:d2">
                <c:_2>cG5.9</c:_2>
            </xbrldi:typedMember>
            <xbrldi:typedMember dimension="c:d3">
                <c:_3>eG29</c:_3>
            </xbrldi:typedMember>
        </xbrli:scenario>
    </xbrli:context>
    <e:cen-146 contextRef="cG4cG5.9eG29" decimals="INF" unitRef="EUR">64.46</e:cen-146>
    <xbrli:context id="cG4cG5.9eG31">
        <xbrli:entity>
            <xbrli:identifier scheme="http://eipa.jp">EIPA</xbrli:identifier>
        </xbrli:entity>
        <xbrli:period>
            <xbrli:instant>2020-11-29</xbrli:instant>
        </xbrli:period>
        <xbrli:scenario>
            <xbrldi:typedMember dimension="c:d1">
                <c:_1>cG4</c:_1>
            </xbrldi:typedMember>
            <xbrldi:typedMember dimension="c:d2">
                <c:_2>cG5.9</c:_2>
            </xbrldi:typedMember>
            <xbrldi:typedMember dimension="c:d3">
                <c:_3>eG31</c:_3>
            </xbrldi:typedMember>
        </xbrli:scenario>
    </xbrli:context>
    <b:bus-143 contextRef="cG4cG5.9eG31">Huur Meterdiensten</b:bus-143>
    <xbrli:context id="cG4eG22">
        <xbrli:entity>
            <xbrli:identifier scheme="http://eipa.jp">EIPA</xbrli:identifier>
        </xbrli:entity>
        <xbrli:period>
            <xbrli:instant>2020-11-29</xbrli:instant>
        </xbrli:period>
        <xbrli:scenario>
            <xbrldi:typedMember dimension="c:d1">
                <c:_1>cG4</c:_1>
            </xbrldi:typedMember>
            <xbrldi:typedMember dimension="c:d2">
                <c:_2>eG22</c:_2>
            </xbrldi:typedMember>
        </xbrli:scenario>
    </xbrli:context>
    <e:cen-106 contextRef="cG4eG22" decimals="INF" unitRef="EUR">908.91</e:cen-106>
    <e:cen-109 contextRef="cG4eG22" decimals="INF" unitRef="EUR">908.91</e:cen-109>
    <e:cen-110 contextRef="cG4eG22" decimals="INF" unitRef="EUR">190.87</e:cen-110>
    <e:cen-111 contextRef="cG4eG22" decimals="INF" unitRef="EUR">190.87</e:cen-111>
    <e:cen-112 contextRef="cG4eG22" decimals="INF" unitRef="EUR">1099.78</e:cen-112>
    <e:cen-115 contextRef="cG4eG22" decimals="INF" unitRef="EUR">1099.78</e:cen-115>
    <xbrli:context id="cG4eG23">
        <xbrli:entity>
            <xbrli:identifier scheme="http://eipa.jp">EIPA</xbrli:identifier>
        </xbrli:entity>
        <xbrli:period>
            <xbrli:instant>2020-11-29</xbrli:instant>
        </xbrli:period>
        <xbrli:scenario>
            <xbrldi:typedMember dimension="c:d1">
                <c:_1>cG4</c:_1>
            </xbrldi:typedMember>
            <xbrldi:typedMember dimension="c:d2">
                <c:_2>eG23</c:_2>
            </xbrldi:typedMember>
        </xbrli:scenario>
    </xbrli:context>
    <e:cen-116 contextRef="cG4eG23" decimals="INF" unitRef="EUR">908.91</e:cen-116>
    <e:cen-117 contextRef="cG4eG23" decimals="INF" unitRef="EUR">190.87</e:cen-117>
    <e:cen-118 contextRef="cG4eG23">VAT</e:cen-118>
    <e:cen-119 contextRef="cG4eG23" decimals="INF" unitRef="pure">0.21</e:cen-119>
</xbrli:xbrl>