<?xml version="1.0" encoding="UTF-8"?>
<xbrli:xbrl xmlns:xbrll="http://www.xbrl.org/2003/linkbase" xmlns:xsi="http://www.w3.org/2001/XMLSchema-instance" xmlns:xlink="http://www.w3.org/1999/xlink" xmlns:iso639="http://www.xbrl.org/2005/iso639" xmlns:iso4217="http://www.xbrl.org/2003/iso4217" xmlns:xbrli="http://www.xbrl.org/2003/instance" xmlns:xbrldi="http://xbrl.org/2006/xbrldi" xmlns:c="http://www.xbrl.org/int/gl/cor/2020-12-31" xmlns:b="http://www.xbrl.org/int/gl/bus/2020-12-31" xmlns:m="http://www.xbrl.org/int/gl/muc/2020-12-31" xmlns:t="http://www.xbrl.org/int/gl/taf/2020-12-31" xmlns:h="http://www.xbrl.org/int/gl/ehm/2020-12-31" xmlns:e="http://www.xbrl.org/int/gl/cen/2020-12-31">
    <xbrll:schemaRef xlink:type="simple" xlink:href="../plt/case-cen/gl-plt-2020-12-31.xsd" xlink:arcrole="http://www.w3.org/1999/xlink/properties/linkbase" />
    <xbrli:unit id="pure">
        <xbrli:measure>xbrli:pure</xbrli:measure>
    </xbrli:unit>
    <xbrli:unit id="DKK">
        <xbrli:measure>iso4217:DKK</xbrli:measure>
    </xbrli:unit>
    <xbrli:context id="cG2">
        <xbrli:entity>
            <xbrli:identifier scheme="http://eipa.jp">EIPA</xbrli:identifier>
        </xbrli:entity>
        <xbrli:period>
            <xbrli:instant>2020-11-29</xbrli:instant>
        </xbrli:period>
        <xbrli:scenario>
            <xbrldi:typedMember dimension="c:d1">
                <c:_1>cG2</c:_1>
            </xbrldi:typedMember>
        </xbrli:scenario>
    </xbrli:context>
    <c:cor-76 contextRef="cG2">TOSL110</c:cor-76>
    <c:cor-79 contextRef="cG2">2013-04-10</c:cor-79>
    <c:cor-73 contextRef="cG2">380</c:cor-73>
    <e:cen-11 contextRef="cG2">Project345</e:cen-11>
    <e:cen-12 contextRef="cG2">2013-05</e:cen-12>
    <e:cen-13 contextRef="cG2">PO4711</e:cen-13>
    <e:cen-14 contextRef="cG2">123</e:cen-14>
    <e:cen-15 contextRef="cG2">3544</e:cen-15>
    <e:cen-16 contextRef="cG2">5433</e:cen-16>
    <xbrli:context id="cG2eG16">
        <xbrli:entity>
            <xbrli:identifier scheme="http://eipa.jp">EIPA</xbrli:identifier>
        </xbrli:entity>
        <xbrli:period>
            <xbrli:instant>2020-11-29</xbrli:instant>
        </xbrli:period>
        <xbrli:scenario>
            <xbrldi:typedMember dimension="c:d1">
                <c:_1>cG2</c:_1>
            </xbrldi:typedMember>
            <xbrldi:typedMember dimension="c:d2">
                <c:_2>eG16</c:_2>
            </xbrldi:typedMember>
        </xbrli:scenario>
    </xbrli:context>
    <e:cen-81 contextRef="cG2eG16">58</e:cen-81>
    <e:cen-82 contextRef="cG2eG16">Half prepaid</e:cen-82>
    <e:cen-83 contextRef="cG2eG16">Payref1</e:cen-83>
    <xbrli:context id="cG2eG16eG19">
        <xbrli:entity>
            <xbrli:identifier scheme="http://eipa.jp">EIPA</xbrli:identifier>
        </xbrli:entity>
        <xbrli:period>
            <xbrli:instant>2020-11-29</xbrli:instant>
        </xbrli:period>
        <xbrli:scenario>
            <xbrldi:typedMember dimension="c:d1">
                <c:_1>cG2</c:_1>
            </xbrldi:typedMember>
            <xbrldi:typedMember dimension="c:d2">
                <c:_2>eG16</c:_2>
            </xbrldi:typedMember>
            <xbrldi:typedMember dimension="c:d3">
                <c:_3>eG19</c:_3>
            </xbrldi:typedMember>
        </xbrli:scenario>
    </xbrli:context>
    <e:cen-90 contextRef="cG2eG16eG19">DK5678</e:cen-90>
    <e:cen-91 contextRef="cG2eG16eG19">DK1212341234123412</e:cen-91>
    <xbrli:context id="cG2eG3tG1">
        <xbrli:entity>
            <xbrli:identifier scheme="http://eipa.jp">EIPA</xbrli:identifier>
        </xbrli:entity>
        <xbrli:period>
            <xbrli:instant>2020-11-29</xbrli:instant>
        </xbrli:period>
        <xbrli:scenario>
            <xbrldi:typedMember dimension="c:d1">
                <c:_1>cG2</c:_1>
            </xbrldi:typedMember>
            <xbrldi:typedMember dimension="c:d2">
                <c:_2>eG3</c:_2>
            </xbrldi:typedMember>
            <xbrldi:typedMember dimension="c:d3">
                <c:_3>tG1</c:_3>
            </xbrldi:typedMember>
        </xbrli:scenario>
    </xbrli:context>
    <t:taf-4 contextRef="cG2eG3tG1">[object Object]</t:taf-4>
    <t:taf-5 contextRef="cG2eG3tG1">TOSL109</t:taf-5>
    <xbrli:context id="cG2eG1">
        <xbrli:entity>
            <xbrli:identifier scheme="http://eipa.jp">EIPA</xbrli:identifier>
        </xbrli:entity>
        <xbrli:period>
            <xbrli:instant>2020-11-29</xbrli:instant>
        </xbrli:period>
        <xbrli:scenario>
            <xbrldi:typedMember dimension="c:d1">
                <c:_1>cG2</c:_1>
            </xbrldi:typedMember>
            <xbrldi:typedMember dimension="c:d2">
                <c:_2>eG1</c:_2>
            </xbrldi:typedMember>
        </xbrli:scenario>
    </xbrli:context>
    <e:cen-21 contextRef="cG2eG1">AAI</e:cen-21>
    <e:cen-22 contextRef="cG2eG1">Ordered through our website</e:cen-22>
    <xbrli:context id="cG2eG2">
        <xbrli:entity>
            <xbrli:identifier scheme="http://eipa.jp">EIPA</xbrli:identifier>
        </xbrli:entity>
        <xbrli:period>
            <xbrli:instant>2020-11-29</xbrli:instant>
        </xbrli:period>
        <xbrli:scenario>
            <xbrldi:typedMember dimension="c:d1">
                <c:_1>cG2</c:_1>
            </xbrldi:typedMember>
            <xbrldi:typedMember dimension="c:d2">
                <c:_2>eG2</c:_2>
            </xbrldi:typedMember>
        </xbrli:scenario>
    </xbrli:context>
    <e:cen-23 contextRef="cG2eG2">P1</e:cen-23>
    <e:cen-24 contextRef="cG2eG2">urn:cen.eu:en16931:2017</e:cen-24>
    <xbrli:context id="cG2eG24">
        <xbrli:entity>
            <xbrli:identifier scheme="http://eipa.jp">EIPA</xbrli:identifier>
        </xbrli:entity>
        <xbrli:period>
            <xbrli:instant>2020-11-29</xbrli:instant>
        </xbrli:period>
        <xbrli:scenario>
            <xbrldi:typedMember dimension="c:d1">
                <c:_1>cG2</c:_1>
            </xbrldi:typedMember>
            <xbrldi:typedMember dimension="c:d2">
                <c:_2>eG24</c:_2>
            </xbrldi:typedMember>
        </xbrli:scenario>
    </xbrli:context>
    <e:cen-122 contextRef="cG2eG24">Lot567</e:cen-122>
    <xbrli:context id="cG2eG24.1">
        <xbrli:entity>
            <xbrli:identifier scheme="http://eipa.jp">EIPA</xbrli:identifier>
        </xbrli:entity>
        <xbrli:period>
            <xbrli:instant>2020-11-29</xbrli:instant>
        </xbrli:period>
        <xbrli:scenario>
            <xbrldi:typedMember dimension="c:d1">
                <c:_1>cG2</c:_1>
            </xbrldi:typedMember>
            <xbrldi:typedMember dimension="c:d2">
                <c:_2>eG24.1</c:_2>
            </xbrldi:typedMember>
        </xbrli:scenario>
    </xbrli:context>
    <e:cen-122 contextRef="cG2eG24.1">OBJ999</e:cen-122>
    <xbrli:context id="cG2eG24.2">
        <xbrli:entity>
            <xbrli:identifier scheme="http://eipa.jp">EIPA</xbrli:identifier>
        </xbrli:entity>
        <xbrli:period>
            <xbrli:instant>2020-11-29</xbrli:instant>
        </xbrli:period>
        <xbrli:scenario>
            <xbrldi:typedMember dimension="c:d1">
                <c:_1>cG2</c:_1>
            </xbrldi:typedMember>
            <xbrldi:typedMember dimension="c:d2">
                <c:_2>eG24.2</c:_2>
            </xbrldi:typedMember>
        </xbrli:scenario>
    </xbrli:context>
    <e:cen-122 contextRef="cG2eG24.2">sales slip</e:cen-122>
    <e:cen-123 contextRef="cG2eG24.2">your sales slip</e:cen-123>
    <e:cen-125 contextRef="cG2eG24.2">SlZCRVJpMHhMalVOQ2lVTkNqRWdNQ0J2WW1vT3k2SlRaWDliY2dSVnhJVkcuLi50Ykxvc0NoVTJYUmY5eGIvb21zY2dUWS9sWEVoVWI=</e:cen-125>
    <xbrli:context id="cG3eG4">
        <xbrli:entity>
            <xbrli:identifier scheme="http://eipa.jp">EIPA</xbrli:identifier>
        </xbrli:entity>
        <xbrli:period>
            <xbrli:instant>2020-11-29</xbrli:instant>
        </xbrli:period>
        <xbrli:scenario>
            <xbrldi:typedMember dimension="c:d1">
                <c:_1>cG3</c:_1>
            </xbrldi:typedMember>
            <xbrldi:typedMember dimension="c:d2">
                <c:_2>eG4</c:_2>
            </xbrldi:typedMember>
        </xbrli:scenario>
    </xbrli:context>
    <e:cen-30 contextRef="cG3eG4">NL16356706</e:cen-30>
    <e:cen-31 contextRef="cG3eG4">NL16356706</e:cen-31>
    <e:cen-32 contextRef="cG3eG4">NL16356706</e:cen-32>
    <e:cen-27 contextRef="cG3eG4">SellerCompany</e:cen-27>
    <e:cen-28 contextRef="cG3eG4">SelCo</e:cen-28>
    <e:cen-33 contextRef="cG3eG4">Export</e:cen-33>
    <xbrli:context id="cG3eG4eG5">
        <xbrli:entity>
            <xbrli:identifier scheme="http://eipa.jp">EIPA</xbrli:identifier>
        </xbrli:entity>
        <xbrli:period>
            <xbrli:instant>2020-11-29</xbrli:instant>
        </xbrli:period>
        <xbrli:scenario>
            <xbrldi:typedMember dimension="c:d1">
                <c:_1>cG3</c:_1>
            </xbrldi:typedMember>
            <xbrldi:typedMember dimension="c:d2">
                <c:_2>eG4</c:_2>
            </xbrldi:typedMember>
            <xbrldi:typedMember dimension="c:d3">
                <c:_3>eG5</c:_3>
            </xbrldi:typedMember>
        </xbrli:scenario>
    </xbrli:context>
    <e:cen-35 contextRef="cG3eG4eG5">Hoofdstraat 4</e:cen-35>
    <e:cen-36 contextRef="cG3eG4eG5">Om de hoek</e:cen-36>
    <e:cen-37 contextRef="cG3eG4eG5">Grootstad</e:cen-37>
    <e:cen-38 contextRef="cG3eG4eG5">54321</e:cen-38>
    <e:cen-39 contextRef="cG3eG4eG5">Overijssel</e:cen-39>
    <e:cen-40 contextRef="cG3eG4eG5">NL</e:cen-40>
    <xbrli:context id="cG3eG11">
        <xbrli:entity>
            <xbrli:identifier scheme="http://eipa.jp">EIPA</xbrli:identifier>
        </xbrli:entity>
        <xbrli:period>
            <xbrli:instant>2020-11-29</xbrli:instant>
        </xbrli:period>
        <xbrli:scenario>
            <xbrldi:typedMember dimension="c:d1">
                <c:_1>cG3</c:_1>
            </xbrldi:typedMember>
            <xbrldi:typedMember dimension="c:d2">
                <c:_2>eG11</c:_2>
            </xbrldi:typedMember>
        </xbrli:scenario>
    </xbrli:context>
    <e:cen-63 contextRef="cG3eG11">DK16356609</e:cen-63>
    <e:cen-62 contextRef="cG3eG11">Dick Panama</e:cen-62>
    <xbrli:context id="cG3eG11eG12">
        <xbrli:entity>
            <xbrli:identifier scheme="http://eipa.jp">EIPA</xbrli:identifier>
        </xbrli:entity>
        <xbrli:period>
            <xbrli:instant>2020-11-29</xbrli:instant>
        </xbrli:period>
        <xbrli:scenario>
            <xbrldi:typedMember dimension="c:d1">
                <c:_1>cG3</c:_1>
            </xbrldi:typedMember>
            <xbrldi:typedMember dimension="c:d2">
                <c:_2>eG11</c:_2>
            </xbrldi:typedMember>
            <xbrldi:typedMember dimension="c:d3">
                <c:_3>eG12</c:_3>
            </xbrldi:typedMember>
        </xbrli:scenario>
    </xbrli:context>
    <e:cen-64 contextRef="cG3eG11eG12">Anystreet, Building 1</e:cen-64>
    <e:cen-65 contextRef="cG3eG11eG12">6th floor</e:cen-65>
    <e:cen-66 contextRef="cG3eG11eG12">Anytown</e:cen-66>
    <e:cen-67 contextRef="cG3eG11eG12">101</e:cen-67>
    <e:cen-68 contextRef="cG3eG11eG12">Jutland</e:cen-68>
    <e:cen-69 contextRef="cG3eG11eG12">DK</e:cen-69>
    <xbrli:context id="cG3eG7">
        <xbrli:entity>
            <xbrli:identifier scheme="http://eipa.jp">EIPA</xbrli:identifier>
        </xbrli:entity>
        <xbrli:period>
            <xbrli:instant>2020-11-29</xbrli:instant>
        </xbrli:period>
        <xbrli:scenario>
            <xbrldi:typedMember dimension="c:d1">
                <c:_1>cG3</c:_1>
            </xbrldi:typedMember>
            <xbrldi:typedMember dimension="c:d2">
                <c:_2>eG7</c:_2>
            </xbrldi:typedMember>
        </xbrli:scenario>
    </xbrli:context>
    <e:cen-47 contextRef="cG3eG7">DK16356607</e:cen-47>
    <e:cen-48 contextRef="cG3eG7">DK16356607</e:cen-48>
    <e:cen-44 contextRef="cG3eG7">Buyercompany ltd</e:cen-44>
    <e:cen-45 contextRef="cG3eG7">Buyco</e:cen-45>
    <xbrli:context id="cG3eG7eG8">
        <xbrli:entity>
            <xbrli:identifier scheme="http://eipa.jp">EIPA</xbrli:identifier>
        </xbrli:entity>
        <xbrli:period>
            <xbrli:instant>2020-11-29</xbrli:instant>
        </xbrli:period>
        <xbrli:scenario>
            <xbrldi:typedMember dimension="c:d1">
                <c:_1>cG3</c:_1>
            </xbrldi:typedMember>
            <xbrldi:typedMember dimension="c:d2">
                <c:_2>eG7</c:_2>
            </xbrldi:typedMember>
            <xbrldi:typedMember dimension="c:d3">
                <c:_3>eG8</c:_3>
            </xbrldi:typedMember>
        </xbrli:scenario>
    </xbrli:context>
    <e:cen-50 contextRef="cG3eG7eG8">Anystreet, Building 1</e:cen-50>
    <e:cen-51 contextRef="cG3eG7eG8">5th floor</e:cen-51>
    <e:cen-52 contextRef="cG3eG7eG8">Anytown</e:cen-52>
    <e:cen-53 contextRef="cG3eG7eG8">101</e:cen-53>
    <e:cen-54 contextRef="cG3eG7eG8">Jutland</e:cen-54>
    <e:cen-55 contextRef="cG3eG7eG8">DK</e:cen-55>
    <xbrli:context id="cG3eG13">
        <xbrli:entity>
            <xbrli:identifier scheme="http://eipa.jp">EIPA</xbrli:identifier>
        </xbrli:entity>
        <xbrli:period>
            <xbrli:instant>2020-11-29</xbrli:instant>
        </xbrli:period>
        <xbrli:scenario>
            <xbrldi:typedMember dimension="c:d1">
                <c:_1>cG3</c:_1>
            </xbrldi:typedMember>
            <xbrldi:typedMember dimension="c:d2">
                <c:_2>eG13</c:_2>
            </xbrldi:typedMember>
        </xbrli:scenario>
    </xbrli:context>
    <e:cen-70 contextRef="cG3eG13">Logistic service Ltd</e:cen-70>
    <e:cen-72 contextRef="cG3eG13">2013-04-15</e:cen-72>
    <xbrli:context id="cG3eG13eG14">
        <xbrli:entity>
            <xbrli:identifier scheme="http://eipa.jp">EIPA</xbrli:identifier>
        </xbrli:entity>
        <xbrli:period>
            <xbrli:instant>2020-11-29</xbrli:instant>
        </xbrli:period>
        <xbrli:scenario>
            <xbrldi:typedMember dimension="c:d1">
                <c:_1>cG3</c:_1>
            </xbrldi:typedMember>
            <xbrldi:typedMember dimension="c:d2">
                <c:_2>eG13</c:_2>
            </xbrldi:typedMember>
            <xbrldi:typedMember dimension="c:d3">
                <c:_3>eG14</c:_3>
            </xbrldi:typedMember>
        </xbrli:scenario>
    </xbrli:context>
    <c:cor-8 contextRef="cG3eG13eG14">2013-03-10</c:cor-8>
    <xbrli:context id="cG3eG13eG15">
        <xbrli:entity>
            <xbrli:identifier scheme="http://eipa.jp">EIPA</xbrli:identifier>
        </xbrli:entity>
        <xbrli:period>
            <xbrli:instant>2020-11-29</xbrli:instant>
        </xbrli:period>
        <xbrli:scenario>
            <xbrldi:typedMember dimension="c:d1">
                <c:_1>cG3</c:_1>
            </xbrldi:typedMember>
            <xbrldi:typedMember dimension="c:d2">
                <c:_2>eG13</c:_2>
            </xbrldi:typedMember>
            <xbrldi:typedMember dimension="c:d3">
                <c:_3>eG15</c:_3>
            </xbrldi:typedMember>
        </xbrli:scenario>
    </xbrli:context>
    <e:cen-75 contextRef="cG3eG13eG15">Deliverystreet</e:cen-75>
    <e:cen-76 contextRef="cG3eG13eG15">Gate 15</e:cen-76>
    <e:cen-77 contextRef="cG3eG13eG15">Deliverycity</e:cen-77>
    <e:cen-78 contextRef="cG3eG13eG15">9000</e:cen-78>
    <e:cen-79 contextRef="cG3eG13eG15">Jutland</e:cen-79>
    <e:cen-80 contextRef="cG3eG13eG15">DK</e:cen-80>
    <xbrli:context id="cG3eG10">
        <xbrli:entity>
            <xbrli:identifier scheme="http://eipa.jp">EIPA</xbrli:identifier>
        </xbrli:entity>
        <xbrli:period>
            <xbrli:instant>2020-11-29</xbrli:instant>
        </xbrli:period>
        <xbrli:scenario>
            <xbrldi:typedMember dimension="c:d1">
                <c:_1>cG3</c:_1>
            </xbrldi:typedMember>
            <xbrldi:typedMember dimension="c:d2">
                <c:_2>eG10</c:_2>
            </xbrldi:typedMember>
        </xbrli:scenario>
    </xbrli:context>
    <e:cen-59 contextRef="cG3eG10">Dagobert Duck</e:cen-59>
    <e:cen-60 contextRef="cG3eG10">DK16356608</e:cen-60>
    <e:cen-61 contextRef="cG3eG10">DK16356608</e:cen-61>
    <xbrli:context id="cG4">
        <xbrli:entity>
            <xbrli:identifier scheme="http://eipa.jp">EIPA</xbrli:identifier>
        </xbrli:entity>
        <xbrli:period>
            <xbrli:instant>2020-11-29</xbrli:instant>
        </xbrli:period>
        <xbrli:scenario>
            <xbrldi:typedMember dimension="c:d1">
                <c:_1>cG4</c:_1>
            </xbrldi:typedMember>
        </xbrli:scenario>
    </xbrli:context>
    <m:muc-4 contextRef="cG4">DKK</m:muc-4>
    <m:muc-33 contextRef="cG4">EUR</m:muc-33>
    <c:cor-43 contextRef="cG4">2013-04-10</c:cor-43>
    <xbrli:context id="cG4cG5">
        <xbrli:entity>
            <xbrli:identifier scheme="http://eipa.jp">EIPA</xbrli:identifier>
        </xbrli:entity>
        <xbrli:period>
            <xbrli:instant>2020-11-29</xbrli:instant>
        </xbrli:period>
        <xbrli:scenario>
            <xbrldi:typedMember dimension="c:d1">
                <c:_1>cG4</c:_1>
            </xbrldi:typedMember>
            <xbrldi:typedMember dimension="c:d2">
                <c:_2>cG5</c:_2>
            </xbrldi:typedMember>
        </xbrli:scenario>
    </xbrli:context>
    <c:cor-22 contextRef="cG4cG5" decimals="INF" unitRef="pure">1</c:cor-22>
    <c:cor-21 contextRef="cG4cG5">Object2</c:cor-21>
    <e:cen-129 contextRef="cG4cG5" decimals="INF" unitRef="pure">1000</e:cen-129>
    <e:cen-130 contextRef="cG4cG5">1000</e:cen-130>
    <e:cen-131 contextRef="cG4cG5" decimals="INF" unitRef="DKK">1000</e:cen-131>
    <xbrli:context id="cG4cG5eG26">
        <xbrli:entity>
            <xbrli:identifier scheme="http://eipa.jp">EIPA</xbrli:identifier>
        </xbrli:entity>
        <xbrli:period>
            <xbrli:instant>2020-11-29</xbrli:instant>
        </xbrli:period>
        <xbrli:scenario>
            <xbrldi:typedMember dimension="c:d1">
                <c:_1>cG4</c:_1>
            </xbrldi:typedMember>
            <xbrldi:typedMember dimension="c:d2">
                <c:_2>cG5</c:_2>
            </xbrldi:typedMember>
            <xbrldi:typedMember dimension="c:d3">
                <c:_3>eG26</c:_3>
            </xbrldi:typedMember>
        </xbrli:scenario>
    </xbrli:context>
    <b:bus-148 contextRef="cG4cG5eG26">2013-03-10</b:bus-148>
    <b:bus-149 contextRef="cG4cG5eG26">2013-03-10</b:bus-149>
    <xbrli:context id="cG4cG5cG19">
        <xbrli:entity>
            <xbrli:identifier scheme="http://eipa.jp">EIPA</xbrli:identifier>
        </xbrli:entity>
        <xbrli:period>
            <xbrli:instant>2020-11-29</xbrli:instant>
        </xbrli:period>
        <xbrli:scenario>
            <xbrldi:typedMember dimension="c:d1">
                <c:_1>cG4</c:_1>
            </xbrldi:typedMember>
            <xbrldi:typedMember dimension="c:d2">
                <c:_2>cG5</c:_2>
            </xbrldi:typedMember>
            <xbrldi:typedMember dimension="c:d3">
                <c:_3>cG19</c:_3>
            </xbrldi:typedMember>
        </xbrli:scenario>
    </xbrli:context>
    <e:cen-151 contextRef="cG4cG5cG19">VAT</e:cen-151>
    <e:cen-152 contextRef="cG4cG5cG19" decimals="INF" unitRef="pure">0.25</e:cen-152>
    <c:cor-85 contextRef="cG4cG5">first line</c:cor-85>
    <xbrli:context id="cG4cG5eG29">
        <xbrli:entity>
            <xbrli:identifier scheme="http://eipa.jp">EIPA</xbrli:identifier>
        </xbrli:entity>
        <xbrli:period>
            <xbrli:instant>2020-11-29</xbrli:instant>
        </xbrli:period>
        <xbrli:scenario>
            <xbrldi:typedMember dimension="c:d1">
                <c:_1>cG4</c:_1>
            </xbrldi:typedMember>
            <xbrldi:typedMember dimension="c:d2">
                <c:_2>cG5</c:_2>
            </xbrldi:typedMember>
            <xbrldi:typedMember dimension="c:d3">
                <c:_3>eG29</c:_3>
            </xbrldi:typedMember>
        </xbrli:scenario>
    </xbrli:context>
    <e:cen-146 contextRef="cG4cG5eG29" decimals="INF" unitRef="DKK">1</e:cen-146>
    <e:cen-148 contextRef="cG4cG5eG29" decimals="INF" unitRef="DKK">1.1</e:cen-148>
    <e:cen-149 contextRef="cG4cG5eG29" decimals="INF" unitRef="pure">1.1</e:cen-149>
    <e:cen-150 contextRef="cG4cG5eG29">1.1</e:cen-150>
    <xbrli:context id="cG4cG5eG31">
        <xbrli:entity>
            <xbrli:identifier scheme="http://eipa.jp">EIPA</xbrli:identifier>
        </xbrli:entity>
        <xbrli:period>
            <xbrli:instant>2020-11-29</xbrli:instant>
        </xbrli:period>
        <xbrli:scenario>
            <xbrldi:typedMember dimension="c:d1">
                <c:_1>cG4</c:_1>
            </xbrldi:typedMember>
            <xbrldi:typedMember dimension="c:d2">
                <c:_2>cG5</c:_2>
            </xbrldi:typedMember>
            <xbrldi:typedMember dimension="c:d3">
                <c:_3>eG31</c:_3>
            </xbrldi:typedMember>
        </xbrli:scenario>
    </xbrli:context>
    <b:bus-143 contextRef="cG4cG5eG31">Printing paper</b:bus-143>
    <b:bus-139 contextRef="cG4cG5eG31">1234567890128</b:bus-139>
    <e:cen-159 contextRef="cG4cG5eG31">NL</e:cen-159>
    <xbrli:context id="cG4cG5eG32">
        <xbrli:entity>
            <xbrli:identifier scheme="http://eipa.jp">EIPA</xbrli:identifier>
        </xbrli:entity>
        <xbrli:period>
            <xbrli:instant>2020-11-29</xbrli:instant>
        </xbrli:period>
        <xbrli:scenario>
            <xbrldi:typedMember dimension="c:d1">
                <c:_1>cG4</c:_1>
            </xbrldi:typedMember>
            <xbrldi:typedMember dimension="c:d2">
                <c:_2>cG5</c:_2>
            </xbrldi:typedMember>
            <xbrldi:typedMember dimension="c:d3">
                <c:_3>eG32</c:_3>
            </xbrldi:typedMember>
        </xbrli:scenario>
    </xbrli:context>
    <e:cen-160 contextRef="cG4cG5eG32">Thickness</e:cen-160>
    <e:cen-161 contextRef="cG4cG5eG32">2 mm</e:cen-161>
    <xbrli:context id="cG4cG5.1">
        <xbrli:entity>
            <xbrli:identifier scheme="http://eipa.jp">EIPA</xbrli:identifier>
        </xbrli:entity>
        <xbrli:period>
            <xbrli:instant>2020-11-29</xbrli:instant>
        </xbrli:period>
        <xbrli:scenario>
            <xbrldi:typedMember dimension="c:d1">
                <c:_1>cG4</c:_1>
            </xbrldi:typedMember>
            <xbrldi:typedMember dimension="c:d2">
                <c:_2>cG5.1</c:_2>
            </xbrldi:typedMember>
        </xbrli:scenario>
    </xbrli:context>
    <c:cor-22 contextRef="cG4cG5.1" decimals="INF" unitRef="pure">2</c:cor-22>
    <c:cor-21 contextRef="cG4cG5.1">Object2</c:cor-21>
    <e:cen-129 contextRef="cG4cG5.1" decimals="INF" unitRef="pure">100</e:cen-129>
    <e:cen-130 contextRef="cG4cG5.1">100</e:cen-130>
    <e:cen-131 contextRef="cG4cG5.1" decimals="INF" unitRef="DKK">500</e:cen-131>
    <xbrli:context id="cG4cG5.1eG26">
        <xbrli:entity>
            <xbrli:identifier scheme="http://eipa.jp">EIPA</xbrli:identifier>
        </xbrli:entity>
        <xbrli:period>
            <xbrli:instant>2020-11-29</xbrli:instant>
        </xbrli:period>
        <xbrli:scenario>
            <xbrldi:typedMember dimension="c:d1">
                <c:_1>cG4</c:_1>
            </xbrldi:typedMember>
            <xbrldi:typedMember dimension="c:d2">
                <c:_2>cG5.1</c:_2>
            </xbrldi:typedMember>
            <xbrldi:typedMember dimension="c:d3">
                <c:_3>eG26</c:_3>
            </xbrldi:typedMember>
        </xbrli:scenario>
    </xbrli:context>
    <b:bus-148 contextRef="cG4cG5.1eG26">2013-03-10</b:bus-148>
    <b:bus-149 contextRef="cG4cG5.1eG26">2013-03-10</b:bus-149>
    <xbrli:context id="cG4cG5.1cG19">
        <xbrli:entity>
            <xbrli:identifier scheme="http://eipa.jp">EIPA</xbrli:identifier>
        </xbrli:entity>
        <xbrli:period>
            <xbrli:instant>2020-11-29</xbrli:instant>
        </xbrli:period>
        <xbrli:scenario>
            <xbrldi:typedMember dimension="c:d1">
                <c:_1>cG4</c:_1>
            </xbrldi:typedMember>
            <xbrldi:typedMember dimension="c:d2">
                <c:_2>cG5.1</c:_2>
            </xbrldi:typedMember>
            <xbrldi:typedMember dimension="c:d3">
                <c:_3>cG19</c:_3>
            </xbrldi:typedMember>
        </xbrli:scenario>
    </xbrli:context>
    <e:cen-151 contextRef="cG4cG5.1cG19">VAT</e:cen-151>
    <e:cen-152 contextRef="cG4cG5.1cG19" decimals="INF" unitRef="pure">0.25</e:cen-152>
    <c:cor-85 contextRef="cG4cG5.1">Second line</c:cor-85>
    <xbrli:context id="cG4cG5.1eG29">
        <xbrli:entity>
            <xbrli:identifier scheme="http://eipa.jp">EIPA</xbrli:identifier>
        </xbrli:entity>
        <xbrli:period>
            <xbrli:instant>2020-11-29</xbrli:instant>
        </xbrli:period>
        <xbrli:scenario>
            <xbrldi:typedMember dimension="c:d1">
                <c:_1>cG4</c:_1>
            </xbrldi:typedMember>
            <xbrldi:typedMember dimension="c:d2">
                <c:_2>cG5.1</c:_2>
            </xbrldi:typedMember>
            <xbrldi:typedMember dimension="c:d3">
                <c:_3>eG29</c:_3>
            </xbrldi:typedMember>
        </xbrli:scenario>
    </xbrli:context>
    <e:cen-146 contextRef="cG4cG5.1eG29" decimals="INF" unitRef="DKK">5</e:cen-146>
    <e:cen-148 contextRef="cG4cG5.1eG29" decimals="INF" unitRef="DKK">1.1</e:cen-148>
    <e:cen-149 contextRef="cG4cG5.1eG29" decimals="INF" unitRef="pure">1.1</e:cen-149>
    <e:cen-150 contextRef="cG4cG5.1eG29">1.1</e:cen-150>
    <xbrli:context id="cG4cG5.1eG31">
        <xbrli:entity>
            <xbrli:identifier scheme="http://eipa.jp">EIPA</xbrli:identifier>
        </xbrli:entity>
        <xbrli:period>
            <xbrli:instant>2020-11-29</xbrli:instant>
        </xbrli:period>
        <xbrli:scenario>
            <xbrldi:typedMember dimension="c:d1">
                <c:_1>cG4</c:_1>
            </xbrldi:typedMember>
            <xbrldi:typedMember dimension="c:d2">
                <c:_2>cG5.1</c:_2>
            </xbrldi:typedMember>
            <xbrldi:typedMember dimension="c:d3">
                <c:_3>eG31</c:_3>
            </xbrldi:typedMember>
        </xbrli:scenario>
    </xbrli:context>
    <b:bus-143 contextRef="cG4cG5.1eG31">Parker Pen</b:bus-143>
    <e:cen-159 contextRef="cG4cG5.1eG31">NL</e:cen-159>
    <xbrli:context id="cG4cG5.2">
        <xbrli:entity>
            <xbrli:identifier scheme="http://eipa.jp">EIPA</xbrli:identifier>
        </xbrli:entity>
        <xbrli:period>
            <xbrli:instant>2020-11-29</xbrli:instant>
        </xbrli:period>
        <xbrli:scenario>
            <xbrldi:typedMember dimension="c:d1">
                <c:_1>cG4</c:_1>
            </xbrldi:typedMember>
            <xbrldi:typedMember dimension="c:d2">
                <c:_2>cG5.2</c:_2>
            </xbrldi:typedMember>
        </xbrli:scenario>
    </xbrli:context>
    <c:cor-22 contextRef="cG4cG5.2" decimals="INF" unitRef="pure">3</c:cor-22>
    <e:cen-129 contextRef="cG4cG5.2" decimals="INF" unitRef="pure">500</e:cen-129>
    <e:cen-130 contextRef="cG4cG5.2">500</e:cen-130>
    <e:cen-131 contextRef="cG4cG5.2" decimals="INF" unitRef="DKK">2500</e:cen-131>
    <xbrli:context id="cG4cG5.2cG19">
        <xbrli:entity>
            <xbrli:identifier scheme="http://eipa.jp">EIPA</xbrli:identifier>
        </xbrli:entity>
        <xbrli:period>
            <xbrli:instant>2020-11-29</xbrli:instant>
        </xbrli:period>
        <xbrli:scenario>
            <xbrldi:typedMember dimension="c:d1">
                <c:_1>cG4</c:_1>
            </xbrldi:typedMember>
            <xbrldi:typedMember dimension="c:d2">
                <c:_2>cG5.2</c:_2>
            </xbrldi:typedMember>
            <xbrldi:typedMember dimension="c:d3">
                <c:_3>cG19</c:_3>
            </xbrldi:typedMember>
        </xbrli:scenario>
    </xbrli:context>
    <e:cen-151 contextRef="cG4cG5.2cG19">VAT</e:cen-151>
    <e:cen-152 contextRef="cG4cG5.2cG19" decimals="INF" unitRef="pure">0.12</e:cen-152>
    <xbrli:context id="cG4cG5.2eG29">
        <xbrli:entity>
            <xbrli:identifier scheme="http://eipa.jp">EIPA</xbrli:identifier>
        </xbrli:entity>
        <xbrli:period>
            <xbrli:instant>2020-11-29</xbrli:instant>
        </xbrli:period>
        <xbrli:scenario>
            <xbrldi:typedMember dimension="c:d1">
                <c:_1>cG4</c:_1>
            </xbrldi:typedMember>
            <xbrldi:typedMember dimension="c:d2">
                <c:_2>cG5.2</c:_2>
            </xbrldi:typedMember>
            <xbrldi:typedMember dimension="c:d3">
                <c:_3>eG29</c:_3>
            </xbrldi:typedMember>
        </xbrli:scenario>
    </xbrli:context>
    <e:cen-146 contextRef="cG4cG5.2eG29" decimals="INF" unitRef="DKK">5</e:cen-146>
    <e:cen-148 contextRef="cG4cG5.2eG29" decimals="INF" unitRef="DKK">1.1</e:cen-148>
    <e:cen-149 contextRef="cG4cG5.2eG29" decimals="INF" unitRef="pure">1.1</e:cen-149>
    <e:cen-150 contextRef="cG4cG5.2eG29">1.1</e:cen-150>
    <xbrli:context id="cG4cG5.2eG31">
        <xbrli:entity>
            <xbrli:identifier scheme="http://eipa.jp">EIPA</xbrli:identifier>
        </xbrli:entity>
        <xbrli:period>
            <xbrli:instant>2020-11-29</xbrli:instant>
        </xbrli:period>
        <xbrli:scenario>
            <xbrldi:typedMember dimension="c:d1">
                <c:_1>cG4</c:_1>
            </xbrldi:typedMember>
            <xbrldi:typedMember dimension="c:d2">
                <c:_2>cG5.2</c:_2>
            </xbrldi:typedMember>
            <xbrldi:typedMember dimension="c:d3">
                <c:_3>eG31</c:_3>
            </xbrldi:typedMember>
        </xbrli:scenario>
    </xbrli:context>
    <b:bus-143 contextRef="cG4cG5.2eG31">American Cookies</b:bus-143>
    <e:cen-10 contextRef="cG4">qwerty</e:cen-10>
    <e:cen-19 contextRef="cG4">67543</e:cen-19>
    <xbrli:context id="cG4eG20">
        <xbrli:entity>
            <xbrli:identifier scheme="http://eipa.jp">EIPA</xbrli:identifier>
        </xbrli:entity>
        <xbrli:period>
            <xbrli:instant>2020-11-29</xbrli:instant>
        </xbrli:period>
        <xbrli:scenario>
            <xbrldi:typedMember dimension="c:d1">
                <c:_1>cG4</c:_1>
            </xbrldi:typedMember>
            <xbrldi:typedMember dimension="c:d2">
                <c:_2>eG20</c:_2>
            </xbrldi:typedMember>
        </xbrli:scenario>
    </xbrli:context>
    <e:cen-92 contextRef="cG4eG20" decimals="INF" unitRef="DKK">150</e:cen-92>
    <e:cen-95 contextRef="cG4eG20">VAT</e:cen-95>
    <e:cen-96 contextRef="cG4eG20" decimals="INF" unitRef="pure">0.25</e:cen-96>
    <e:cen-93 contextRef="cG4eG20" decimals="INF" unitRef="DKK">1500</e:cen-93>
    <e:cen-94 contextRef="cG4eG20" decimals="INF" unitRef="pure">0.1</e:cen-94>
    <e:cen-97 contextRef="cG4eG20">Loyal customer</e:cen-97>
    <e:cen-98 contextRef="cG4eG20">95</e:cen-98>
    <xbrli:context id="cG4eG21">
        <xbrli:entity>
            <xbrli:identifier scheme="http://eipa.jp">EIPA</xbrli:identifier>
        </xbrli:entity>
        <xbrli:period>
            <xbrli:instant>2020-11-29</xbrli:instant>
        </xbrli:period>
        <xbrli:scenario>
            <xbrldi:typedMember dimension="c:d1">
                <c:_1>cG4</c:_1>
            </xbrldi:typedMember>
            <xbrldi:typedMember dimension="c:d2">
                <c:_2>eG21</c:_2>
            </xbrldi:typedMember>
        </xbrli:scenario>
    </xbrli:context>
    <e:cen-99 contextRef="cG4eG21" decimals="INF" unitRef="DKK">150</e:cen-99>
    <e:cen-102 contextRef="cG4eG21">S</e:cen-102>
    <e:cen-103 contextRef="cG4eG21" decimals="INF" unitRef="pure">0.25</e:cen-103>
    <e:cen-100 contextRef="cG4eG21" decimals="INF" unitRef="DKK">1500</e:cen-100>
    <e:cen-101 contextRef="cG4eG21" decimals="INF" unitRef="pure">0.1</e:cen-101>
    <e:cen-104 contextRef="cG4eG21">Packaging</e:cen-104>
    <e:cen-105 contextRef="cG4eG21">ABL</e:cen-105>
    <xbrli:context id="cG4eG22">
        <xbrli:entity>
            <xbrli:identifier scheme="http://eipa.jp">EIPA</xbrli:identifier>
        </xbrli:entity>
        <xbrli:period>
            <xbrli:instant>2020-11-29</xbrli:instant>
        </xbrli:period>
        <xbrli:scenario>
            <xbrldi:typedMember dimension="c:d1">
                <c:_1>cG4</c:_1>
            </xbrldi:typedMember>
            <xbrldi:typedMember dimension="c:d2">
                <c:_2>eG22</c:_2>
            </xbrldi:typedMember>
        </xbrli:scenario>
    </xbrli:context>
    <e:cen-106 contextRef="cG4eG22" decimals="INF" unitRef="DKK">4000</e:cen-106>
    <e:cen-107 contextRef="cG4eG22" decimals="INF" unitRef="DKK">150</e:cen-107>
    <e:cen-108 contextRef="cG4eG22" decimals="INF" unitRef="DKK">150</e:cen-108>
    <e:cen-109 contextRef="cG4eG22" decimals="INF" unitRef="DKK">4000</e:cen-109>
    <e:cen-112 contextRef="cG4eG22" decimals="INF" unitRef="DKK">4675</e:cen-112>
    <e:cen-113 contextRef="cG4eG22" decimals="INF" unitRef="DKK">2337.5</e:cen-113>
    <e:cen-115 contextRef="cG4eG22" decimals="INF" unitRef="DKK">2337.5</e:cen-115>
    <xbrli:context id="cG4eG23">
        <xbrli:entity>
            <xbrli:identifier scheme="http://eipa.jp">EIPA</xbrli:identifier>
        </xbrli:entity>
        <xbrli:period>
            <xbrli:instant>2020-11-29</xbrli:instant>
        </xbrli:period>
        <xbrli:scenario>
            <xbrldi:typedMember dimension="c:d1">
                <c:_1>cG4</c:_1>
            </xbrldi:typedMember>
            <xbrldi:typedMember dimension="c:d2">
                <c:_2>eG23</c:_2>
            </xbrldi:typedMember>
        </xbrli:scenario>
    </xbrli:context>
    <e:cen-116 contextRef="cG4eG23" decimals="INF" unitRef="DKK">1500</e:cen-116>
    <e:cen-117 contextRef="cG4eG23" decimals="INF" unitRef="DKK">375</e:cen-117>
    <e:cen-118 contextRef="cG4eG23">VAT</e:cen-118>
    <e:cen-119 contextRef="cG4eG23" decimals="INF" unitRef="pure">0.25</e:cen-119>
    <xbrli:context id="cG4eG23.1">
        <xbrli:entity>
            <xbrli:identifier scheme="http://eipa.jp">EIPA</xbrli:identifier>
        </xbrli:entity>
        <xbrli:period>
            <xbrli:instant>2020-11-29</xbrli:instant>
        </xbrli:period>
        <xbrli:scenario>
            <xbrldi:typedMember dimension="c:d1">
                <c:_1>cG4</c:_1>
            </xbrldi:typedMember>
            <xbrldi:typedMember dimension="c:d2">
                <c:_2>eG23.1</c:_2>
            </xbrldi:typedMember>
        </xbrli:scenario>
    </xbrli:context>
    <e:cen-116 contextRef="cG4eG23.1" decimals="INF" unitRef="DKK">2500</e:cen-116>
    <e:cen-117 contextRef="cG4eG23.1" decimals="INF" unitRef="DKK">300</e:cen-117>
    <e:cen-118 contextRef="cG4eG23.1">VAT</e:cen-118>
    <e:cen-119 contextRef="cG4eG23.1" decimals="INF" unitRef="pure">0.12</e:cen-119>
</xbrli:xbrl>