This XML file does not appear to have any style information associated with it. The document tree is shown below.
<xbrli:xbrl xmlns:xbrll="http://www.xbrl.org/2003/linkbase"
  xmlns:xsi="http://www.w3.org/2001/XMLSchema-instance"
  xmlns:xlink="http://www.w3.org/1999/xlink"
  xmlns:iso639="http://www.xbrl.org/2005/iso639"
  xmlns:iso4217="http://www.xbrl.org/2003/iso4217"
  xmlns:xbrli="http://www.xbrl.org/2003/instance"
  xmlns:xbrldi="http://xbrl.org/2006/xbrldi"
  xmlns:cen="http://www.eipa.jp/cen/EN-16931-1">
  <xbrll:schemaRef xlink:type="simple" xlink:href="../cen/EN-16931-1.xsd" xlink:arcrole="http://www.w3.org/1999/xlink/properties/linkbase"/>
  <xbrli:unit id="pure">
    <xbrli:measure>xbrli:pure</xbrli:measure>
  </xbrli:unit>
  <xbrli:unit id="DKK">
    <xbrli:measure>iso4217:DKK</xbrli:measure>
  </xbrli:unit>
  <xbrli:context id="BG-0">
    <xbrli:entity>
      <xbrli:identifier scheme="http://www.eipa.jp">SAMPLE</xbrli:identifier>
    </xbrli:entity>
    <xbrli:period>
      <xbrli:instant>2020-10-26</xbrli:instant>
    </xbrli:period>
    <xbrli:scenario>
      <xbrldi:typedMember dimension="cen:dL1N">
        <cen:L1N>BG-0</cen:L1N>
      </xbrldi:typedMember>
    </xbrli:scenario>
  </xbrli:context>
  <cen:BT-1 contextRef="BG-0">TOSL110</cen:BT-1>
  <cen:BT-2 contextRef="BG-0">2013-04-10</cen:BT-2>
  <cen:BT-3 contextRef="BG-0">380</cen:BT-3>
  <cen:BT-5 contextRef="BG-0">DKK</cen:BT-5>
  <cen:BT-9 contextRef="BG-0">2013-05-10</cen:BT-9>
  <xbrli:context id="BG-4_BG-5">
    <xbrli:entity>
      <xbrli:identifier scheme="http://www.eipa.jp">SAMPLE</xbrli:identifier>
    </xbrli:entity>
    <xbrli:period>
      <xbrli:instant>2020-10-26</xbrli:instant>
    </xbrli:period>
    <xbrli:scenario>
      <xbrldi:typedMember dimension="cen:dL1N">
        <cen:L1N>BG-4</cen:L1N>
      </xbrldi:typedMember>
      <xbrldi:typedMember dimension="cen:dL2N">
        <cen:L2N>BG-5</cen:L2N>
      </xbrldi:typedMember>
    </xbrli:scenario>
  </xbrli:context>
  <cen:BT-40 contextRef="BG-4_BG-5">DK</cen:BT-40>
  <xbrli:context id="BG-7_BG-8">
    <xbrli:entity>
      <xbrli:identifier scheme="http://www.eipa.jp">SAMPLE</xbrli:identifier>
    </xbrli:entity>
    <xbrli:period>
      <xbrli:instant>2020-10-26</xbrli:instant>
    </xbrli:period>
    <xbrli:scenario>
      <xbrldi:typedMember dimension="cen:dL1N">
        <cen:L1N>BG-7</cen:L1N>
      </xbrldi:typedMember>
      <xbrldi:typedMember dimension="cen:dL2N">
        <cen:L2N>BG-8</cen:L2N>
      </xbrldi:typedMember>
    </xbrli:scenario>
  </xbrli:context>
  <cen:BT-55 contextRef="BG-7_BG-8">DK</cen:BT-55>
  <xbrli:context id="BG-23_0">
    <xbrli:entity>
      <xbrli:identifier scheme="http://www.eipa.jp">SAMPLE</xbrli:identifier>
    </xbrli:entity>
    <xbrli:period>
      <xbrli:instant>2020-10-26</xbrli:instant>
    </xbrli:period>
    <xbrli:scenario>
      <xbrldi:typedMember dimension="cen:dL1N">
        <cen:L1N>BG-23</cen:L1N>
      </xbrldi:typedMember>
      <xbrldi:typedMember dimension="cen:dL2N">
        <cen:L2N>0</cen:L2N>
      </xbrldi:typedMember>
    </xbrli:scenario>
  </xbrli:context>
  <cen:BT-116 contextRef="BG-23_0" decimals="INF" unitRef="DKK">1500</cen:BT-116>
  <cen:BT-117 contextRef="BG-23_0" decimals="INF" unitRef="DKK">375</cen:BT-117>
  <cen:BT-118 contextRef="BG-23_0">S</cen:BT-118>
  <cen:BT-119 contextRef="BG-23_0" decimals="INF" unitRef="pure">25</cen:BT-119>
  <xbrli:context id="BG-23_1">
    <xbrli:entity>
      <xbrli:identifier scheme="http://www.eipa.jp">SAMPLE</xbrli:identifier>
    </xbrli:entity>
    <xbrli:period>
      <xbrli:instant>2020-10-26</xbrli:instant>
    </xbrli:period>
    <xbrli:scenario>
      <xbrldi:typedMember dimension="cen:dL1N">
        <cen:L1N>BG-23</cen:L1N>
      </xbrldi:typedMember>
      <xbrldi:typedMember dimension="cen:dL2N">
        <cen:L2N>1</cen:L2N>
      </xbrldi:typedMember>
    </xbrli:scenario>
  </xbrli:context>
  <cen:BT-116 contextRef="BG-23_1" decimals="INF" unitRef="DKK">2500</cen:BT-116>
  <cen:BT-117 contextRef="BG-23_1" decimals="INF" unitRef="DKK">300</cen:BT-117>
  <cen:BT-118 contextRef="BG-23_1">S</cen:BT-118>
  <cen:BT-119 contextRef="BG-23_1" decimals="INF" unitRef="pure">12</cen:BT-119>
  <xbrli:context id="BG-25_0">
    <xbrli:entity>
      <xbrli:identifier scheme="http://www.eipa.jp">SAMPLE</xbrli:identifier>
    </xbrli:entity>
    <xbrli:period>
      <xbrli:instant>2020-10-26</xbrli:instant>
    </xbrli:period>
    <xbrli:scenario>
      <xbrldi:typedMember dimension="cen:dL1N">
        <cen:L1N>BG-25</cen:L1N>
      </xbrldi:typedMember>
      <xbrldi:typedMember dimension="cen:dL2N">
        <cen:L2N>0</cen:L2N>
      </xbrldi:typedMember>
    </xbrli:scenario>
  </xbrli:context>
  <cen:BT-126 contextRef="BG-25_0">1</cen:BT-126>
  <cen:BT-129 contextRef="BG-25_0" decimals="INF" unitRef="pure">1000</cen:BT-129>
  <cen:BT-131 contextRef="BG-25_0" decimals="INF" unitRef="DKK">1000</cen:BT-131>
  <xbrli:context id="BG-25_1">
    <xbrli:entity>
      <xbrli:identifier scheme="http://www.eipa.jp">SAMPLE</xbrli:identifier>
    </xbrli:entity>
    <xbrli:period>
      <xbrli:instant>2020-10-26</xbrli:instant>
    </xbrli:period>
    <xbrli:scenario>
      <xbrldi:typedMember dimension="cen:dL1N">
        <cen:L1N>BG-25</cen:L1N>
      </xbrldi:typedMember>
      <xbrldi:typedMember dimension="cen:dL2N">
        <cen:L2N>1</cen:L2N>
      </xbrldi:typedMember>
    </xbrli:scenario>
  </xbrli:context>
  <cen:BT-126 contextRef="BG-25_1">2</cen:BT-126>
  <cen:BT-129 contextRef="BG-25_1" decimals="INF" unitRef="pure">100</cen:BT-129>
  <cen:BT-131 contextRef="BG-25_1" decimals="INF" unitRef="DKK">500</cen:BT-131>
  <xbrli:context id="BG-25_2">
    <xbrli:entity>
      <xbrli:identifier scheme="http://www.eipa.jp">SAMPLE</xbrli:identifier>
    </xbrli:entity>
    <xbrli:period>
      <xbrli:instant>2020-10-26</xbrli:instant>
    </xbrli:period>
    <xbrli:scenario>
      <xbrldi:typedMember dimension="cen:dL1N">
        <cen:L1N>BG-25</cen:L1N>
      </xbrldi:typedMember>
      <xbrldi:typedMember dimension="cen:dL2N">
        <cen:L2N>2</cen:L2N>
      </xbrldi:typedMember>
    </xbrli:scenario>
  </xbrli:context>
  <cen:BT-126 contextRef="BG-25_2">3</cen:BT-126>
  <cen:BT-129 contextRef="BG-25_2" decimals="INF" unitRef="pure">500</cen:BT-129>
  <cen:BT-131 contextRef="BG-25_2" decimals="INF" unitRef="DKK">2500</cen:BT-131>
</xbrli:xbrl>