<?xml version="1.0" encoding="UTF-8"?>
<link:linkbase xmlns:xsi="http://www.w3.org/2001/XMLSchema-instance"  xmlns:link="http://www.xbrl.org/2003/linkbase" xmlns:xlink="http://www.w3.org/1999/xlink"  xsi:schemaLocation="http://www.xbrl.org/2003/linkbase http://www.xbrl.org/2003/xbrl-linkbase-2003-12-31.xsd">  <link:labelLink xlink:type="extended" xlink:role="http://www.xbrl.org/2003/role/link">
    <!-- srcdG-1 gl-srcd:summaryReportingTaxonomies -->
    <link:loc xlink:type="locator" xlink:href="gl-srcd-2020-12-31.xsd#gl-srcd_summaryReportingTaxonomies" xlink:label="gl-srcd_summaryReportingTaxonomies_5cbd4241d654852d1e50079a28582c3c"/>
    <link:labelArc xlink:type="arc" xlink:arcrole="http://www.xbrl.org/2003/arcrole/concept-label" xlink:from="gl-srcd_summaryReportingTaxonomies_5cbd4241d654852d1e50079a28582c3c" xlink:to="lbl_srcdG-1-en_5cbd4241d654852d1e50079a28582c3c"/>
    <link:label xlink:type="resource" xlink:label="lbl_srcdG-1-en_5cbd4241d654852d1e50079a28582c3c" xlink:role="http://www.xbrl.org/2003/role/label" xml:lang="en">Summary Reporting Taxonomies</link:label>
    <link:label xlink:type="resource" xlink:label="lbl_srcdG-1-en_5cbd4241d654852d1e50079a28582c3c" xlink:role="http://www.xbrl.org/2003/role/documentation" xml:lang="en">Identifies and provides information about one or more target reporting taxonomies to which the data represented in the document rolls up to.</link:label>
    <!-- srcd-1 gl-srcd:summaryReportingTaxonomyID -->
    <link:loc xlink:type="locator" xlink:href="gl-srcd-2020-12-31.xsd#gl-srcd_summaryReportingTaxonomyID" xlink:label="gl-srcd_summaryReportingTaxonomyID_5cbd4241d654852d1e50079a28582c3c"/>
    <link:labelArc xlink:type="arc" xlink:arcrole="http://www.xbrl.org/2003/arcrole/concept-label" xlink:from="gl-srcd_summaryReportingTaxonomyID_5cbd4241d654852d1e50079a28582c3c" xlink:to="lbl_srcd-1-en_5cbd4241d654852d1e50079a28582c3c"/>
    <link:label xlink:type="resource" xlink:label="lbl_srcd-1-en_5cbd4241d654852d1e50079a28582c3c" xlink:role="http://www.xbrl.org/2003/role/label" xml:lang="en">Summary Reporting Taxonomy ID</link:label>
    <link:label xlink:type="resource" xlink:label="lbl_srcd-1-en_5cbd4241d654852d1e50079a28582c3c" xlink:role="http://www.xbrl.org/2003/role/documentation" xml:lang="en">Identifies a target reporting taxonomy so that, for example, it can be referenced in the [summaryReportingTaxonomyIDRef] data field at [xbrlInfo] level.</link:label>
    <!-- srcd-2 gl-srcd:summaryReportingTaxonomySchemaRefHref -->
    <link:loc xlink:type="locator" xlink:href="gl-srcd-2020-12-31.xsd#gl-srcd_summaryReportingTaxonomySchemaRefHref" xlink:label="gl-srcd_summaryReportingTaxonomySchemaRefHref_5cbd4241d654852d1e50079a28582c3c"/>
    <link:labelArc xlink:type="arc" xlink:arcrole="http://www.xbrl.org/2003/arcrole/concept-label" xlink:from="gl-srcd_summaryReportingTaxonomySchemaRefHref_5cbd4241d654852d1e50079a28582c3c" xlink:to="lbl_srcd-2-en_5cbd4241d654852d1e50079a28582c3c"/>
    <link:label xlink:type="resource" xlink:label="lbl_srcd-2-en_5cbd4241d654852d1e50079a28582c3c" xlink:role="http://www.xbrl.org/2003/role/label" xml:lang="en">Summary Reporting Taxonomy Schema Reference Href Attribute</link:label>
    <link:label xlink:type="resource" xlink:label="lbl_srcd-2-en_5cbd4241d654852d1e50079a28582c3c" xlink:role="http://www.xbrl.org/2003/role/documentation" xml:lang="en">Value of the href attribute of schemaRef in the target reporting taxonomy.</link:label>
    <!-- srcd-3 gl-srcd:summaryReportingTaxonomyHeader -->
    <link:loc xlink:type="locator" xlink:href="gl-srcd-2020-12-31.xsd#gl-srcd_summaryReportingTaxonomyHeader" xlink:label="gl-srcd_summaryReportingTaxonomyHeader_5cbd4241d654852d1e50079a28582c3c"/>
    <link:labelArc xlink:type="arc" xlink:arcrole="http://www.xbrl.org/2003/arcrole/concept-label" xlink:from="gl-srcd_summaryReportingTaxonomyHeader_5cbd4241d654852d1e50079a28582c3c" xlink:to="lbl_srcd-3-en_5cbd4241d654852d1e50079a28582c3c"/>
    <link:label xlink:type="resource" xlink:label="lbl_srcd-3-en_5cbd4241d654852d1e50079a28582c3c" xlink:role="http://www.xbrl.org/2003/role/label" xml:lang="en">Summary Reporting Taxonomy Header</link:label>
    <link:label xlink:type="resource" xlink:label="lbl_srcd-3-en_5cbd4241d654852d1e50079a28582c3c" xlink:role="http://www.xbrl.org/2003/role/documentation" xml:lang="en">An all-purpose data field where all the information necessary when it is too complex to be defined otherwise.</link:label>
    <!-- srcd-4 gl-srcd:summaryReportingTaxonomyDescription -->
    <link:loc xlink:type="locator" xlink:href="gl-srcd-2020-12-31.xsd#gl-srcd_summaryReportingTaxonomyDescription" xlink:label="gl-srcd_summaryReportingTaxonomyDescription_5cbd4241d654852d1e50079a28582c3c"/>
    <link:labelArc xlink:type="arc" xlink:arcrole="http://www.xbrl.org/2003/arcrole/concept-label" xlink:from="gl-srcd_summaryReportingTaxonomyDescription_5cbd4241d654852d1e50079a28582c3c" xlink:to="lbl_srcd-4-en_5cbd4241d654852d1e50079a28582c3c"/>
    <link:label xlink:type="resource" xlink:label="lbl_srcd-4-en_5cbd4241d654852d1e50079a28582c3c" xlink:role="http://www.xbrl.org/2003/role/label" xml:lang="en">Summary Reporting Taxonomy Description</link:label>
    <link:label xlink:type="resource" xlink:label="lbl_srcd-4-en_5cbd4241d654852d1e50079a28582c3c" xlink:role="http://www.xbrl.org/2003/role/documentation" xml:lang="en">A description of the taxonomy for human use.</link:label>
    <!-- srcd-5 gl-srcd:summaryTuplePath -->
    <link:loc xlink:type="locator" xlink:href="gl-srcd-2020-12-31.xsd#gl-srcd_summaryTuplePath" xlink:label="gl-srcd_summaryTuplePath_5cbd4241d654852d1e50079a28582c3c"/>
    <link:labelArc xlink:type="arc" xlink:arcrole="http://www.xbrl.org/2003/arcrole/concept-label" xlink:from="gl-srcd_summaryTuplePath_5cbd4241d654852d1e50079a28582c3c" xlink:to="lbl_srcd-5-en_5cbd4241d654852d1e50079a28582c3c"/>
    <link:label xlink:type="resource" xlink:label="lbl_srcd-5-en_5cbd4241d654852d1e50079a28582c3c" xlink:role="http://www.xbrl.org/2003/role/label" xml:lang="en">Summary Tuple Path</link:label>
    <link:label xlink:type="resource" xlink:label="lbl_srcd-5-en_5cbd4241d654852d1e50079a28582c3c" xlink:role="http://www.xbrl.org/2003/role/documentation" xml:lang="en">Specific filter for parent tuple structure. This value must be valid XPath. And the result of the XPath must be resolved to a node.</link:label>
    <!-- srcd-6 gl-srcd:detailedContentFilter -->
    <link:loc xlink:type="locator" xlink:href="gl-srcd-2020-12-31.xsd#gl-srcd_detailedContentFilter" xlink:label="gl-srcd_detailedContentFilter_5cbd4241d654852d1e50079a28582c3c"/>
    <link:labelArc xlink:type="arc" xlink:arcrole="http://www.xbrl.org/2003/arcrole/concept-label" xlink:from="gl-srcd_detailedContentFilter_5cbd4241d654852d1e50079a28582c3c" xlink:to="lbl_srcd-6-en_5cbd4241d654852d1e50079a28582c3c"/>
    <link:label xlink:type="resource" xlink:label="lbl_srcd-6-en_5cbd4241d654852d1e50079a28582c3c" xlink:role="http://www.xbrl.org/2003/role/label" xml:lang="en">Detailed Content Filter</link:label>
    <link:label xlink:type="resource" xlink:label="lbl_srcd-6-en_5cbd4241d654852d1e50079a28582c3c" xlink:role="http://www.xbrl.org/2003/role/documentation" xml:lang="en">Filtering mechanism. This value must be valid XPath. And the result of the XPath must be resolved to boolean. If the resulting value is false, the entry  must not mapped into specified facts in F/S.</link:label>
    <!-- srcd-7 gl-srcd:reportingDateSelector -->
    <link:loc xlink:type="locator" xlink:href="gl-srcd-2020-12-31.xsd#gl-srcd_reportingDateSelector" xlink:label="gl-srcd_reportingDateSelector_5cbd4241d654852d1e50079a28582c3c"/>
    <link:labelArc xlink:type="arc" xlink:arcrole="http://www.xbrl.org/2003/arcrole/concept-label" xlink:from="gl-srcd_reportingDateSelector_5cbd4241d654852d1e50079a28582c3c" xlink:to="lbl_srcd-7-en_5cbd4241d654852d1e50079a28582c3c"/>
    <link:label xlink:type="resource" xlink:label="lbl_srcd-7-en_5cbd4241d654852d1e50079a28582c3c" xlink:role="http://www.xbrl.org/2003/role/label" xml:lang="en">Reporting Date Selector</link:label>
    <link:label xlink:type="resource" xlink:label="lbl_srcd-7-en_5cbd4241d654852d1e50079a28582c3c" xlink:role="http://www.xbrl.org/2003/role/documentation" xml:lang="en">This holds the concepts in GL data to create FS contexts.  The value must be a list of QName. Each QName must be resolved to GL items. Order of the items defines priority to access.</link:label>
    <!-- srcdG-2 gl-srcd:summaryPrecisionDecimals -->
    <link:loc xlink:type="locator" xlink:href="gl-srcd-2020-12-31.xsd#gl-srcd_summaryPrecisionDecimals" xlink:label="gl-srcd_summaryPrecisionDecimals_5cbd4241d654852d1e50079a28582c3c"/>
    <link:labelArc xlink:type="arc" xlink:arcrole="http://www.xbrl.org/2003/arcrole/concept-label" xlink:from="gl-srcd_summaryPrecisionDecimals_5cbd4241d654852d1e50079a28582c3c" xlink:to="lbl_srcdG-2-en_5cbd4241d654852d1e50079a28582c3c"/>
    <link:label xlink:type="resource" xlink:label="lbl_srcdG-2-en_5cbd4241d654852d1e50079a28582c3c" xlink:role="http://www.xbrl.org/2003/role/label" xml:lang="en">Summary Precision Decimals</link:label>
    <link:label xlink:type="resource" xlink:label="lbl_srcdG-2-en_5cbd4241d654852d1e50079a28582c3c" xlink:role="http://www.xbrl.org/2003/role/documentation" xml:lang="en">This structure allows to explicitly indicate the value for the precision or decimals attributes for a fact in an FR instance. Only one of the four elements in the structure has to be used.</link:label>
    <!-- srcd-8 gl-srcd:summaryPrecision -->
    <link:loc xlink:type="locator" xlink:href="gl-srcd-2020-12-31.xsd#gl-srcd_summaryPrecision" xlink:label="gl-srcd_summaryPrecision_5cbd4241d654852d1e50079a28582c3c"/>
    <link:labelArc xlink:type="arc" xlink:arcrole="http://www.xbrl.org/2003/arcrole/concept-label" xlink:from="gl-srcd_summaryPrecision_5cbd4241d654852d1e50079a28582c3c" xlink:to="lbl_srcd-8-en_5cbd4241d654852d1e50079a28582c3c"/>
    <link:label xlink:type="resource" xlink:label="lbl_srcd-8-en_5cbd4241d654852d1e50079a28582c3c" xlink:role="http://www.xbrl.org/2003/role/label" xml:lang="en">Summary Precision</link:label>
    <link:label xlink:type="resource" xlink:label="lbl_srcd-8-en_5cbd4241d654852d1e50079a28582c3c" xlink:role="http://www.xbrl.org/2003/role/documentation" xml:lang="en">This item indicates that the fact in the FR instance has a precision attribute with the value specified in this item value.</link:label>
    <!-- srcd-9 gl-srcd:summaryPrecisionINF -->
    <link:loc xlink:type="locator" xlink:href="gl-srcd-2020-12-31.xsd#gl-srcd_summaryPrecisionINF" xlink:label="gl-srcd_summaryPrecisionINF_5cbd4241d654852d1e50079a28582c3c"/>
    <link:labelArc xlink:type="arc" xlink:arcrole="http://www.xbrl.org/2003/arcrole/concept-label" xlink:from="gl-srcd_summaryPrecisionINF_5cbd4241d654852d1e50079a28582c3c" xlink:to="lbl_srcd-9-en_5cbd4241d654852d1e50079a28582c3c"/>
    <link:label xlink:type="resource" xlink:label="lbl_srcd-9-en_5cbd4241d654852d1e50079a28582c3c" xlink:role="http://www.xbrl.org/2003/role/label" xml:lang="en">Summary Precision INF</link:label>
    <link:label xlink:type="resource" xlink:label="lbl_srcd-9-en_5cbd4241d654852d1e50079a28582c3c" xlink:role="http://www.xbrl.org/2003/role/documentation" xml:lang="en">This item, when used, has no value. Its only presence indicates that the fact in the FR instance  has a precision attribute  and its value is INF.</link:label>
    <!-- srcd-10 gl-srcd:summaryDecimals -->
    <link:loc xlink:type="locator" xlink:href="gl-srcd-2020-12-31.xsd#gl-srcd_summaryDecimals" xlink:label="gl-srcd_summaryDecimals_5cbd4241d654852d1e50079a28582c3c"/>
    <link:labelArc xlink:type="arc" xlink:arcrole="http://www.xbrl.org/2003/arcrole/concept-label" xlink:from="gl-srcd_summaryDecimals_5cbd4241d654852d1e50079a28582c3c" xlink:to="lbl_srcd-10-en_5cbd4241d654852d1e50079a28582c3c"/>
    <link:label xlink:type="resource" xlink:label="lbl_srcd-10-en_5cbd4241d654852d1e50079a28582c3c" xlink:role="http://www.xbrl.org/2003/role/label" xml:lang="en">Summary Decimals</link:label>
    <link:label xlink:type="resource" xlink:label="lbl_srcd-10-en_5cbd4241d654852d1e50079a28582c3c" xlink:role="http://www.xbrl.org/2003/role/documentation" xml:lang="en">This item indicates that the fact in the FR instance has a decimals attribute with the value specified in this item value.</link:label>
    <!-- srcd-11 gl-srcd:summaryDecimalsINF -->
    <link:loc xlink:type="locator" xlink:href="gl-srcd-2020-12-31.xsd#gl-srcd_summaryDecimalsINF" xlink:label="gl-srcd_summaryDecimalsINF_5cbd4241d654852d1e50079a28582c3c"/>
    <link:labelArc xlink:type="arc" xlink:arcrole="http://www.xbrl.org/2003/arcrole/concept-label" xlink:from="gl-srcd_summaryDecimalsINF_5cbd4241d654852d1e50079a28582c3c" xlink:to="lbl_srcd-11-en_5cbd4241d654852d1e50079a28582c3c"/>
    <link:label xlink:type="resource" xlink:label="lbl_srcd-11-en_5cbd4241d654852d1e50079a28582c3c" xlink:role="http://www.xbrl.org/2003/role/label" xml:lang="en">Summary Decimals INF</link:label>
    <link:label xlink:type="resource" xlink:label="lbl_srcd-11-en_5cbd4241d654852d1e50079a28582c3c" xlink:role="http://www.xbrl.org/2003/role/documentation" xml:lang="en">This item, when used, has no value. Its only presence indicates that the fact in the FR instance  has a decimals attribute  and its value is INF.</link:label>
    <!-- srcdG-3 gl-srcd:summaryContext -->
    <link:loc xlink:type="locator" xlink:href="gl-srcd-2020-12-31.xsd#gl-srcd_summaryContext" xlink:label="gl-srcd_summaryContext_5cbd4241d654852d1e50079a28582c3c"/>
    <link:labelArc xlink:type="arc" xlink:arcrole="http://www.xbrl.org/2003/arcrole/concept-label" xlink:from="gl-srcd_summaryContext_5cbd4241d654852d1e50079a28582c3c" xlink:to="lbl_srcdG-3-en_5cbd4241d654852d1e50079a28582c3c"/>
    <link:label xlink:type="resource" xlink:label="lbl_srcdG-3-en_5cbd4241d654852d1e50079a28582c3c" xlink:role="http://www.xbrl.org/2003/role/label" xml:lang="en">Summary Context</link:label>
    <link:label xlink:type="resource" xlink:label="lbl_srcdG-3-en_5cbd4241d654852d1e50079a28582c3c" xlink:role="http://www.xbrl.org/2003/role/documentation" xml:lang="en">This structure allows to explicitly indicate the context information for a fact in the FR instance.</link:label>
    <!-- srcdG-4 gl-srcd:summaryEntity -->
    <link:loc xlink:type="locator" xlink:href="gl-srcd-2020-12-31.xsd#gl-srcd_summaryEntity" xlink:label="gl-srcd_summaryEntity_5cbd4241d654852d1e50079a28582c3c"/>
    <link:labelArc xlink:type="arc" xlink:arcrole="http://www.xbrl.org/2003/arcrole/concept-label" xlink:from="gl-srcd_summaryEntity_5cbd4241d654852d1e50079a28582c3c" xlink:to="lbl_srcdG-4-en_5cbd4241d654852d1e50079a28582c3c"/>
    <link:label xlink:type="resource" xlink:label="lbl_srcdG-4-en_5cbd4241d654852d1e50079a28582c3c" xlink:role="http://www.xbrl.org/2003/role/label" xml:lang="en">Summary Entity</link:label>
    <link:label xlink:type="resource" xlink:label="lbl_srcdG-4-en_5cbd4241d654852d1e50079a28582c3c" xlink:role="http://www.xbrl.org/2003/role/documentation" xml:lang="en">This structure allows to explicitly indicate the entity information for a fact in the FR instance.</link:label>
    <!-- srcd-12 gl-srcd:summaryIdentifier -->
    <link:loc xlink:type="locator" xlink:href="gl-srcd-2020-12-31.xsd#gl-srcd_summaryIdentifier" xlink:label="gl-srcd_summaryIdentifier_5cbd4241d654852d1e50079a28582c3c"/>
    <link:labelArc xlink:type="arc" xlink:arcrole="http://www.xbrl.org/2003/arcrole/concept-label" xlink:from="gl-srcd_summaryIdentifier_5cbd4241d654852d1e50079a28582c3c" xlink:to="lbl_srcd-12-en_5cbd4241d654852d1e50079a28582c3c"/>
    <link:label xlink:type="resource" xlink:label="lbl_srcd-12-en_5cbd4241d654852d1e50079a28582c3c" xlink:role="http://www.xbrl.org/2003/role/label" xml:lang="en">Summary Entity Identifier</link:label>
    <link:label xlink:type="resource" xlink:label="lbl_srcd-12-en_5cbd4241d654852d1e50079a28582c3c" xlink:role="http://www.xbrl.org/2003/role/documentation" xml:lang="en">The value of the entity identifier.</link:label>
    <!-- srcd-13 gl-srcd:summaryScheme -->
    <link:loc xlink:type="locator" xlink:href="gl-srcd-2020-12-31.xsd#gl-srcd_summaryScheme" xlink:label="gl-srcd_summaryScheme_5cbd4241d654852d1e50079a28582c3c"/>
    <link:labelArc xlink:type="arc" xlink:arcrole="http://www.xbrl.org/2003/arcrole/concept-label" xlink:from="gl-srcd_summaryScheme_5cbd4241d654852d1e50079a28582c3c" xlink:to="lbl_srcd-13-en_5cbd4241d654852d1e50079a28582c3c"/>
    <link:label xlink:type="resource" xlink:label="lbl_srcd-13-en_5cbd4241d654852d1e50079a28582c3c" xlink:role="http://www.xbrl.org/2003/role/label" xml:lang="en">Summary Entity Scheme</link:label>
    <link:label xlink:type="resource" xlink:label="lbl_srcd-13-en_5cbd4241d654852d1e50079a28582c3c" xlink:role="http://www.xbrl.org/2003/role/documentation" xml:lang="en">The value of the entity scheme.</link:label>
    <!-- srcdG-5 gl-srcd:summarySegment -->
    <link:loc xlink:type="locator" xlink:href="gl-srcd-2020-12-31.xsd#gl-srcd_summarySegment" xlink:label="gl-srcd_summarySegment_5cbd4241d654852d1e50079a28582c3c"/>
    <link:labelArc xlink:type="arc" xlink:arcrole="http://www.xbrl.org/2003/arcrole/concept-label" xlink:from="gl-srcd_summarySegment_5cbd4241d654852d1e50079a28582c3c" xlink:to="lbl_srcdG-5-en_5cbd4241d654852d1e50079a28582c3c"/>
    <link:label xlink:type="resource" xlink:label="lbl_srcdG-5-en_5cbd4241d654852d1e50079a28582c3c" xlink:role="http://www.xbrl.org/2003/role/label" xml:lang="en">Summary Entity Segment</link:label>
    <link:label xlink:type="resource" xlink:label="lbl_srcdG-5-en_5cbd4241d654852d1e50079a28582c3c" xlink:role="http://www.xbrl.org/2003/role/documentation" xml:lang="en">This structure allows to explicitly indicate the information related to the segment in the context for a fact in the FR instance.</link:label>
    <!-- srcdG-6 gl-srcd:segmentExplicit -->
    <link:loc xlink:type="locator" xlink:href="gl-srcd-2020-12-31.xsd#gl-srcd_segmentExplicit" xlink:label="gl-srcd_segmentExplicit_5cbd4241d654852d1e50079a28582c3c"/>
    <link:labelArc xlink:type="arc" xlink:arcrole="http://www.xbrl.org/2003/arcrole/concept-label" xlink:from="gl-srcd_segmentExplicit_5cbd4241d654852d1e50079a28582c3c" xlink:to="lbl_srcdG-6-en_5cbd4241d654852d1e50079a28582c3c"/>
    <link:label xlink:type="resource" xlink:label="lbl_srcdG-6-en_5cbd4241d654852d1e50079a28582c3c" xlink:role="http://www.xbrl.org/2003/role/label" xml:lang="en">Segment Explicit</link:label>
    <link:label xlink:type="resource" xlink:label="lbl_srcdG-6-en_5cbd4241d654852d1e50079a28582c3c" xlink:role="http://www.xbrl.org/2003/role/documentation" xml:lang="en">This structure allows to explicitly indicate the information related to an explicit dimension in the context for a fact in the FR instance.</link:label>
    <!-- srcd-14 gl-srcd:segmentExplicitDimension -->
    <link:loc xlink:type="locator" xlink:href="gl-srcd-2020-12-31.xsd#gl-srcd_segmentExplicitDimension" xlink:label="gl-srcd_segmentExplicitDimension_5cbd4241d654852d1e50079a28582c3c"/>
    <link:labelArc xlink:type="arc" xlink:arcrole="http://www.xbrl.org/2003/arcrole/concept-label" xlink:from="gl-srcd_segmentExplicitDimension_5cbd4241d654852d1e50079a28582c3c" xlink:to="lbl_srcd-14-en_5cbd4241d654852d1e50079a28582c3c"/>
    <link:label xlink:type="resource" xlink:label="lbl_srcd-14-en_5cbd4241d654852d1e50079a28582c3c" xlink:role="http://www.xbrl.org/2003/role/label" xml:lang="en">Segment Explicit Dimension</link:label>
    <link:label xlink:type="resource" xlink:label="lbl_srcd-14-en_5cbd4241d654852d1e50079a28582c3c" xlink:role="http://www.xbrl.org/2003/role/documentation" xml:lang="en">The QName value must be resolved to a valid dimension item.</link:label>
    <!-- srcd-15 gl-srcd:segmentExplicitDimensionValue -->
    <link:loc xlink:type="locator" xlink:href="gl-srcd-2020-12-31.xsd#gl-srcd_segmentExplicitDimensionValue" xlink:label="gl-srcd_segmentExplicitDimensionValue_5cbd4241d654852d1e50079a28582c3c"/>
    <link:labelArc xlink:type="arc" xlink:arcrole="http://www.xbrl.org/2003/arcrole/concept-label" xlink:from="gl-srcd_segmentExplicitDimensionValue_5cbd4241d654852d1e50079a28582c3c" xlink:to="lbl_srcd-15-en_5cbd4241d654852d1e50079a28582c3c"/>
    <link:label xlink:type="resource" xlink:label="lbl_srcd-15-en_5cbd4241d654852d1e50079a28582c3c" xlink:role="http://www.xbrl.org/2003/role/label" xml:lang="en">Segment Explicit Dimension Value</link:label>
    <link:label xlink:type="resource" xlink:label="lbl_srcd-15-en_5cbd4241d654852d1e50079a28582c3c" xlink:role="http://www.xbrl.org/2003/role/documentation" xml:lang="en">The QName value must be resolved to valid member item.</link:label>
    <!-- srcdG-7 gl-srcd:segmentTyped -->
    <link:loc xlink:type="locator" xlink:href="gl-srcd-2020-12-31.xsd#gl-srcd_segmentTyped" xlink:label="gl-srcd_segmentTyped_5cbd4241d654852d1e50079a28582c3c"/>
    <link:labelArc xlink:type="arc" xlink:arcrole="http://www.xbrl.org/2003/arcrole/concept-label" xlink:from="gl-srcd_segmentTyped_5cbd4241d654852d1e50079a28582c3c" xlink:to="lbl_srcdG-7-en_5cbd4241d654852d1e50079a28582c3c"/>
    <link:label xlink:type="resource" xlink:label="lbl_srcdG-7-en_5cbd4241d654852d1e50079a28582c3c" xlink:role="http://www.xbrl.org/2003/role/label" xml:lang="en">Segment Typed</link:label>
    <link:label xlink:type="resource" xlink:label="lbl_srcdG-7-en_5cbd4241d654852d1e50079a28582c3c" xlink:role="http://www.xbrl.org/2003/role/documentation" xml:lang="en">This structure allows to explicitly indicate the information related to a typed dimension in the context for a fact in the FR instance.</link:label>
    <!-- srcd-16 gl-srcd:segmentTypedDimension -->
    <link:loc xlink:type="locator" xlink:href="gl-srcd-2020-12-31.xsd#gl-srcd_segmentTypedDimension" xlink:label="gl-srcd_segmentTypedDimension_5cbd4241d654852d1e50079a28582c3c"/>
    <link:labelArc xlink:type="arc" xlink:arcrole="http://www.xbrl.org/2003/arcrole/concept-label" xlink:from="gl-srcd_segmentTypedDimension_5cbd4241d654852d1e50079a28582c3c" xlink:to="lbl_srcd-16-en_5cbd4241d654852d1e50079a28582c3c"/>
    <link:label xlink:type="resource" xlink:label="lbl_srcd-16-en_5cbd4241d654852d1e50079a28582c3c" xlink:role="http://www.xbrl.org/2003/role/label" xml:lang="en">Segment Typed Dimension</link:label>
    <link:label xlink:type="resource" xlink:label="lbl_srcd-16-en_5cbd4241d654852d1e50079a28582c3c" xlink:role="http://www.xbrl.org/2003/role/documentation" xml:lang="en">The QName value must be resolved to a valid dimension item.</link:label>
    <!-- srcd-17 gl-srcd:segmentTypedDimensionValue -->
    <link:loc xlink:type="locator" xlink:href="gl-srcd-2020-12-31.xsd#gl-srcd_segmentTypedDimensionValue" xlink:label="gl-srcd_segmentTypedDimensionValue_5cbd4241d654852d1e50079a28582c3c"/>
    <link:labelArc xlink:type="arc" xlink:arcrole="http://www.xbrl.org/2003/arcrole/concept-label" xlink:from="gl-srcd_segmentTypedDimensionValue_5cbd4241d654852d1e50079a28582c3c" xlink:to="lbl_srcd-17-en_5cbd4241d654852d1e50079a28582c3c"/>
    <link:label xlink:type="resource" xlink:label="lbl_srcd-17-en_5cbd4241d654852d1e50079a28582c3c" xlink:role="http://www.xbrl.org/2003/role/label" xml:lang="en">Segment Typed Dimension Value</link:label>
    <link:label xlink:type="resource" xlink:label="lbl_srcd-17-en_5cbd4241d654852d1e50079a28582c3c" xlink:role="http://www.xbrl.org/2003/role/documentation" xml:lang="en">The value must be CDATA and a valid XML fragment and also schema valid against an appropriate typed dimension schema.</link:label>
    <!-- srcdG-8 gl-srcd:segmentSimpleElement -->
    <link:loc xlink:type="locator" xlink:href="gl-srcd-2020-12-31.xsd#gl-srcd_segmentSimpleElement" xlink:label="gl-srcd_segmentSimpleElement_5cbd4241d654852d1e50079a28582c3c"/>
    <link:labelArc xlink:type="arc" xlink:arcrole="http://www.xbrl.org/2003/arcrole/concept-label" xlink:from="gl-srcd_segmentSimpleElement_5cbd4241d654852d1e50079a28582c3c" xlink:to="lbl_srcdG-8-en_5cbd4241d654852d1e50079a28582c3c"/>
    <link:label xlink:type="resource" xlink:label="lbl_srcdG-8-en_5cbd4241d654852d1e50079a28582c3c" xlink:role="http://www.xbrl.org/2003/role/label" xml:lang="en">Segment Simple Element</link:label>
    <link:label xlink:type="resource" xlink:label="lbl_srcdG-8-en_5cbd4241d654852d1e50079a28582c3c" xlink:role="http://www.xbrl.org/2003/role/documentation" xml:lang="en">This structure allows to explicitly indicate the information related to a simple elemtn in the context for a fact in the FR instance.</link:label>
    <!-- srcd-18 gl-srcd:segmentSimpleElementContent -->
    <link:loc xlink:type="locator" xlink:href="gl-srcd-2020-12-31.xsd#gl-srcd_segmentSimpleElementContent" xlink:label="gl-srcd_segmentSimpleElementContent_5cbd4241d654852d1e50079a28582c3c"/>
    <link:labelArc xlink:type="arc" xlink:arcrole="http://www.xbrl.org/2003/arcrole/concept-label" xlink:from="gl-srcd_segmentSimpleElementContent_5cbd4241d654852d1e50079a28582c3c" xlink:to="lbl_srcd-18-en_5cbd4241d654852d1e50079a28582c3c"/>
    <link:label xlink:type="resource" xlink:label="lbl_srcd-18-en_5cbd4241d654852d1e50079a28582c3c" xlink:role="http://www.xbrl.org/2003/role/label" xml:lang="en">Segment Simple Element Content</link:label>
    <link:label xlink:type="resource" xlink:label="lbl_srcd-18-en_5cbd4241d654852d1e50079a28582c3c" xlink:role="http://www.xbrl.org/2003/role/documentation" xml:lang="en">QName for the simple element, if appropriate.</link:label>
    <!-- srcd-19 gl-srcd:segmentSimpleElementValue -->
    <link:loc xlink:type="locator" xlink:href="gl-srcd-2020-12-31.xsd#gl-srcd_segmentSimpleElementValue" xlink:label="gl-srcd_segmentSimpleElementValue_5cbd4241d654852d1e50079a28582c3c"/>
    <link:labelArc xlink:type="arc" xlink:arcrole="http://www.xbrl.org/2003/arcrole/concept-label" xlink:from="gl-srcd_segmentSimpleElementValue_5cbd4241d654852d1e50079a28582c3c" xlink:to="lbl_srcd-19-en_5cbd4241d654852d1e50079a28582c3c"/>
    <link:label xlink:type="resource" xlink:label="lbl_srcd-19-en_5cbd4241d654852d1e50079a28582c3c" xlink:role="http://www.xbrl.org/2003/role/label" xml:lang="en">Segment Simple Element Value</link:label>
    <link:label xlink:type="resource" xlink:label="lbl_srcd-19-en_5cbd4241d654852d1e50079a28582c3c" xlink:role="http://www.xbrl.org/2003/role/documentation" xml:lang="en">The value of the simple element.</link:label>
    <!-- srcd-20 gl-srcd:segmentNonDimensionalContents -->
    <link:loc xlink:type="locator" xlink:href="gl-srcd-2020-12-31.xsd#gl-srcd_segmentNonDimensionalContents" xlink:label="gl-srcd_segmentNonDimensionalContents_5cbd4241d654852d1e50079a28582c3c"/>
    <link:labelArc xlink:type="arc" xlink:arcrole="http://www.xbrl.org/2003/arcrole/concept-label" xlink:from="gl-srcd_segmentNonDimensionalContents_5cbd4241d654852d1e50079a28582c3c" xlink:to="lbl_srcd-20-en_5cbd4241d654852d1e50079a28582c3c"/>
    <link:label xlink:type="resource" xlink:label="lbl_srcd-20-en_5cbd4241d654852d1e50079a28582c3c" xlink:role="http://www.xbrl.org/2003/role/label" xml:lang="en">Segment Non Dimensional Contents</link:label>
    <link:label xlink:type="resource" xlink:label="lbl_srcd-20-en_5cbd4241d654852d1e50079a28582c3c" xlink:role="http://www.xbrl.org/2003/role/documentation" xml:lang="en">The value must be CDATA and a valid XML fragment.</link:label>
    <!-- srcdG-9 gl-srcd:summaryPeriod -->
    <link:loc xlink:type="locator" xlink:href="gl-srcd-2020-12-31.xsd#gl-srcd_summaryPeriod" xlink:label="gl-srcd_summaryPeriod_5cbd4241d654852d1e50079a28582c3c"/>
    <link:labelArc xlink:type="arc" xlink:arcrole="http://www.xbrl.org/2003/arcrole/concept-label" xlink:from="gl-srcd_summaryPeriod_5cbd4241d654852d1e50079a28582c3c" xlink:to="lbl_srcdG-9-en_5cbd4241d654852d1e50079a28582c3c"/>
    <link:label xlink:type="resource" xlink:label="lbl_srcdG-9-en_5cbd4241d654852d1e50079a28582c3c" xlink:role="http://www.xbrl.org/2003/role/label" xml:lang="en">Summary Period</link:label>
    <link:label xlink:type="resource" xlink:label="lbl_srcdG-9-en_5cbd4241d654852d1e50079a28582c3c" xlink:role="http://www.xbrl.org/2003/role/documentation" xml:lang="en">This structure allows to explicitly indicate the period information for a fact in the FR instance. Instant, Period Start/End and Forever are alternative.</link:label>
    <!-- srcd-21 gl-srcd:summaryInstant -->
    <link:loc xlink:type="locator" xlink:href="gl-srcd-2020-12-31.xsd#gl-srcd_summaryInstant" xlink:label="gl-srcd_summaryInstant_5cbd4241d654852d1e50079a28582c3c"/>
    <link:labelArc xlink:type="arc" xlink:arcrole="http://www.xbrl.org/2003/arcrole/concept-label" xlink:from="gl-srcd_summaryInstant_5cbd4241d654852d1e50079a28582c3c" xlink:to="lbl_srcd-21-en_5cbd4241d654852d1e50079a28582c3c"/>
    <link:label xlink:type="resource" xlink:label="lbl_srcd-21-en_5cbd4241d654852d1e50079a28582c3c" xlink:role="http://www.xbrl.org/2003/role/label" xml:lang="en">Summary Period Instant</link:label>
    <link:label xlink:type="resource" xlink:label="lbl_srcd-21-en_5cbd4241d654852d1e50079a28582c3c" xlink:role="http://www.xbrl.org/2003/role/documentation" xml:lang="en">The value of the instant date.</link:label>
    <!-- srcd-22 gl-srcd:summaryStartDate -->
    <link:loc xlink:type="locator" xlink:href="gl-srcd-2020-12-31.xsd#gl-srcd_summaryStartDate" xlink:label="gl-srcd_summaryStartDate_5cbd4241d654852d1e50079a28582c3c"/>
    <link:labelArc xlink:type="arc" xlink:arcrole="http://www.xbrl.org/2003/arcrole/concept-label" xlink:from="gl-srcd_summaryStartDate_5cbd4241d654852d1e50079a28582c3c" xlink:to="lbl_srcd-22-en_5cbd4241d654852d1e50079a28582c3c"/>
    <link:label xlink:type="resource" xlink:label="lbl_srcd-22-en_5cbd4241d654852d1e50079a28582c3c" xlink:role="http://www.xbrl.org/2003/role/label" xml:lang="en">Summary Period Start Date</link:label>
    <link:label xlink:type="resource" xlink:label="lbl_srcd-22-en_5cbd4241d654852d1e50079a28582c3c" xlink:role="http://www.xbrl.org/2003/role/documentation" xml:lang="en">The value of the start date of the period.</link:label>
    <!-- srcd-23 gl-srcd:summaryEndDate -->
    <link:loc xlink:type="locator" xlink:href="gl-srcd-2020-12-31.xsd#gl-srcd_summaryEndDate" xlink:label="gl-srcd_summaryEndDate_5cbd4241d654852d1e50079a28582c3c"/>
    <link:labelArc xlink:type="arc" xlink:arcrole="http://www.xbrl.org/2003/arcrole/concept-label" xlink:from="gl-srcd_summaryEndDate_5cbd4241d654852d1e50079a28582c3c" xlink:to="lbl_srcd-23-en_5cbd4241d654852d1e50079a28582c3c"/>
    <link:label xlink:type="resource" xlink:label="lbl_srcd-23-en_5cbd4241d654852d1e50079a28582c3c" xlink:role="http://www.xbrl.org/2003/role/label" xml:lang="en">Summary Period End Date</link:label>
    <link:label xlink:type="resource" xlink:label="lbl_srcd-23-en_5cbd4241d654852d1e50079a28582c3c" xlink:role="http://www.xbrl.org/2003/role/documentation" xml:lang="en">The value of the end date of the period.</link:label>
    <!-- srcd-24 gl-srcd:summaryForever -->
    <link:loc xlink:type="locator" xlink:href="gl-srcd-2020-12-31.xsd#gl-srcd_summaryForever" xlink:label="gl-srcd_summaryForever_5cbd4241d654852d1e50079a28582c3c"/>
    <link:labelArc xlink:type="arc" xlink:arcrole="http://www.xbrl.org/2003/arcrole/concept-label" xlink:from="gl-srcd_summaryForever_5cbd4241d654852d1e50079a28582c3c" xlink:to="lbl_srcd-24-en_5cbd4241d654852d1e50079a28582c3c"/>
    <link:label xlink:type="resource" xlink:label="lbl_srcd-24-en_5cbd4241d654852d1e50079a28582c3c" xlink:role="http://www.xbrl.org/2003/role/label" xml:lang="en">Summary Period Forever</link:label>
    <link:label xlink:type="resource" xlink:label="lbl_srcd-24-en_5cbd4241d654852d1e50079a28582c3c" xlink:role="http://www.xbrl.org/2003/role/documentation" xml:lang="en">If the context should indicate "forever", this concept must be used. It accepts no value.</link:label>
    <!-- srcdG-10 gl-srcd:summaryScenario -->
    <link:loc xlink:type="locator" xlink:href="gl-srcd-2020-12-31.xsd#gl-srcd_summaryScenario" xlink:label="gl-srcd_summaryScenario_5cbd4241d654852d1e50079a28582c3c"/>
    <link:labelArc xlink:type="arc" xlink:arcrole="http://www.xbrl.org/2003/arcrole/concept-label" xlink:from="gl-srcd_summaryScenario_5cbd4241d654852d1e50079a28582c3c" xlink:to="lbl_srcdG-10-en_5cbd4241d654852d1e50079a28582c3c"/>
    <link:label xlink:type="resource" xlink:label="lbl_srcdG-10-en_5cbd4241d654852d1e50079a28582c3c" xlink:role="http://www.xbrl.org/2003/role/label" xml:lang="en">Summary Scenario</link:label>
    <link:label xlink:type="resource" xlink:label="lbl_srcdG-10-en_5cbd4241d654852d1e50079a28582c3c" xlink:role="http://www.xbrl.org/2003/role/documentation" xml:lang="en">This structure allows to explicitly indicate the scenario information for a fact in the FR instance.</link:label>
    <!-- srcdG-11 gl-srcd:senarioExplicit -->
    <link:loc xlink:type="locator" xlink:href="gl-srcd-2020-12-31.xsd#gl-srcd_senarioExplicit" xlink:label="gl-srcd_senarioExplicit_5cbd4241d654852d1e50079a28582c3c"/>
    <link:labelArc xlink:type="arc" xlink:arcrole="http://www.xbrl.org/2003/arcrole/concept-label" xlink:from="gl-srcd_senarioExplicit_5cbd4241d654852d1e50079a28582c3c" xlink:to="lbl_srcdG-11-en_5cbd4241d654852d1e50079a28582c3c"/>
    <link:label xlink:type="resource" xlink:label="lbl_srcdG-11-en_5cbd4241d654852d1e50079a28582c3c" xlink:role="http://www.xbrl.org/2003/role/label" xml:lang="en">Senario Explicit</link:label>
    <link:label xlink:type="resource" xlink:label="lbl_srcdG-11-en_5cbd4241d654852d1e50079a28582c3c" xlink:role="http://www.xbrl.org/2003/role/documentation" xml:lang="en">This structure allows to explicitly indicate the information related to an explicit dimension in the context for a fact in the FR instance.</link:label>
    <!-- srcd-25 gl-srcd:senarioExplicitDimension -->
    <link:loc xlink:type="locator" xlink:href="gl-srcd-2020-12-31.xsd#gl-srcd_senarioExplicitDimension" xlink:label="gl-srcd_senarioExplicitDimension_5cbd4241d654852d1e50079a28582c3c"/>
    <link:labelArc xlink:type="arc" xlink:arcrole="http://www.xbrl.org/2003/arcrole/concept-label" xlink:from="gl-srcd_senarioExplicitDimension_5cbd4241d654852d1e50079a28582c3c" xlink:to="lbl_srcd-25-en_5cbd4241d654852d1e50079a28582c3c"/>
    <link:label xlink:type="resource" xlink:label="lbl_srcd-25-en_5cbd4241d654852d1e50079a28582c3c" xlink:role="http://www.xbrl.org/2003/role/label" xml:lang="en">Senario Explicit Dimension</link:label>
    <link:label xlink:type="resource" xlink:label="lbl_srcd-25-en_5cbd4241d654852d1e50079a28582c3c" xlink:role="http://www.xbrl.org/2003/role/documentation" xml:lang="en">The QName value must be resolved to a valid dimension item.</link:label>
    <!-- srcd-26 gl-srcd:senarioExplicitDimensionValue -->
    <link:loc xlink:type="locator" xlink:href="gl-srcd-2020-12-31.xsd#gl-srcd_senarioExplicitDimensionValue" xlink:label="gl-srcd_senarioExplicitDimensionValue_5cbd4241d654852d1e50079a28582c3c"/>
    <link:labelArc xlink:type="arc" xlink:arcrole="http://www.xbrl.org/2003/arcrole/concept-label" xlink:from="gl-srcd_senarioExplicitDimensionValue_5cbd4241d654852d1e50079a28582c3c" xlink:to="lbl_srcd-26-en_5cbd4241d654852d1e50079a28582c3c"/>
    <link:label xlink:type="resource" xlink:label="lbl_srcd-26-en_5cbd4241d654852d1e50079a28582c3c" xlink:role="http://www.xbrl.org/2003/role/label" xml:lang="en">Senario Explicit Dimension Value</link:label>
    <link:label xlink:type="resource" xlink:label="lbl_srcd-26-en_5cbd4241d654852d1e50079a28582c3c" xlink:role="http://www.xbrl.org/2003/role/documentation" xml:lang="en">The QName value must be resolved to valid member item.</link:label>
    <!-- srcdG-12 gl-srcd:senarioTyped -->
    <link:loc xlink:type="locator" xlink:href="gl-srcd-2020-12-31.xsd#gl-srcd_senarioTyped" xlink:label="gl-srcd_senarioTyped_5cbd4241d654852d1e50079a28582c3c"/>
    <link:labelArc xlink:type="arc" xlink:arcrole="http://www.xbrl.org/2003/arcrole/concept-label" xlink:from="gl-srcd_senarioTyped_5cbd4241d654852d1e50079a28582c3c" xlink:to="lbl_srcdG-12-en_5cbd4241d654852d1e50079a28582c3c"/>
    <link:label xlink:type="resource" xlink:label="lbl_srcdG-12-en_5cbd4241d654852d1e50079a28582c3c" xlink:role="http://www.xbrl.org/2003/role/label" xml:lang="en">Senario Typed</link:label>
    <link:label xlink:type="resource" xlink:label="lbl_srcdG-12-en_5cbd4241d654852d1e50079a28582c3c" xlink:role="http://www.xbrl.org/2003/role/documentation" xml:lang="en">This structure allows to explicitly indicate the information related to a typed dimension in the context for a fact in the FR instance.</link:label>
    <!-- srcd-27 gl-srcd:senarioTypedDimension -->
    <link:loc xlink:type="locator" xlink:href="gl-srcd-2020-12-31.xsd#gl-srcd_senarioTypedDimension" xlink:label="gl-srcd_senarioTypedDimension_5cbd4241d654852d1e50079a28582c3c"/>
    <link:labelArc xlink:type="arc" xlink:arcrole="http://www.xbrl.org/2003/arcrole/concept-label" xlink:from="gl-srcd_senarioTypedDimension_5cbd4241d654852d1e50079a28582c3c" xlink:to="lbl_srcd-27-en_5cbd4241d654852d1e50079a28582c3c"/>
    <link:label xlink:type="resource" xlink:label="lbl_srcd-27-en_5cbd4241d654852d1e50079a28582c3c" xlink:role="http://www.xbrl.org/2003/role/label" xml:lang="en">Senario Typed Dimension</link:label>
    <link:label xlink:type="resource" xlink:label="lbl_srcd-27-en_5cbd4241d654852d1e50079a28582c3c" xlink:role="http://www.xbrl.org/2003/role/documentation" xml:lang="en">The QName value must be resolved to a valid dimension item.</link:label>
    <!-- srcd-28 gl-srcd:senarioTypedDimensionValue -->
    <link:loc xlink:type="locator" xlink:href="gl-srcd-2020-12-31.xsd#gl-srcd_senarioTypedDimensionValue" xlink:label="gl-srcd_senarioTypedDimensionValue_5cbd4241d654852d1e50079a28582c3c"/>
    <link:labelArc xlink:type="arc" xlink:arcrole="http://www.xbrl.org/2003/arcrole/concept-label" xlink:from="gl-srcd_senarioTypedDimensionValue_5cbd4241d654852d1e50079a28582c3c" xlink:to="lbl_srcd-28-en_5cbd4241d654852d1e50079a28582c3c"/>
    <link:label xlink:type="resource" xlink:label="lbl_srcd-28-en_5cbd4241d654852d1e50079a28582c3c" xlink:role="http://www.xbrl.org/2003/role/label" xml:lang="en">Senario Typed Dimension Value</link:label>
    <link:label xlink:type="resource" xlink:label="lbl_srcd-28-en_5cbd4241d654852d1e50079a28582c3c" xlink:role="http://www.xbrl.org/2003/role/documentation" xml:lang="en">The value must be CDATA and a valid XML fragment and also schema valid against an appropriate typed dimension schema.</link:label>
    <!-- srcdG-13 gl-srcd:senarioSimpleElement -->
    <link:loc xlink:type="locator" xlink:href="gl-srcd-2020-12-31.xsd#gl-srcd_senarioSimpleElement" xlink:label="gl-srcd_senarioSimpleElement_5cbd4241d654852d1e50079a28582c3c"/>
    <link:labelArc xlink:type="arc" xlink:arcrole="http://www.xbrl.org/2003/arcrole/concept-label" xlink:from="gl-srcd_senarioSimpleElement_5cbd4241d654852d1e50079a28582c3c" xlink:to="lbl_srcdG-13-en_5cbd4241d654852d1e50079a28582c3c"/>
    <link:label xlink:type="resource" xlink:label="lbl_srcdG-13-en_5cbd4241d654852d1e50079a28582c3c" xlink:role="http://www.xbrl.org/2003/role/label" xml:lang="en">Senario Simple Element</link:label>
    <link:label xlink:type="resource" xlink:label="lbl_srcdG-13-en_5cbd4241d654852d1e50079a28582c3c" xlink:role="http://www.xbrl.org/2003/role/documentation" xml:lang="en">This structure allows to explicitly indicate the information related to a simple elemtn in the context for a fact in the FR instance.</link:label>
    <!-- srcd-29 gl-srcd:senarioSimpleElementContent -->
    <link:loc xlink:type="locator" xlink:href="gl-srcd-2020-12-31.xsd#gl-srcd_senarioSimpleElementContent" xlink:label="gl-srcd_senarioSimpleElementContent_5cbd4241d654852d1e50079a28582c3c"/>
    <link:labelArc xlink:type="arc" xlink:arcrole="http://www.xbrl.org/2003/arcrole/concept-label" xlink:from="gl-srcd_senarioSimpleElementContent_5cbd4241d654852d1e50079a28582c3c" xlink:to="lbl_srcd-29-en_5cbd4241d654852d1e50079a28582c3c"/>
    <link:label xlink:type="resource" xlink:label="lbl_srcd-29-en_5cbd4241d654852d1e50079a28582c3c" xlink:role="http://www.xbrl.org/2003/role/label" xml:lang="en">Senario Simple Element Content</link:label>
    <link:label xlink:type="resource" xlink:label="lbl_srcd-29-en_5cbd4241d654852d1e50079a28582c3c" xlink:role="http://www.xbrl.org/2003/role/documentation" xml:lang="en">QName for the simple element, if appropriate.</link:label>
    <!-- srcd-30 gl-srcd:senarioSimpleElementValue -->
    <link:loc xlink:type="locator" xlink:href="gl-srcd-2020-12-31.xsd#gl-srcd_senarioSimpleElementValue" xlink:label="gl-srcd_senarioSimpleElementValue_5cbd4241d654852d1e50079a28582c3c"/>
    <link:labelArc xlink:type="arc" xlink:arcrole="http://www.xbrl.org/2003/arcrole/concept-label" xlink:from="gl-srcd_senarioSimpleElementValue_5cbd4241d654852d1e50079a28582c3c" xlink:to="lbl_srcd-30-en_5cbd4241d654852d1e50079a28582c3c"/>
    <link:label xlink:type="resource" xlink:label="lbl_srcd-30-en_5cbd4241d654852d1e50079a28582c3c" xlink:role="http://www.xbrl.org/2003/role/label" xml:lang="en">Senario Simple Element Value</link:label>
    <link:label xlink:type="resource" xlink:label="lbl_srcd-30-en_5cbd4241d654852d1e50079a28582c3c" xlink:role="http://www.xbrl.org/2003/role/documentation" xml:lang="en">The value of the simple element.</link:label>
    <!-- srcd-31 gl-srcd:senarioNonDimensionalContents -->
    <link:loc xlink:type="locator" xlink:href="gl-srcd-2020-12-31.xsd#gl-srcd_senarioNonDimensionalContents" xlink:label="gl-srcd_senarioNonDimensionalContents_5cbd4241d654852d1e50079a28582c3c"/>
    <link:labelArc xlink:type="arc" xlink:arcrole="http://www.xbrl.org/2003/arcrole/concept-label" xlink:from="gl-srcd_senarioNonDimensionalContents_5cbd4241d654852d1e50079a28582c3c" xlink:to="lbl_srcd-31-en_5cbd4241d654852d1e50079a28582c3c"/>
    <link:label xlink:type="resource" xlink:label="lbl_srcd-31-en_5cbd4241d654852d1e50079a28582c3c" xlink:role="http://www.xbrl.org/2003/role/label" xml:lang="en">Senario Non Dimensional Contents</link:label>
    <link:label xlink:type="resource" xlink:label="lbl_srcd-31-en_5cbd4241d654852d1e50079a28582c3c" xlink:role="http://www.xbrl.org/2003/role/documentation" xml:lang="en">The value must be CDATA and a valid XML fragment.</link:label>
    <!-- srcdG-14 gl-srcd:summaryUnit -->
    <link:loc xlink:type="locator" xlink:href="gl-srcd-2020-12-31.xsd#gl-srcd_summaryUnit" xlink:label="gl-srcd_summaryUnit_5cbd4241d654852d1e50079a28582c3c"/>
    <link:labelArc xlink:type="arc" xlink:arcrole="http://www.xbrl.org/2003/arcrole/concept-label" xlink:from="gl-srcd_summaryUnit_5cbd4241d654852d1e50079a28582c3c" xlink:to="lbl_srcdG-14-en_5cbd4241d654852d1e50079a28582c3c"/>
    <link:label xlink:type="resource" xlink:label="lbl_srcdG-14-en_5cbd4241d654852d1e50079a28582c3c" xlink:role="http://www.xbrl.org/2003/role/label" xml:lang="en">Summary Unit</link:label>
    <link:label xlink:type="resource" xlink:label="lbl_srcdG-14-en_5cbd4241d654852d1e50079a28582c3c" xlink:role="http://www.xbrl.org/2003/role/documentation" xml:lang="en">This structure allows to explicitly indicate the information related to the unit for a fact in the FR instance..</link:label>
    <!-- srcd-32 gl-srcd:summaryNumerator -->
    <link:loc xlink:type="locator" xlink:href="gl-srcd-2020-12-31.xsd#gl-srcd_summaryNumerator" xlink:label="gl-srcd_summaryNumerator_5cbd4241d654852d1e50079a28582c3c"/>
    <link:labelArc xlink:type="arc" xlink:arcrole="http://www.xbrl.org/2003/arcrole/concept-label" xlink:from="gl-srcd_summaryNumerator_5cbd4241d654852d1e50079a28582c3c" xlink:to="lbl_srcd-32-en_5cbd4241d654852d1e50079a28582c3c"/>
    <link:label xlink:type="resource" xlink:label="lbl_srcd-32-en_5cbd4241d654852d1e50079a28582c3c" xlink:role="http://www.xbrl.org/2003/role/label" xml:lang="en">Summary Unit Numerator</link:label>
    <link:label xlink:type="resource" xlink:label="lbl_srcd-32-en_5cbd4241d654852d1e50079a28582c3c" xlink:role="http://www.xbrl.org/2003/role/documentation" xml:lang="en">This holds the list of measure information for unit numerator. The value must be a list of QName. Each QName must be resolved to be measure information such as iso4217:usd.</link:label>
    <!-- srcd-33 gl-srcd:summaryDenominator -->
    <link:loc xlink:type="locator" xlink:href="gl-srcd-2020-12-31.xsd#gl-srcd_summaryDenominator" xlink:label="gl-srcd_summaryDenominator_5cbd4241d654852d1e50079a28582c3c"/>
    <link:labelArc xlink:type="arc" xlink:arcrole="http://www.xbrl.org/2003/arcrole/concept-label" xlink:from="gl-srcd_summaryDenominator_5cbd4241d654852d1e50079a28582c3c" xlink:to="lbl_srcd-33-en_5cbd4241d654852d1e50079a28582c3c"/>
    <link:label xlink:type="resource" xlink:label="lbl_srcd-33-en_5cbd4241d654852d1e50079a28582c3c" xlink:role="http://www.xbrl.org/2003/role/label" xml:lang="en">Summary Unit Denominator</link:label>
    <link:label xlink:type="resource" xlink:label="lbl_srcd-33-en_5cbd4241d654852d1e50079a28582c3c" xlink:role="http://www.xbrl.org/2003/role/documentation" xml:lang="en">This holds the list of measure information for unit denominator. The value must be a list of QName. Each QName must be resolved to be measure information such as iso4217:usd.</link:label>
    <!-- srcd-34 gl-srcd:summaryReportingTaxonomyIDRef -->
    <link:loc xlink:type="locator" xlink:href="gl-srcd-2020-12-31.xsd#gl-srcd_summaryReportingTaxonomyIDRef" xlink:label="gl-srcd_summaryReportingTaxonomyIDRef_5cbd4241d654852d1e50079a28582c3c"/>
    <link:labelArc xlink:type="arc" xlink:arcrole="http://www.xbrl.org/2003/arcrole/concept-label" xlink:from="gl-srcd_summaryReportingTaxonomyIDRef_5cbd4241d654852d1e50079a28582c3c" xlink:to="lbl_srcd-34-en_5cbd4241d654852d1e50079a28582c3c"/>
    <link:label xlink:type="resource" xlink:label="lbl_srcd-34-en_5cbd4241d654852d1e50079a28582c3c" xlink:role="http://www.xbrl.org/2003/role/label" xml:lang="en">Summary Reporting Taxonomy ID Reference</link:label>
    <link:label xlink:type="resource" xlink:label="lbl_srcd-34-en_5cbd4241d654852d1e50079a28582c3c" xlink:role="http://www.xbrl.org/2003/role/documentation" xml:lang="en">Reference to the ID of the relevant target reporting taxonomy, defined in the [summaryReportingTaxonomies] structure at [documentInfo] level. Allows consuming applications to identify sets of [xbrlInfo] structures that point to a specific taxonomy.</link:label>
    <!-- srcdG-15 gl-srcd:richTextComment -->
    <link:loc xlink:type="locator" xlink:href="gl-srcd-2020-12-31.xsd#gl-srcd_richTextComment" xlink:label="gl-srcd_richTextComment_5cbd4241d654852d1e50079a28582c3c"/>
    <link:labelArc xlink:type="arc" xlink:arcrole="http://www.xbrl.org/2003/arcrole/concept-label" xlink:from="gl-srcd_richTextComment_5cbd4241d654852d1e50079a28582c3c" xlink:to="lbl_srcdG-15-en_5cbd4241d654852d1e50079a28582c3c"/>
    <link:label xlink:type="resource" xlink:label="lbl_srcdG-15-en_5cbd4241d654852d1e50079a28582c3c" xlink:role="http://www.xbrl.org/2003/role/label" xml:lang="en">Rich Text Comment</link:label>
    <link:label xlink:type="resource" xlink:label="lbl_srcdG-15-en_5cbd4241d654852d1e50079a28582c3c" xlink:role="http://www.xbrl.org/2003/role/documentation" xml:lang="en">Accepts text in rich text format, including XHTML. It can be used for different purposes, such as to create footnotes in XBRL instances or to create a comment for a document or an entry.</link:label>
    <!-- srcd-35 gl-srcd:richTextCommentCode -->
    <link:loc xlink:type="locator" xlink:href="gl-srcd-2020-12-31.xsd#gl-srcd_richTextCommentCode" xlink:label="gl-srcd_richTextCommentCode_5cbd4241d654852d1e50079a28582c3c"/>
    <link:labelArc xlink:type="arc" xlink:arcrole="http://www.xbrl.org/2003/arcrole/concept-label" xlink:from="gl-srcd_richTextCommentCode_5cbd4241d654852d1e50079a28582c3c" xlink:to="lbl_srcd-35-en_5cbd4241d654852d1e50079a28582c3c"/>
    <link:label xlink:type="resource" xlink:label="lbl_srcd-35-en_5cbd4241d654852d1e50079a28582c3c" xlink:role="http://www.xbrl.org/2003/role/label" xml:lang="en">Rich Text Comment Code</link:label>
    <link:label xlink:type="resource" xlink:label="lbl_srcd-35-en_5cbd4241d654852d1e50079a28582c3c" xlink:role="http://www.xbrl.org/2003/role/documentation" xml:lang="en">An enumerated code that identifies the purpose of the rich text comment. Enumerated values: link_footnote, footnote, source_document, source_journal, batch, other.</link:label>
    <!-- srcd-36 gl-srcd:richTextCommentDescription -->
    <link:loc xlink:type="locator" xlink:href="gl-srcd-2020-12-31.xsd#gl-srcd_richTextCommentDescription" xlink:label="gl-srcd_richTextCommentDescription_5cbd4241d654852d1e50079a28582c3c"/>
    <link:labelArc xlink:type="arc" xlink:arcrole="http://www.xbrl.org/2003/arcrole/concept-label" xlink:from="gl-srcd_richTextCommentDescription_5cbd4241d654852d1e50079a28582c3c" xlink:to="lbl_srcd-36-en_5cbd4241d654852d1e50079a28582c3c"/>
    <link:label xlink:type="resource" xlink:label="lbl_srcd-36-en_5cbd4241d654852d1e50079a28582c3c" xlink:role="http://www.xbrl.org/2003/role/label" xml:lang="en">Rich Text Comment Description</link:label>
    <link:label xlink:type="resource" xlink:label="lbl_srcd-36-en_5cbd4241d654852d1e50079a28582c3c" xlink:role="http://www.xbrl.org/2003/role/documentation" xml:lang="en">Free format description of the Rich text Comment Code.</link:label>
    <!-- srcd-37 gl-srcd:richTextCommentContent -->
    <link:loc xlink:type="locator" xlink:href="gl-srcd-2020-12-31.xsd#gl-srcd_richTextCommentContent" xlink:label="gl-srcd_richTextCommentContent_5cbd4241d654852d1e50079a28582c3c"/>
    <link:labelArc xlink:type="arc" xlink:arcrole="http://www.xbrl.org/2003/arcrole/concept-label" xlink:from="gl-srcd_richTextCommentContent_5cbd4241d654852d1e50079a28582c3c" xlink:to="lbl_srcd-37-en_5cbd4241d654852d1e50079a28582c3c"/>
    <link:label xlink:type="resource" xlink:label="lbl_srcd-37-en_5cbd4241d654852d1e50079a28582c3c" xlink:role="http://www.xbrl.org/2003/role/label" xml:lang="en">Rich Text Comment Content</link:label>
    <link:label xlink:type="resource" xlink:label="lbl_srcd-37-en_5cbd4241d654852d1e50079a28582c3c" xlink:role="http://www.xbrl.org/2003/role/documentation" xml:lang="en">Content of the Rich Text Comment.</link:label>
    <!-- srcd-38 gl-srcd:richTextCommentLocator -->
    <link:loc xlink:type="locator" xlink:href="gl-srcd-2020-12-31.xsd#gl-srcd_richTextCommentLocator" xlink:label="gl-srcd_richTextCommentLocator_5cbd4241d654852d1e50079a28582c3c"/>
    <link:labelArc xlink:type="arc" xlink:arcrole="http://www.xbrl.org/2003/arcrole/concept-label" xlink:from="gl-srcd_richTextCommentLocator_5cbd4241d654852d1e50079a28582c3c" xlink:to="lbl_srcd-38-en_5cbd4241d654852d1e50079a28582c3c"/>
    <link:label xlink:type="resource" xlink:label="lbl_srcd-38-en_5cbd4241d654852d1e50079a28582c3c" xlink:role="http://www.xbrl.org/2003/role/label" xml:lang="en">Rich Text Comment Locator</link:label>
    <link:label xlink:type="resource" xlink:label="lbl_srcd-38-en_5cbd4241d654852d1e50079a28582c3c" xlink:role="http://www.xbrl.org/2003/role/documentation" xml:lang="en">An XPath expression that identifies the item that the comment relates to.</link:label>
 </link:labelLink>
</link:linkbase>