<?xml version="1.0" encoding="UTF-8"?>
<!-- (c) XBRL Japan -->
<linkbase xmlns="http://www.xbrl.org/2003/linkbase" xmlns:xlink="http://www.w3.org/1999/xlink" xmlns:xsi="http://www.w3.org/2001/XMLSchema-instance" xsi:schemaLocation="http://www.xbrl.org/2003/linkbase http://www.xbrl.org/2003/xbrl-linkbase-2003-12-31.xsd">
  <presentationLink xlink:type="extended" xlink:role="http://www.xbrl.org/2003/role/link">
    <!-- summaryReportingTaxonomies -->
    <loc xlink:type="locator" xlink:href="../cor/gl-cor-2020-12-31.xsd#gl-cor_documentInfo" xlink:label="gl-cor_documentInfo" xlink:title="presentation parent: documentInfo"/>
    <loc xlink:type="locator" xlink:href="gl-srcd-2020-12-31.xsd#gl-srcd_summaryReportingTaxonomies" xlink:label="gl-srcd_summaryReportingTaxonomies" xlink:title="presentation child: summaryReportingTaxonomies"/>
    <presentationArc xlink:type="arc" xlink:arcrole="http://www.xbrl.org/2003/arcrole/parent-child" xlink:from="gl-cor_documentInfo" xlink:to="gl-srcd_summaryReportingTaxonomies" xlink:title="presentation: documentInfo to summaryReportingTaxonomies" use="optional" order="19"/>
    <!-- summaryReportingTaxonomyID -->
    <loc xlink:type="locator" xlink:href="gl-srcd-2020-12-31.xsd#gl-srcd_summaryReportingTaxonomies" xlink:label="gl-srcd_summaryReportingTaxonomies" xlink:title="presentation parent: summaryReportingTaxonomies"/>
    <loc xlink:type="locator" xlink:href="gl-srcd-2020-12-31.xsd#gl-srcd_summaryReportingTaxonomyID" xlink:label="gl-srcd_summaryReportingTaxonomyID" xlink:title="presentation child: summaryReportingTaxonomyID"/>
    <presentationArc xlink:type="arc" xlink:arcrole="http://www.xbrl.org/2003/arcrole/parent-child" xlink:from="gl-srcd_summaryReportingTaxonomies" xlink:to="gl-srcd_summaryReportingTaxonomyID" xlink:title="presentation: summaryReportingTaxonomies to summaryReportingTaxonomyID" use="optional" order="20"/>
    <!-- summaryReportingTaxonomySchemaRefHref -->
    <loc xlink:type="locator" xlink:href="gl-srcd-2020-12-31.xsd#gl-srcd_summaryReportingTaxonomySchemaRefHref" xlink:label="gl-srcd_summaryReportingTaxonomySchemaRefHref" xlink:title="presentation child: summaryReportingTaxonomySchemaRefHref"/>
    <presentationArc xlink:type="arc" xlink:arcrole="http://www.xbrl.org/2003/arcrole/parent-child" xlink:from="gl-srcd_summaryReportingTaxonomies" xlink:to="gl-srcd_summaryReportingTaxonomySchemaRefHref" xlink:title="presentation: summaryReportingTaxonomies to summaryReportingTaxonomySchemaRefHref" use="optional" order="21"/>
    <!-- summaryReportingTaxonomyHeader -->
    <loc xlink:type="locator" xlink:href="gl-srcd-2020-12-31.xsd#gl-srcd_summaryReportingTaxonomyHeader" xlink:label="gl-srcd_summaryReportingTaxonomyHeader" xlink:title="presentation child: summaryReportingTaxonomyHeader"/>
    <presentationArc xlink:type="arc" xlink:arcrole="http://www.xbrl.org/2003/arcrole/parent-child" xlink:from="gl-srcd_summaryReportingTaxonomies" xlink:to="gl-srcd_summaryReportingTaxonomyHeader" xlink:title="presentation: summaryReportingTaxonomies to summaryReportingTaxonomyHeader" use="optional" order="22"/>
    <!-- summaryReportingTaxonomyDescription -->
    <loc xlink:type="locator" xlink:href="gl-srcd-2020-12-31.xsd#gl-srcd_summaryReportingTaxonomyDescription" xlink:label="gl-srcd_summaryReportingTaxonomyDescription" xlink:title="presentation child: summaryReportingTaxonomyDescription"/>
    <presentationArc xlink:type="arc" xlink:arcrole="http://www.xbrl.org/2003/arcrole/parent-child" xlink:from="gl-srcd_summaryReportingTaxonomies" xlink:to="gl-srcd_summaryReportingTaxonomyDescription" xlink:title="presentation: summaryReportingTaxonomies to summaryReportingTaxonomyDescription" use="optional" order="23"/>
    <!-- summaryTuplePath -->
    <loc xlink:type="locator" xlink:href="../cor/gl-cor-2020-12-31.xsd#gl-cor_xbrlInfo" xlink:label="gl-cor_xbrlInfo" xlink:title="presentation parent: xbrlInfo"/>
    <loc xlink:type="locator" xlink:href="gl-srcd-2020-12-31.xsd#gl-srcd_summaryTuplePath" xlink:label="gl-srcd_summaryTuplePath" xlink:title="presentation child: summaryTuplePath"/>
    <presentationArc xlink:type="arc" xlink:arcrole="http://www.xbrl.org/2003/arcrole/parent-child" xlink:from="gl-cor_xbrlInfo" xlink:to="gl-srcd_summaryTuplePath" xlink:title="presentation: xbrlInfo to summaryTuplePath" use="optional" order="305"/>
    <!-- detailedContentFilter -->
    <loc xlink:type="locator" xlink:href="gl-srcd-2020-12-31.xsd#gl-srcd_detailedContentFilter" xlink:label="gl-srcd_detailedContentFilter" xlink:title="presentation child: detailedContentFilter"/>
    <presentationArc xlink:type="arc" xlink:arcrole="http://www.xbrl.org/2003/arcrole/parent-child" xlink:from="gl-cor_xbrlInfo" xlink:to="gl-srcd_detailedContentFilter" xlink:title="presentation: xbrlInfo to detailedContentFilter" use="optional" order="306"/>
    <!-- reportingDateSelector -->
    <loc xlink:type="locator" xlink:href="gl-srcd-2020-12-31.xsd#gl-srcd_reportingDateSelector" xlink:label="gl-srcd_reportingDateSelector" xlink:title="presentation child: reportingDateSelector"/>
    <presentationArc xlink:type="arc" xlink:arcrole="http://www.xbrl.org/2003/arcrole/parent-child" xlink:from="gl-cor_xbrlInfo" xlink:to="gl-srcd_reportingDateSelector" xlink:title="presentation: xbrlInfo to reportingDateSelector" use="optional" order="307"/>
    <!-- summaryPrecisionDecimals -->
    <loc xlink:type="locator" xlink:href="gl-srcd-2020-12-31.xsd#gl-srcd_summaryPrecisionDecimals" xlink:label="gl-srcd_summaryPrecisionDecimals" xlink:title="presentation child: summaryPrecisionDecimals"/>
    <presentationArc xlink:type="arc" xlink:arcrole="http://www.xbrl.org/2003/arcrole/parent-child" xlink:from="gl-cor_xbrlInfo" xlink:to="gl-srcd_summaryPrecisionDecimals" xlink:title="presentation: xbrlInfo to summaryPrecisionDecimals" use="optional" order="308"/>
    <!-- summaryPrecision -->
    <loc xlink:type="locator" xlink:href="gl-srcd-2020-12-31.xsd#gl-srcd_summaryPrecisionDecimals" xlink:label="gl-srcd_summaryPrecisionDecimals" xlink:title="presentation parent: summaryPrecisionDecimals"/>
    <loc xlink:type="locator" xlink:href="gl-srcd-2020-12-31.xsd#gl-srcd_summaryPrecision" xlink:label="gl-srcd_summaryPrecision" xlink:title="presentation child: summaryPrecision"/>
    <presentationArc xlink:type="arc" xlink:arcrole="http://www.xbrl.org/2003/arcrole/parent-child" xlink:from="gl-srcd_summaryPrecisionDecimals" xlink:to="gl-srcd_summaryPrecision" xlink:title="presentation: summaryPrecisionDecimals to summaryPrecision" use="optional" order="309"/>
    <!-- summaryPrecisionINF -->
    <loc xlink:type="locator" xlink:href="gl-srcd-2020-12-31.xsd#gl-srcd_summaryPrecisionINF" xlink:label="gl-srcd_summaryPrecisionINF" xlink:title="presentation child: summaryPrecisionINF"/>
    <presentationArc xlink:type="arc" xlink:arcrole="http://www.xbrl.org/2003/arcrole/parent-child" xlink:from="gl-srcd_summaryPrecisionDecimals" xlink:to="gl-srcd_summaryPrecisionINF" xlink:title="presentation: summaryPrecisionDecimals to summaryPrecisionINF" use="optional" order="310"/>
    <!-- summaryDecimals -->
    <loc xlink:type="locator" xlink:href="gl-srcd-2020-12-31.xsd#gl-srcd_summaryDecimals" xlink:label="gl-srcd_summaryDecimals" xlink:title="presentation child: summaryDecimals"/>
    <presentationArc xlink:type="arc" xlink:arcrole="http://www.xbrl.org/2003/arcrole/parent-child" xlink:from="gl-srcd_summaryPrecisionDecimals" xlink:to="gl-srcd_summaryDecimals" xlink:title="presentation: summaryPrecisionDecimals to summaryDecimals" use="optional" order="311"/>
    <!-- summaryDecimalsINF -->
    <loc xlink:type="locator" xlink:href="gl-srcd-2020-12-31.xsd#gl-srcd_summaryDecimalsINF" xlink:label="gl-srcd_summaryDecimalsINF" xlink:title="presentation child: summaryDecimalsINF"/>
    <presentationArc xlink:type="arc" xlink:arcrole="http://www.xbrl.org/2003/arcrole/parent-child" xlink:from="gl-srcd_summaryPrecisionDecimals" xlink:to="gl-srcd_summaryDecimalsINF" xlink:title="presentation: summaryPrecisionDecimals to summaryDecimalsINF" use="optional" order="312"/>
    <!-- summaryContext -->
    <loc xlink:type="locator" xlink:href="gl-srcd-2020-12-31.xsd#gl-srcd_summaryContext" xlink:label="gl-srcd_summaryContext" xlink:title="presentation child: summaryContext"/>
    <presentationArc xlink:type="arc" xlink:arcrole="http://www.xbrl.org/2003/arcrole/parent-child" xlink:from="gl-cor_xbrlInfo" xlink:to="gl-srcd_summaryContext" xlink:title="presentation: xbrlInfo to summaryContext" use="optional" order="313"/>
    <!-- summaryEntity -->
    <loc xlink:type="locator" xlink:href="gl-srcd-2020-12-31.xsd#gl-srcd_summaryContext" xlink:label="gl-srcd_summaryContext" xlink:title="presentation parent: summaryContext"/>
    <loc xlink:type="locator" xlink:href="gl-srcd-2020-12-31.xsd#gl-srcd_summaryEntity" xlink:label="gl-srcd_summaryEntity" xlink:title="presentation child: summaryEntity"/>
    <presentationArc xlink:type="arc" xlink:arcrole="http://www.xbrl.org/2003/arcrole/parent-child" xlink:from="gl-srcd_summaryContext" xlink:to="gl-srcd_summaryEntity" xlink:title="presentation: summaryContext to summaryEntity" use="optional" order="314"/>
    <!-- summaryIdentifier -->
    <loc xlink:type="locator" xlink:href="gl-srcd-2020-12-31.xsd#gl-srcd_summaryEntity" xlink:label="gl-srcd_summaryEntity" xlink:title="presentation parent: summaryEntity"/>
    <loc xlink:type="locator" xlink:href="gl-srcd-2020-12-31.xsd#gl-srcd_summaryIdentifier" xlink:label="gl-srcd_summaryIdentifier" xlink:title="presentation child: summaryIdentifier"/>
    <presentationArc xlink:type="arc" xlink:arcrole="http://www.xbrl.org/2003/arcrole/parent-child" xlink:from="gl-srcd_summaryEntity" xlink:to="gl-srcd_summaryIdentifier" xlink:title="presentation: summaryEntity to summaryIdentifier" use="optional" order="315"/>
    <!-- summaryScheme -->
    <loc xlink:type="locator" xlink:href="gl-srcd-2020-12-31.xsd#gl-srcd_summaryScheme" xlink:label="gl-srcd_summaryScheme" xlink:title="presentation child: summaryScheme"/>
    <presentationArc xlink:type="arc" xlink:arcrole="http://www.xbrl.org/2003/arcrole/parent-child" xlink:from="gl-srcd_summaryEntity" xlink:to="gl-srcd_summaryScheme" xlink:title="presentation: summaryEntity to summaryScheme" use="optional" order="316"/>
    <!-- summarySegment -->
    <loc xlink:type="locator" xlink:href="gl-srcd-2020-12-31.xsd#gl-srcd_summarySegment" xlink:label="gl-srcd_summarySegment" xlink:title="presentation child: summarySegment"/>
    <presentationArc xlink:type="arc" xlink:arcrole="http://www.xbrl.org/2003/arcrole/parent-child" xlink:from="gl-srcd_summaryEntity" xlink:to="gl-srcd_summarySegment" xlink:title="presentation: summaryEntity to summarySegment" use="optional" order="317"/>
    <!-- segmentExplicit -->
    <loc xlink:type="locator" xlink:href="gl-srcd-2020-12-31.xsd#gl-srcd_summarySegment" xlink:label="gl-srcd_summarySegment" xlink:title="presentation parent: summarySegment"/>
    <loc xlink:type="locator" xlink:href="gl-srcd-2020-12-31.xsd#gl-srcd_segmentExplicit" xlink:label="gl-srcd_segmentExplicit" xlink:title="presentation child: segmentExplicit"/>
    <presentationArc xlink:type="arc" xlink:arcrole="http://www.xbrl.org/2003/arcrole/parent-child" xlink:from="gl-srcd_summarySegment" xlink:to="gl-srcd_segmentExplicit" xlink:title="presentation: summarySegment to segmentExplicit" use="optional" order="318"/>
    <!-- segmentExplicitDimension -->
    <loc xlink:type="locator" xlink:href="gl-srcd-2020-12-31.xsd#gl-srcd_segmentExplicit" xlink:label="gl-srcd_segmentExplicit" xlink:title="presentation parent: segmentExplicit"/>
    <loc xlink:type="locator" xlink:href="gl-srcd-2020-12-31.xsd#gl-srcd_segmentExplicitDimension" xlink:label="gl-srcd_segmentExplicitDimension" xlink:title="presentation child: segmentExplicitDimension"/>
    <presentationArc xlink:type="arc" xlink:arcrole="http://www.xbrl.org/2003/arcrole/parent-child" xlink:from="gl-srcd_segmentExplicit" xlink:to="gl-srcd_segmentExplicitDimension" xlink:title="presentation: segmentExplicit to segmentExplicitDimension" use="optional" order="319"/>
    <!-- segmentExplicitDimensionValue -->
    <loc xlink:type="locator" xlink:href="gl-srcd-2020-12-31.xsd#gl-srcd_segmentExplicitDimensionValue" xlink:label="gl-srcd_segmentExplicitDimensionValue" xlink:title="presentation child: segmentExplicitDimensionValue"/>
    <presentationArc xlink:type="arc" xlink:arcrole="http://www.xbrl.org/2003/arcrole/parent-child" xlink:from="gl-srcd_segmentExplicit" xlink:to="gl-srcd_segmentExplicitDimensionValue" xlink:title="presentation: segmentExplicit to segmentExplicitDimensionValue" use="optional" order="320"/>
    <!-- segmentTyped -->
    <loc xlink:type="locator" xlink:href="gl-srcd-2020-12-31.xsd#gl-srcd_segmentTyped" xlink:label="gl-srcd_segmentTyped" xlink:title="presentation child: segmentTyped"/>
    <presentationArc xlink:type="arc" xlink:arcrole="http://www.xbrl.org/2003/arcrole/parent-child" xlink:from="gl-srcd_summarySegment" xlink:to="gl-srcd_segmentTyped" xlink:title="presentation: summarySegment to segmentTyped" use="optional" order="321"/>
    <!-- segmentTypedDimension -->
    <loc xlink:type="locator" xlink:href="gl-srcd-2020-12-31.xsd#gl-srcd_segmentTyped" xlink:label="gl-srcd_segmentTyped" xlink:title="presentation parent: segmentTyped"/>
    <loc xlink:type="locator" xlink:href="gl-srcd-2020-12-31.xsd#gl-srcd_segmentTypedDimension" xlink:label="gl-srcd_segmentTypedDimension" xlink:title="presentation child: segmentTypedDimension"/>
    <presentationArc xlink:type="arc" xlink:arcrole="http://www.xbrl.org/2003/arcrole/parent-child" xlink:from="gl-srcd_segmentTyped" xlink:to="gl-srcd_segmentTypedDimension" xlink:title="presentation: segmentTyped to segmentTypedDimension" use="optional" order="322"/>
    <!-- segmentTypedDimensionValue -->
    <loc xlink:type="locator" xlink:href="gl-srcd-2020-12-31.xsd#gl-srcd_segmentTypedDimensionValue" xlink:label="gl-srcd_segmentTypedDimensionValue" xlink:title="presentation child: segmentTypedDimensionValue"/>
    <presentationArc xlink:type="arc" xlink:arcrole="http://www.xbrl.org/2003/arcrole/parent-child" xlink:from="gl-srcd_segmentTyped" xlink:to="gl-srcd_segmentTypedDimensionValue" xlink:title="presentation: segmentTyped to segmentTypedDimensionValue" use="optional" order="323"/>
    <!-- segmentSimpleElement -->
    <loc xlink:type="locator" xlink:href="gl-srcd-2020-12-31.xsd#gl-srcd_segmentSimpleElement" xlink:label="gl-srcd_segmentSimpleElement" xlink:title="presentation child: segmentSimpleElement"/>
    <presentationArc xlink:type="arc" xlink:arcrole="http://www.xbrl.org/2003/arcrole/parent-child" xlink:from="gl-srcd_summarySegment" xlink:to="gl-srcd_segmentSimpleElement" xlink:title="presentation: summarySegment to segmentSimpleElement" use="optional" order="324"/>
    <!-- segmentSimpleElementContent -->
    <loc xlink:type="locator" xlink:href="gl-srcd-2020-12-31.xsd#gl-srcd_segmentSimpleElement" xlink:label="gl-srcd_segmentSimpleElement" xlink:title="presentation parent: segmentSimpleElement"/>
    <loc xlink:type="locator" xlink:href="gl-srcd-2020-12-31.xsd#gl-srcd_segmentSimpleElementContent" xlink:label="gl-srcd_segmentSimpleElementContent" xlink:title="presentation child: segmentSimpleElementContent"/>
    <presentationArc xlink:type="arc" xlink:arcrole="http://www.xbrl.org/2003/arcrole/parent-child" xlink:from="gl-srcd_segmentSimpleElement" xlink:to="gl-srcd_segmentSimpleElementContent" xlink:title="presentation: segmentSimpleElement to segmentSimpleElementContent" use="optional" order="325"/>
    <!-- segmentSimpleElementValue -->
    <loc xlink:type="locator" xlink:href="gl-srcd-2020-12-31.xsd#gl-srcd_segmentSimpleElementValue" xlink:label="gl-srcd_segmentSimpleElementValue" xlink:title="presentation child: segmentSimpleElementValue"/>
    <presentationArc xlink:type="arc" xlink:arcrole="http://www.xbrl.org/2003/arcrole/parent-child" xlink:from="gl-srcd_segmentSimpleElement" xlink:to="gl-srcd_segmentSimpleElementValue" xlink:title="presentation: segmentSimpleElement to segmentSimpleElementValue" use="optional" order="326"/>
    <!-- segmentNonDimensionalContents -->
    <loc xlink:type="locator" xlink:href="gl-srcd-2020-12-31.xsd#gl-srcd_segmentNonDimensionalContents" xlink:label="gl-srcd_segmentNonDimensionalContents" xlink:title="presentation child: segmentNonDimensionalContents"/>
    <presentationArc xlink:type="arc" xlink:arcrole="http://www.xbrl.org/2003/arcrole/parent-child" xlink:from="gl-srcd_summarySegment" xlink:to="gl-srcd_segmentNonDimensionalContents" xlink:title="presentation: summarySegment to segmentNonDimensionalContents" use="optional" order="327"/>
    <!-- summaryPeriod -->
    <loc xlink:type="locator" xlink:href="gl-srcd-2020-12-31.xsd#gl-srcd_summaryPeriod" xlink:label="gl-srcd_summaryPeriod" xlink:title="presentation child: summaryPeriod"/>
    <presentationArc xlink:type="arc" xlink:arcrole="http://www.xbrl.org/2003/arcrole/parent-child" xlink:from="gl-srcd_summaryContext" xlink:to="gl-srcd_summaryPeriod" xlink:title="presentation: summaryContext to summaryPeriod" use="optional" order="328"/>
    <!-- summaryInstant -->
    <loc xlink:type="locator" xlink:href="gl-srcd-2020-12-31.xsd#gl-srcd_summaryPeriod" xlink:label="gl-srcd_summaryPeriod" xlink:title="presentation parent: summaryPeriod"/>
    <loc xlink:type="locator" xlink:href="gl-srcd-2020-12-31.xsd#gl-srcd_summaryInstant" xlink:label="gl-srcd_summaryInstant" xlink:title="presentation child: summaryInstant"/>
    <presentationArc xlink:type="arc" xlink:arcrole="http://www.xbrl.org/2003/arcrole/parent-child" xlink:from="gl-srcd_summaryPeriod" xlink:to="gl-srcd_summaryInstant" xlink:title="presentation: summaryPeriod to summaryInstant" use="optional" order="329"/>
    <!-- summaryStartDate -->
    <loc xlink:type="locator" xlink:href="gl-srcd-2020-12-31.xsd#gl-srcd_summaryStartDate" xlink:label="gl-srcd_summaryStartDate" xlink:title="presentation child: summaryStartDate"/>
    <presentationArc xlink:type="arc" xlink:arcrole="http://www.xbrl.org/2003/arcrole/parent-child" xlink:from="gl-srcd_summaryPeriod" xlink:to="gl-srcd_summaryStartDate" xlink:title="presentation: summaryPeriod to summaryStartDate" use="optional" order="330"/>
    <!-- summaryEndDate -->
    <loc xlink:type="locator" xlink:href="gl-srcd-2020-12-31.xsd#gl-srcd_summaryEndDate" xlink:label="gl-srcd_summaryEndDate" xlink:title="presentation child: summaryEndDate"/>
    <presentationArc xlink:type="arc" xlink:arcrole="http://www.xbrl.org/2003/arcrole/parent-child" xlink:from="gl-srcd_summaryPeriod" xlink:to="gl-srcd_summaryEndDate" xlink:title="presentation: summaryPeriod to summaryEndDate" use="optional" order="331"/>
    <!-- summaryForever -->
    <loc xlink:type="locator" xlink:href="gl-srcd-2020-12-31.xsd#gl-srcd_summaryForever" xlink:label="gl-srcd_summaryForever" xlink:title="presentation child: summaryForever"/>
    <presentationArc xlink:type="arc" xlink:arcrole="http://www.xbrl.org/2003/arcrole/parent-child" xlink:from="gl-srcd_summaryPeriod" xlink:to="gl-srcd_summaryForever" xlink:title="presentation: summaryPeriod to summaryForever" use="optional" order="332"/>
    <!-- summaryScenario -->
    <loc xlink:type="locator" xlink:href="gl-srcd-2020-12-31.xsd#gl-srcd_summaryScenario" xlink:label="gl-srcd_summaryScenario" xlink:title="presentation child: summaryScenario"/>
    <presentationArc xlink:type="arc" xlink:arcrole="http://www.xbrl.org/2003/arcrole/parent-child" xlink:from="gl-srcd_summaryContext" xlink:to="gl-srcd_summaryScenario" xlink:title="presentation: summaryContext to summaryScenario" use="optional" order="333"/>
    <!-- senarioExplicit -->
    <loc xlink:type="locator" xlink:href="gl-srcd-2020-12-31.xsd#gl-srcd_summaryScenario" xlink:label="gl-srcd_summaryScenario" xlink:title="presentation parent: summaryScenario"/>
    <loc xlink:type="locator" xlink:href="gl-srcd-2020-12-31.xsd#gl-srcd_senarioExplicit" xlink:label="gl-srcd_senarioExplicit" xlink:title="presentation child: senarioExplicit"/>
    <presentationArc xlink:type="arc" xlink:arcrole="http://www.xbrl.org/2003/arcrole/parent-child" xlink:from="gl-srcd_summaryScenario" xlink:to="gl-srcd_senarioExplicit" xlink:title="presentation: summaryScenario to senarioExplicit" use="optional" order="334"/>
    <!-- senarioExplicitDimension -->
    <loc xlink:type="locator" xlink:href="gl-srcd-2020-12-31.xsd#gl-srcd_senarioExplicit" xlink:label="gl-srcd_senarioExplicit" xlink:title="presentation parent: senarioExplicit"/>
    <loc xlink:type="locator" xlink:href="gl-srcd-2020-12-31.xsd#gl-srcd_senarioExplicitDimension" xlink:label="gl-srcd_senarioExplicitDimension" xlink:title="presentation child: senarioExplicitDimension"/>
    <presentationArc xlink:type="arc" xlink:arcrole="http://www.xbrl.org/2003/arcrole/parent-child" xlink:from="gl-srcd_senarioExplicit" xlink:to="gl-srcd_senarioExplicitDimension" xlink:title="presentation: senarioExplicit to senarioExplicitDimension" use="optional" order="335"/>
    <!-- senarioExplicitDimensionValue -->
    <loc xlink:type="locator" xlink:href="gl-srcd-2020-12-31.xsd#gl-srcd_senarioExplicitDimensionValue" xlink:label="gl-srcd_senarioExplicitDimensionValue" xlink:title="presentation child: senarioExplicitDimensionValue"/>
    <presentationArc xlink:type="arc" xlink:arcrole="http://www.xbrl.org/2003/arcrole/parent-child" xlink:from="gl-srcd_senarioExplicit" xlink:to="gl-srcd_senarioExplicitDimensionValue" xlink:title="presentation: senarioExplicit to senarioExplicitDimensionValue" use="optional" order="336"/>
    <!-- senarioTyped -->
    <loc xlink:type="locator" xlink:href="gl-srcd-2020-12-31.xsd#gl-srcd_senarioTyped" xlink:label="gl-srcd_senarioTyped" xlink:title="presentation child: senarioTyped"/>
    <presentationArc xlink:type="arc" xlink:arcrole="http://www.xbrl.org/2003/arcrole/parent-child" xlink:from="gl-srcd_summaryScenario" xlink:to="gl-srcd_senarioTyped" xlink:title="presentation: summaryScenario to senarioTyped" use="optional" order="337"/>
    <!-- senarioTypedDimension -->
    <loc xlink:type="locator" xlink:href="gl-srcd-2020-12-31.xsd#gl-srcd_senarioTyped" xlink:label="gl-srcd_senarioTyped" xlink:title="presentation parent: senarioTyped"/>
    <loc xlink:type="locator" xlink:href="gl-srcd-2020-12-31.xsd#gl-srcd_senarioTypedDimension" xlink:label="gl-srcd_senarioTypedDimension" xlink:title="presentation child: senarioTypedDimension"/>
    <presentationArc xlink:type="arc" xlink:arcrole="http://www.xbrl.org/2003/arcrole/parent-child" xlink:from="gl-srcd_senarioTyped" xlink:to="gl-srcd_senarioTypedDimension" xlink:title="presentation: senarioTyped to senarioTypedDimension" use="optional" order="338"/>
    <!-- senarioTypedDimensionValue -->
    <loc xlink:type="locator" xlink:href="gl-srcd-2020-12-31.xsd#gl-srcd_senarioTypedDimensionValue" xlink:label="gl-srcd_senarioTypedDimensionValue" xlink:title="presentation child: senarioTypedDimensionValue"/>
    <presentationArc xlink:type="arc" xlink:arcrole="http://www.xbrl.org/2003/arcrole/parent-child" xlink:from="gl-srcd_senarioTyped" xlink:to="gl-srcd_senarioTypedDimensionValue" xlink:title="presentation: senarioTyped to senarioTypedDimensionValue" use="optional" order="339"/>
    <!-- senarioSimpleElement -->
    <loc xlink:type="locator" xlink:href="gl-srcd-2020-12-31.xsd#gl-srcd_senarioSimpleElement" xlink:label="gl-srcd_senarioSimpleElement" xlink:title="presentation child: senarioSimpleElement"/>
    <presentationArc xlink:type="arc" xlink:arcrole="http://www.xbrl.org/2003/arcrole/parent-child" xlink:from="gl-srcd_summaryScenario" xlink:to="gl-srcd_senarioSimpleElement" xlink:title="presentation: summaryScenario to senarioSimpleElement" use="optional" order="340"/>
    <!-- senarioSimpleElementContent -->
    <loc xlink:type="locator" xlink:href="gl-srcd-2020-12-31.xsd#gl-srcd_senarioSimpleElement" xlink:label="gl-srcd_senarioSimpleElement" xlink:title="presentation parent: senarioSimpleElement"/>
    <loc xlink:type="locator" xlink:href="gl-srcd-2020-12-31.xsd#gl-srcd_senarioSimpleElementContent" xlink:label="gl-srcd_senarioSimpleElementContent" xlink:title="presentation child: senarioSimpleElementContent"/>
    <presentationArc xlink:type="arc" xlink:arcrole="http://www.xbrl.org/2003/arcrole/parent-child" xlink:from="gl-srcd_senarioSimpleElement" xlink:to="gl-srcd_senarioSimpleElementContent" xlink:title="presentation: senarioSimpleElement to senarioSimpleElementContent" use="optional" order="341"/>
    <!-- senarioSimpleElementValue -->
    <loc xlink:type="locator" xlink:href="gl-srcd-2020-12-31.xsd#gl-srcd_senarioSimpleElementValue" xlink:label="gl-srcd_senarioSimpleElementValue" xlink:title="presentation child: senarioSimpleElementValue"/>
    <presentationArc xlink:type="arc" xlink:arcrole="http://www.xbrl.org/2003/arcrole/parent-child" xlink:from="gl-srcd_senarioSimpleElement" xlink:to="gl-srcd_senarioSimpleElementValue" xlink:title="presentation: senarioSimpleElement to senarioSimpleElementValue" use="optional" order="342"/>
    <!-- senarioNonDimensionalContents -->
    <loc xlink:type="locator" xlink:href="gl-srcd-2020-12-31.xsd#gl-srcd_senarioNonDimensionalContents" xlink:label="gl-srcd_senarioNonDimensionalContents" xlink:title="presentation child: senarioNonDimensionalContents"/>
    <presentationArc xlink:type="arc" xlink:arcrole="http://www.xbrl.org/2003/arcrole/parent-child" xlink:from="gl-srcd_summaryScenario" xlink:to="gl-srcd_senarioNonDimensionalContents" xlink:title="presentation: summaryScenario to senarioNonDimensionalContents" use="optional" order="343"/>
    <!-- summaryUnit -->
    <loc xlink:type="locator" xlink:href="gl-srcd-2020-12-31.xsd#gl-srcd_summaryUnit" xlink:label="gl-srcd_summaryUnit" xlink:title="presentation child: summaryUnit"/>
    <presentationArc xlink:type="arc" xlink:arcrole="http://www.xbrl.org/2003/arcrole/parent-child" xlink:from="gl-cor_xbrlInfo" xlink:to="gl-srcd_summaryUnit" xlink:title="presentation: xbrlInfo to summaryUnit" use="optional" order="344"/>
    <!-- summaryNumerator -->
    <loc xlink:type="locator" xlink:href="gl-srcd-2020-12-31.xsd#gl-srcd_summaryUnit" xlink:label="gl-srcd_summaryUnit" xlink:title="presentation parent: summaryUnit"/>
    <loc xlink:type="locator" xlink:href="gl-srcd-2020-12-31.xsd#gl-srcd_summaryNumerator" xlink:label="gl-srcd_summaryNumerator" xlink:title="presentation child: summaryNumerator"/>
    <presentationArc xlink:type="arc" xlink:arcrole="http://www.xbrl.org/2003/arcrole/parent-child" xlink:from="gl-srcd_summaryUnit" xlink:to="gl-srcd_summaryNumerator" xlink:title="presentation: summaryUnit to summaryNumerator" use="optional" order="345"/>
    <!-- summaryDenominator -->
    <loc xlink:type="locator" xlink:href="gl-srcd-2020-12-31.xsd#gl-srcd_summaryDenominator" xlink:label="gl-srcd_summaryDenominator" xlink:title="presentation child: summaryDenominator"/>
    <presentationArc xlink:type="arc" xlink:arcrole="http://www.xbrl.org/2003/arcrole/parent-child" xlink:from="gl-srcd_summaryUnit" xlink:to="gl-srcd_summaryDenominator" xlink:title="presentation: summaryUnit to summaryDenominator" use="optional" order="346"/>
    <!-- summaryReportingTaxonomyIDRef -->
    <loc xlink:type="locator" xlink:href="gl-srcd-2020-12-31.xsd#gl-srcd_summaryReportingTaxonomyIDRef" xlink:label="gl-srcd_summaryReportingTaxonomyIDRef" xlink:title="presentation child: summaryReportingTaxonomyIDRef"/>
    <presentationArc xlink:type="arc" xlink:arcrole="http://www.xbrl.org/2003/arcrole/parent-child" xlink:from="gl-cor_xbrlInfo" xlink:to="gl-srcd_summaryReportingTaxonomyIDRef" xlink:title="presentation: xbrlInfo to summaryReportingTaxonomyIDRef" use="optional" order="347"/>
    <!-- richTextComment -->
    <loc xlink:type="locator" xlink:href="../cor/gl-cor-2020-12-31.xsd#gl-cor_entryDetail" xlink:label="gl-cor_entryDetail" xlink:title="presentation parent: entryDetail"/>
    <loc xlink:type="locator" xlink:href="gl-srcd-2020-12-31.xsd#gl-srcd_richTextComment" xlink:label="gl-srcd_richTextComment" xlink:title="presentation child: richTextComment"/>
    <presentationArc xlink:type="arc" xlink:arcrole="http://www.xbrl.org/2003/arcrole/parent-child" xlink:from="gl-cor_entryDetail" xlink:to="gl-srcd_richTextComment" xlink:title="presentation: entryDetail to richTextComment" use="optional" order="444"/>
    <!-- richTextCommentCode -->
    <loc xlink:type="locator" xlink:href="gl-srcd-2020-12-31.xsd#gl-srcd_richTextComment" xlink:label="gl-srcd_richTextComment" xlink:title="presentation parent: richTextComment"/>
    <loc xlink:type="locator" xlink:href="gl-srcd-2020-12-31.xsd#gl-srcd_richTextCommentCode" xlink:label="gl-srcd_richTextCommentCode" xlink:title="presentation child: richTextCommentCode"/>
    <presentationArc xlink:type="arc" xlink:arcrole="http://www.xbrl.org/2003/arcrole/parent-child" xlink:from="gl-srcd_richTextComment" xlink:to="gl-srcd_richTextCommentCode" xlink:title="presentation: richTextComment to richTextCommentCode" use="optional" order="445"/>
    <!-- richTextCommentDescription -->
    <loc xlink:type="locator" xlink:href="gl-srcd-2020-12-31.xsd#gl-srcd_richTextCommentDescription" xlink:label="gl-srcd_richTextCommentDescription" xlink:title="presentation child: richTextCommentDescription"/>
    <presentationArc xlink:type="arc" xlink:arcrole="http://www.xbrl.org/2003/arcrole/parent-child" xlink:from="gl-srcd_richTextComment" xlink:to="gl-srcd_richTextCommentDescription" xlink:title="presentation: richTextComment to richTextCommentDescription" use="optional" order="446"/>
    <!-- richTextCommentContent -->
    <loc xlink:type="locator" xlink:href="gl-srcd-2020-12-31.xsd#gl-srcd_richTextCommentContent" xlink:label="gl-srcd_richTextCommentContent" xlink:title="presentation child: richTextCommentContent"/>
    <presentationArc xlink:type="arc" xlink:arcrole="http://www.xbrl.org/2003/arcrole/parent-child" xlink:from="gl-srcd_richTextComment" xlink:to="gl-srcd_richTextCommentContent" xlink:title="presentation: richTextComment to richTextCommentContent" use="optional" order="447"/>
    <!-- richTextCommentLocator -->
    <loc xlink:type="locator" xlink:href="gl-srcd-2020-12-31.xsd#gl-srcd_richTextCommentLocator" xlink:label="gl-srcd_richTextCommentLocator" xlink:title="presentation child: richTextCommentLocator"/>
    <presentationArc xlink:type="arc" xlink:arcrole="http://www.xbrl.org/2003/arcrole/parent-child" xlink:from="gl-srcd_richTextComment" xlink:to="gl-srcd_richTextCommentLocator" xlink:title="presentation: richTextComment to richTextCommentLocator" use="optional" order="448"/>
  </presentationLink>
</linkbase>
