<?xml version="1.0" encoding="UTF-8"?>
<link:linkbase xmlns:xsi="http://www.w3.org/2001/XMLSchema-instance"  xmlns:link="http://www.xbrl.org/2003/linkbase" xmlns:xlink="http://www.w3.org/1999/xlink"  xsi:schemaLocation="http://www.xbrl.org/2003/linkbase http://www.xbrl.org/2003/xbrl-linkbase-2003-12-31.xsd">  <link:labelLink xlink:type="extended" xlink:role="http://www.xbrl.org/2003/role/link">
    <!-- taf-1 gl-taf:tickingField -->
    <link:loc xlink:type="locator" xlink:href="gl-taf-2020-12-31.xsd#gl-taf_tickingField" xlink:label="gl-taf_tickingField_a22df50a9315209d56ee0471be93e8b6"/>
    <link:labelArc xlink:type="arc" xlink:arcrole="http://www.xbrl.org/2003/arcrole/concept-label" xlink:from="gl-taf_tickingField_a22df50a9315209d56ee0471be93e8b6" xlink:to="lbl_taf-1-ja_a22df50a9315209d56ee0471be93e8b6"/>
    <link:label xlink:type="resource" xlink:label="lbl_taf-1-ja_a22df50a9315209d56ee0471be93e8b6" xlink:role="http://www.xbrl.org/2003/role/label" xml:lang="ja">チェック欄</link:label>
    <link:label xlink:type="resource" xlink:label="lbl_taf-1-ja_a22df50a9315209d56ee0471be93e8b6" xlink:role="http://www.xbrl.org/2003/role/documentation" xml:lang="ja">項目が消去または完了されたことを示す。勘定のチェックが要求される場合、処理済を示すチェックマークまたは文字が指定される。支払またはDR/CRのメモに対する元文書が、消し込まれたことを確認するためにも使用可能。</link:label>
    <!-- taf-2 gl-taf:documentRemainingBalance -->
    <link:loc xlink:type="locator" xlink:href="gl-taf-2020-12-31.xsd#gl-taf_documentRemainingBalance" xlink:label="gl-taf_documentRemainingBalance_a22df50a9315209d56ee0471be93e8b6"/>
    <link:labelArc xlink:type="arc" xlink:arcrole="http://www.xbrl.org/2003/arcrole/concept-label" xlink:from="gl-taf_documentRemainingBalance_a22df50a9315209d56ee0471be93e8b6" xlink:to="lbl_taf-2-ja_a22df50a9315209d56ee0471be93e8b6"/>
    <link:label xlink:type="resource" xlink:label="lbl_taf-2-ja_a22df50a9315209d56ee0471be93e8b6" xlink:role="http://www.xbrl.org/2003/role/label" xml:lang="ja">文書上残高</link:label>
    <link:label xlink:type="resource" xlink:label="lbl_taf-2-ja_a22df50a9315209d56ee0471be93e8b6" xlink:role="http://www.xbrl.org/2003/role/documentation" xml:lang="ja">文書上の残高。</link:label>
    <!-- taf-3 gl-taf:uniqueConsignmentReference -->
    <link:loc xlink:type="locator" xlink:href="gl-taf-2020-12-31.xsd#gl-taf_uniqueConsignmentReference" xlink:label="gl-taf_uniqueConsignmentReference_a22df50a9315209d56ee0471be93e8b6"/>
    <link:labelArc xlink:type="arc" xlink:arcrole="http://www.xbrl.org/2003/arcrole/concept-label" xlink:from="gl-taf_uniqueConsignmentReference_a22df50a9315209d56ee0471be93e8b6" xlink:to="lbl_taf-3-ja_a22df50a9315209d56ee0471be93e8b6"/>
    <link:label xlink:type="resource" xlink:label="lbl_taf-3-ja_a22df50a9315209d56ee0471be93e8b6" xlink:role="http://www.xbrl.org/2003/role/label" xml:lang="ja">UCRコード</link:label>
    <link:label xlink:type="resource" xlink:label="lbl_taf-3-ja_a22df50a9315209d56ee0471be93e8b6" xlink:role="http://www.xbrl.org/2003/role/documentation" xml:lang="ja">Unique Consignment ReferenceまたはUCR。国際委託販売のための"origin to destination"参照コード。World Customs OrganizationとEAN International (EAN)が共同で開発している。\n(http://www.wcoomd.org/ie/EN/press/UCR_new_e.pdf)</link:label>
    <!-- tafG-1 gl-taf:originatingDocumentStructure -->
    <link:loc xlink:type="locator" xlink:href="gl-taf-2020-12-31.xsd#gl-taf_originatingDocumentStructure" xlink:label="gl-taf_originatingDocumentStructure_a22df50a9315209d56ee0471be93e8b6"/>
    <link:labelArc xlink:type="arc" xlink:arcrole="http://www.xbrl.org/2003/arcrole/concept-label" xlink:from="gl-taf_originatingDocumentStructure_a22df50a9315209d56ee0471be93e8b6" xlink:to="lbl_tafG-1-ja_a22df50a9315209d56ee0471be93e8b6"/>
    <link:label xlink:type="resource" xlink:label="lbl_tafG-1-ja_a22df50a9315209d56ee0471be93e8b6" xlink:role="http://www.xbrl.org/2003/role/label" xml:lang="ja">【発生元文書情報】</link:label>
    <link:label xlink:type="resource" xlink:label="lbl_tafG-1-ja_a22df50a9315209d56ee0471be93e8b6" xlink:role="http://www.xbrl.org/2003/role/documentation" xml:lang="ja">業務プロセス上の、関連文書の流れを捕捉するためのもの。特にVAT監査では、エンドユーザの要求として、取引に関係する文書の履歴が必要とされる。関連文書情報の構造の繰り返しを含む。</link:label>
    <!-- taf-4 gl-taf:originatingDocumentType -->
    <link:loc xlink:type="locator" xlink:href="gl-taf-2020-12-31.xsd#gl-taf_originatingDocumentType" xlink:label="gl-taf_originatingDocumentType_a22df50a9315209d56ee0471be93e8b6"/>
    <link:labelArc xlink:type="arc" xlink:arcrole="http://www.xbrl.org/2003/arcrole/concept-label" xlink:from="gl-taf_originatingDocumentType_a22df50a9315209d56ee0471be93e8b6" xlink:to="lbl_taf-4-ja_a22df50a9315209d56ee0471be93e8b6"/>
    <link:label xlink:type="resource" xlink:label="lbl_taf-4-ja_a22df50a9315209d56ee0471be93e8b6" xlink:role="http://www.xbrl.org/2003/role/label" xml:lang="ja">発生元文書種別</link:label>
    <link:label xlink:type="resource" xlink:label="lbl_taf-4-ja_a22df50a9315209d56ee0471be93e8b6" xlink:role="http://www.xbrl.org/2003/role/documentation" xml:lang="ja">発生元文書の種別。発注、通知、確認、出荷、配送/受領、請求、支払、など。</link:label>
    <!-- taf-5 gl-taf:originatingDocumentNumber -->
    <link:loc xlink:type="locator" xlink:href="gl-taf-2020-12-31.xsd#gl-taf_originatingDocumentNumber" xlink:label="gl-taf_originatingDocumentNumber_a22df50a9315209d56ee0471be93e8b6"/>
    <link:labelArc xlink:type="arc" xlink:arcrole="http://www.xbrl.org/2003/arcrole/concept-label" xlink:from="gl-taf_originatingDocumentNumber_a22df50a9315209d56ee0471be93e8b6" xlink:to="lbl_taf-5-ja_a22df50a9315209d56ee0471be93e8b6"/>
    <link:label xlink:type="resource" xlink:label="lbl_taf-5-ja_a22df50a9315209d56ee0471be93e8b6" xlink:role="http://www.xbrl.org/2003/role/label" xml:lang="ja">発生元文書番号</link:label>
    <link:label xlink:type="resource" xlink:label="lbl_taf-5-ja_a22df50a9315209d56ee0471be93e8b6" xlink:role="http://www.xbrl.org/2003/role/documentation" xml:lang="ja">発生元文書の番号。</link:label>
    <!-- taf-6 gl-taf:originatingDocumentDate -->
    <link:loc xlink:type="locator" xlink:href="gl-taf-2020-12-31.xsd#gl-taf_originatingDocumentDate" xlink:label="gl-taf_originatingDocumentDate_a22df50a9315209d56ee0471be93e8b6"/>
    <link:labelArc xlink:type="arc" xlink:arcrole="http://www.xbrl.org/2003/arcrole/concept-label" xlink:from="gl-taf_originatingDocumentDate_a22df50a9315209d56ee0471be93e8b6" xlink:to="lbl_taf-6-ja_a22df50a9315209d56ee0471be93e8b6"/>
    <link:label xlink:type="resource" xlink:label="lbl_taf-6-ja_a22df50a9315209d56ee0471be93e8b6" xlink:role="http://www.xbrl.org/2003/role/label" xml:lang="ja">発生元文書日付</link:label>
    <link:label xlink:type="resource" xlink:label="lbl_taf-6-ja_a22df50a9315209d56ee0471be93e8b6" xlink:role="http://www.xbrl.org/2003/role/documentation" xml:lang="ja">発生元文書の日付。</link:label>
    <!-- taf-7 gl-taf:originatingDocumentIdentifierType -->
    <link:loc xlink:type="locator" xlink:href="gl-taf-2020-12-31.xsd#gl-taf_originatingDocumentIdentifierType" xlink:label="gl-taf_originatingDocumentIdentifierType_a22df50a9315209d56ee0471be93e8b6"/>
    <link:labelArc xlink:type="arc" xlink:arcrole="http://www.xbrl.org/2003/arcrole/concept-label" xlink:from="gl-taf_originatingDocumentIdentifierType_a22df50a9315209d56ee0471be93e8b6" xlink:to="lbl_taf-7-ja_a22df50a9315209d56ee0471be93e8b6"/>
    <link:label xlink:type="resource" xlink:label="lbl_taf-7-ja_a22df50a9315209d56ee0471be93e8b6" xlink:role="http://www.xbrl.org/2003/role/label" xml:lang="ja">発生元文書対象CVE種別</link:label>
    <link:label xlink:type="resource" xlink:label="lbl_taf-7-ja_a22df50a9315209d56ee0471be93e8b6" xlink:role="http://www.xbrl.org/2003/role/documentation" xml:lang="ja">発生元文書の対象となるCVEの種別。例えば、顧客、仕入先、従業員、その他。\n[設定値のリスト]\n(C)、(customer：顧客)、(E)、(employee：従業員)、(V)、(vendor：仕入先)、(O)、(other：その他)、(I)、(salesperson-internal：店舗内販売員)、(X)、(salesperson-external：外交販売員)、(N)、(contractor：請負者) </link:label>
    <!-- taf-8 gl-taf:originatingDocumentIdentifierCode -->
    <link:loc xlink:type="locator" xlink:href="gl-taf-2020-12-31.xsd#gl-taf_originatingDocumentIdentifierCode" xlink:label="gl-taf_originatingDocumentIdentifierCode_a22df50a9315209d56ee0471be93e8b6"/>
    <link:labelArc xlink:type="arc" xlink:arcrole="http://www.xbrl.org/2003/arcrole/concept-label" xlink:from="gl-taf_originatingDocumentIdentifierCode_a22df50a9315209d56ee0471be93e8b6" xlink:to="lbl_taf-8-ja_a22df50a9315209d56ee0471be93e8b6"/>
    <link:label xlink:type="resource" xlink:label="lbl_taf-8-ja_a22df50a9315209d56ee0471be93e8b6" xlink:role="http://www.xbrl.org/2003/role/label" xml:lang="ja">発生元文書対象CVEコード</link:label>
    <link:label xlink:type="resource" xlink:label="lbl_taf-8-ja_a22df50a9315209d56ee0471be93e8b6" xlink:role="http://www.xbrl.org/2003/role/documentation" xml:lang="ja">発生元文書の対象となるCVEのコード。</link:label>
    <!-- taf-9 gl-taf:originatingDocumentIdentifierTaxCode -->
    <link:loc xlink:type="locator" xlink:href="gl-taf-2020-12-31.xsd#gl-taf_originatingDocumentIdentifierTaxCode" xlink:label="gl-taf_originatingDocumentIdentifierTaxCode_a22df50a9315209d56ee0471be93e8b6"/>
    <link:labelArc xlink:type="arc" xlink:arcrole="http://www.xbrl.org/2003/arcrole/concept-label" xlink:from="gl-taf_originatingDocumentIdentifierTaxCode_a22df50a9315209d56ee0471be93e8b6" xlink:to="lbl_taf-9-ja_a22df50a9315209d56ee0471be93e8b6"/>
    <link:label xlink:type="resource" xlink:label="lbl_taf-9-ja_a22df50a9315209d56ee0471be93e8b6" xlink:role="http://www.xbrl.org/2003/role/label" xml:lang="ja">発生元文書対象CVE納税者コード</link:label>
    <link:label xlink:type="resource" xlink:label="lbl_taf-9-ja_a22df50a9315209d56ee0471be93e8b6" xlink:role="http://www.xbrl.org/2003/role/documentation" xml:lang="ja">発生元文書の対象となるCVEの納税者コード。</link:label>
 </link:labelLink>
</link:linkbase>