<?xml version="1.0" encoding="UTF-8"?>
<!-- (c) XBRL Japan -->
<linkbase xmlns="http://www.xbrl.org/2003/linkbase" xmlns:xlink="http://www.w3.org/1999/xlink" xmlns:xsi="http://www.w3.org/2001/XMLSchema-instance" xsi:schemaLocation="http://www.xbrl.org/2003/linkbase http://www.xbrl.org/2003/xbrl-linkbase-2003-12-31.xsd">
  <presentationLink xlink:type="extended" xlink:role="http://www.xbrl.org/2003/role/link">
    <!-- tickingField -->
    <loc xlink:type="locator" xlink:href="../cor/gl-cor-2020-12-31.xsd#gl-cor_entryDetail" xlink:label="gl-cor_entryDetail" xlink:title="presentation parent: entryDetail"/>
    <loc xlink:type="locator" xlink:href="gl-taf-2020-12-31.xsd#gl-taf_tickingField" xlink:label="gl-taf_tickingField" xlink:title="presentation child: tickingField"/>
    <presentationArc xlink:type="arc" xlink:arcrole="http://www.xbrl.org/2003/arcrole/parent-child" xlink:from="gl-cor_entryDetail" xlink:to="gl-taf_tickingField" xlink:title="presentation: entryDetail to tickingField" use="optional" order="646"/>
    <!-- documentRemainingBalance -->
    <loc xlink:type="locator" xlink:href="gl-taf-2020-12-31.xsd#gl-taf_documentRemainingBalance" xlink:label="gl-taf_documentRemainingBalance" xlink:title="presentation child: documentRemainingBalance"/>
    <presentationArc xlink:type="arc" xlink:arcrole="http://www.xbrl.org/2003/arcrole/parent-child" xlink:from="gl-cor_entryDetail" xlink:to="gl-taf_documentRemainingBalance" xlink:title="presentation: entryDetail to documentRemainingBalance" use="optional" order="647"/>
    <!-- uniqueConsignmentReference -->
    <loc xlink:type="locator" xlink:href="gl-taf-2020-12-31.xsd#gl-taf_uniqueConsignmentReference" xlink:label="gl-taf_uniqueConsignmentReference" xlink:title="presentation child: uniqueConsignmentReference"/>
    <presentationArc xlink:type="arc" xlink:arcrole="http://www.xbrl.org/2003/arcrole/parent-child" xlink:from="gl-cor_entryDetail" xlink:to="gl-taf_uniqueConsignmentReference" xlink:title="presentation: entryDetail to uniqueConsignmentReference" use="optional" order="648"/>
    <!-- originatingDocumentStructure -->
    <loc xlink:type="locator" xlink:href="gl-taf-2020-12-31.xsd#gl-taf_originatingDocumentStructure" xlink:label="gl-taf_originatingDocumentStructure" xlink:title="presentation child: originatingDocumentStructure"/>
    <presentationArc xlink:type="arc" xlink:arcrole="http://www.xbrl.org/2003/arcrole/parent-child" xlink:from="gl-cor_entryDetail" xlink:to="gl-taf_originatingDocumentStructure" xlink:title="presentation: entryDetail to originatingDocumentStructure" use="optional" order="649"/>
    <!-- originatingDocumentType -->
    <loc xlink:type="locator" xlink:href="gl-taf-2020-12-31.xsd#gl-taf_originatingDocumentStructure" xlink:label="gl-taf_originatingDocumentStructure" xlink:title="presentation parent: originatingDocumentStructure"/>
    <loc xlink:type="locator" xlink:href="gl-taf-2020-12-31.xsd#gl-taf_originatingDocumentType" xlink:label="gl-taf_originatingDocumentType" xlink:title="presentation child: originatingDocumentType"/>
    <presentationArc xlink:type="arc" xlink:arcrole="http://www.xbrl.org/2003/arcrole/parent-child" xlink:from="gl-taf_originatingDocumentStructure" xlink:to="gl-taf_originatingDocumentType" xlink:title="presentation: originatingDocumentStructure to originatingDocumentType" use="optional" order="650"/>
    <!-- originatingDocumentNumber -->
    <loc xlink:type="locator" xlink:href="gl-taf-2020-12-31.xsd#gl-taf_originatingDocumentNumber" xlink:label="gl-taf_originatingDocumentNumber" xlink:title="presentation child: originatingDocumentNumber"/>
    <presentationArc xlink:type="arc" xlink:arcrole="http://www.xbrl.org/2003/arcrole/parent-child" xlink:from="gl-taf_originatingDocumentStructure" xlink:to="gl-taf_originatingDocumentNumber" xlink:title="presentation: originatingDocumentStructure to originatingDocumentNumber" use="optional" order="651"/>
    <!-- originatingDocumentDate -->
    <loc xlink:type="locator" xlink:href="gl-taf-2020-12-31.xsd#gl-taf_originatingDocumentDate" xlink:label="gl-taf_originatingDocumentDate" xlink:title="presentation child: originatingDocumentDate"/>
    <presentationArc xlink:type="arc" xlink:arcrole="http://www.xbrl.org/2003/arcrole/parent-child" xlink:from="gl-taf_originatingDocumentStructure" xlink:to="gl-taf_originatingDocumentDate" xlink:title="presentation: originatingDocumentStructure to originatingDocumentDate" use="optional" order="652"/>
    <!-- originatingDocumentIdentifierType -->
    <loc xlink:type="locator" xlink:href="gl-taf-2020-12-31.xsd#gl-taf_originatingDocumentIdentifierType" xlink:label="gl-taf_originatingDocumentIdentifierType" xlink:title="presentation child: originatingDocumentIdentifierType"/>
    <presentationArc xlink:type="arc" xlink:arcrole="http://www.xbrl.org/2003/arcrole/parent-child" xlink:from="gl-taf_originatingDocumentStructure" xlink:to="gl-taf_originatingDocumentIdentifierType" xlink:title="presentation: originatingDocumentStructure to originatingDocumentIdentifierType" use="optional" order="653"/>
    <!-- originatingDocumentIdentifierCode -->
    <loc xlink:type="locator" xlink:href="gl-taf-2020-12-31.xsd#gl-taf_originatingDocumentIdentifierCode" xlink:label="gl-taf_originatingDocumentIdentifierCode" xlink:title="presentation child: originatingDocumentIdentifierCode"/>
    <presentationArc xlink:type="arc" xlink:arcrole="http://www.xbrl.org/2003/arcrole/parent-child" xlink:from="gl-taf_originatingDocumentStructure" xlink:to="gl-taf_originatingDocumentIdentifierCode" xlink:title="presentation: originatingDocumentStructure to originatingDocumentIdentifierCode" use="optional" order="654"/>
    <!-- originatingDocumentIdentifierTaxCode -->
    <loc xlink:type="locator" xlink:href="gl-taf-2020-12-31.xsd#gl-taf_originatingDocumentIdentifierTaxCode" xlink:label="gl-taf_originatingDocumentIdentifierTaxCode" xlink:title="presentation child: originatingDocumentIdentifierTaxCode"/>
    <presentationArc xlink:type="arc" xlink:arcrole="http://www.xbrl.org/2003/arcrole/parent-child" xlink:from="gl-taf_originatingDocumentStructure" xlink:to="gl-taf_originatingDocumentIdentifierTaxCode" xlink:title="presentation: originatingDocumentStructure to originatingDocumentIdentifierTaxCode" use="optional" order="655"/>
  </presentationLink>
</linkbase>
