<?xml version="1.0" encoding="UTF-8"?>
<!-- (c) XBRL Japan -->
<linkbase xmlns="http://www.xbrl.org/2003/linkbase" xmlns:xlink="http://www.w3.org/1999/xlink" xmlns:xsi="http://www.w3.org/2001/XMLSchema-instance" xsi:schemaLocation="http://www.xbrl.org/2003/linkbase http://www.xbrl.org/2003/xbrl-linkbase-2003-12-31.xsd">
  <presentationLink xlink:type="extended" xlink:role="http://www.xbrl.org/2003/role/link">
    <!-- documentInfo -->
    <loc xlink:type="locator" xlink:href="gl-cor-2020-12-31.xsd#gl-cor_accountingEntries" xlink:label="gl-cor_accountingEntries" xlink:title="presentation parent: accountingEntries"/>
    <loc xlink:type="locator" xlink:href="gl-cor-2020-12-31.xsd#gl-cor_documentInfo" xlink:label="gl-cor_documentInfo" xlink:title="presentation child: documentInfo"/>
    <presentationArc xlink:type="arc" xlink:arcrole="http://www.xbrl.org/2003/arcrole/parent-child" xlink:from="gl-cor_accountingEntries" xlink:to="gl-cor_documentInfo" xlink:title="presentation: accountingEntries to documentInfo" use="optional" order="2"/>
    <!-- entriesType -->
    <loc xlink:type="locator" xlink:href="gl-cor-2020-12-31.xsd#gl-cor_documentInfo" xlink:label="gl-cor_documentInfo" xlink:title="presentation parent: documentInfo"/>
    <loc xlink:type="locator" xlink:href="gl-cor-2020-12-31.xsd#gl-cor_entriesType" xlink:label="gl-cor_entriesType" xlink:title="presentation child: entriesType"/>
    <presentationArc xlink:type="arc" xlink:arcrole="http://www.xbrl.org/2003/arcrole/parent-child" xlink:from="gl-cor_documentInfo" xlink:to="gl-cor_entriesType" xlink:title="presentation: documentInfo to entriesType" use="optional" order="3"/>
    <!-- uniqueID -->
    <loc xlink:type="locator" xlink:href="gl-cor-2020-12-31.xsd#gl-cor_uniqueID" xlink:label="gl-cor_uniqueID" xlink:title="presentation child: uniqueID"/>
    <presentationArc xlink:type="arc" xlink:arcrole="http://www.xbrl.org/2003/arcrole/parent-child" xlink:from="gl-cor_documentInfo" xlink:to="gl-cor_uniqueID" xlink:title="presentation: documentInfo to uniqueID" use="optional" order="4"/>
    <!-- revisesUniqueID -->
    <loc xlink:type="locator" xlink:href="gl-cor-2020-12-31.xsd#gl-cor_revisesUniqueID" xlink:label="gl-cor_revisesUniqueID" xlink:title="presentation child: revisesUniqueID"/>
    <presentationArc xlink:type="arc" xlink:arcrole="http://www.xbrl.org/2003/arcrole/parent-child" xlink:from="gl-cor_documentInfo" xlink:to="gl-cor_revisesUniqueID" xlink:title="presentation: documentInfo to revisesUniqueID" use="optional" order="5"/>
    <!-- revisesUniqueIDAction -->
    <loc xlink:type="locator" xlink:href="gl-cor-2020-12-31.xsd#gl-cor_revisesUniqueIDAction" xlink:label="gl-cor_revisesUniqueIDAction" xlink:title="presentation child: revisesUniqueIDAction"/>
    <presentationArc xlink:type="arc" xlink:arcrole="http://www.xbrl.org/2003/arcrole/parent-child" xlink:from="gl-cor_documentInfo" xlink:to="gl-cor_revisesUniqueIDAction" xlink:title="presentation: documentInfo to revisesUniqueIDAction" use="optional" order="6"/>
    <!-- language -->
    <loc xlink:type="locator" xlink:href="gl-cor-2020-12-31.xsd#gl-cor_language" xlink:label="gl-cor_language" xlink:title="presentation child: language"/>
    <presentationArc xlink:type="arc" xlink:arcrole="http://www.xbrl.org/2003/arcrole/parent-child" xlink:from="gl-cor_documentInfo" xlink:to="gl-cor_language" xlink:title="presentation: documentInfo to language" use="optional" order="7"/>
    <!-- creationDate -->
    <loc xlink:type="locator" xlink:href="gl-cor-2020-12-31.xsd#gl-cor_creationDate" xlink:label="gl-cor_creationDate" xlink:title="presentation child: creationDate"/>
    <presentationArc xlink:type="arc" xlink:arcrole="http://www.xbrl.org/2003/arcrole/parent-child" xlink:from="gl-cor_documentInfo" xlink:to="gl-cor_creationDate" xlink:title="presentation: documentInfo to creationDate" use="optional" order="8"/>
    <!-- entriesComment -->
    <loc xlink:type="locator" xlink:href="gl-cor-2020-12-31.xsd#gl-cor_entriesComment" xlink:label="gl-cor_entriesComment" xlink:title="presentation child: entriesComment"/>
    <presentationArc xlink:type="arc" xlink:arcrole="http://www.xbrl.org/2003/arcrole/parent-child" xlink:from="gl-cor_documentInfo" xlink:to="gl-cor_entriesComment" xlink:title="presentation: documentInfo to entriesComment" use="optional" order="10"/>
    <!-- periodCoveredStart -->
    <loc xlink:type="locator" xlink:href="gl-cor-2020-12-31.xsd#gl-cor_periodCoveredStart" xlink:label="gl-cor_periodCoveredStart" xlink:title="presentation child: periodCoveredStart"/>
    <presentationArc xlink:type="arc" xlink:arcrole="http://www.xbrl.org/2003/arcrole/parent-child" xlink:from="gl-cor_documentInfo" xlink:to="gl-cor_periodCoveredStart" xlink:title="presentation: documentInfo to periodCoveredStart" use="optional" order="11"/>
    <!-- periodCoveredEnd -->
    <loc xlink:type="locator" xlink:href="gl-cor-2020-12-31.xsd#gl-cor_periodCoveredEnd" xlink:label="gl-cor_periodCoveredEnd" xlink:title="presentation child: periodCoveredEnd"/>
    <presentationArc xlink:type="arc" xlink:arcrole="http://www.xbrl.org/2003/arcrole/parent-child" xlink:from="gl-cor_documentInfo" xlink:to="gl-cor_periodCoveredEnd" xlink:title="presentation: documentInfo to periodCoveredEnd" use="optional" order="12"/>
    <!-- entityInformation -->
    <loc xlink:type="locator" xlink:href="gl-cor-2020-12-31.xsd#gl-cor_entityInformation" xlink:label="gl-cor_entityInformation" xlink:title="presentation child: entityInformation"/>
    <presentationArc xlink:type="arc" xlink:arcrole="http://www.xbrl.org/2003/arcrole/parent-child" xlink:from="gl-cor_accountingEntries" xlink:to="gl-cor_entityInformation" xlink:title="presentation: accountingEntries to entityInformation" use="optional" order="135"/>
    <!-- identifierReference -->
    <loc xlink:type="locator" xlink:href="gl-cor-2020-12-31.xsd#gl-cor_entityInformation" xlink:label="gl-cor_entityInformation" xlink:title="presentation parent: entityInformation"/>
    <loc xlink:type="locator" xlink:href="gl-cor-2020-12-31.xsd#gl-cor_identifierReference" xlink:label="gl-cor_identifierReference" xlink:title="presentation child: identifierReference"/>
    <presentationArc xlink:type="arc" xlink:arcrole="http://www.xbrl.org/2003/arcrole/parent-child" xlink:from="gl-cor_entityInformation" xlink:to="gl-cor_identifierReference" xlink:title="presentation: entityInformation to identifierReference" use="optional" order="231"/>
    <!-- identifierCode -->
    <loc xlink:type="locator" xlink:href="gl-cor-2020-12-31.xsd#gl-cor_identifierReference" xlink:label="gl-cor_identifierReference" xlink:title="presentation parent: identifierReference"/>
    <loc xlink:type="locator" xlink:href="gl-cor-2020-12-31.xsd#gl-cor_identifierCode" xlink:label="gl-cor_identifierCode" xlink:title="presentation child: identifierCode"/>
    <presentationArc xlink:type="arc" xlink:arcrole="http://www.xbrl.org/2003/arcrole/parent-child" xlink:from="gl-cor_identifierReference" xlink:to="gl-cor_identifierCode" xlink:title="presentation: identifierReference to identifierCode" use="optional" order="232"/>
    <!-- identifierExternalReference -->
    <loc xlink:type="locator" xlink:href="gl-cor-2020-12-31.xsd#gl-cor_identifierExternalReference" xlink:label="gl-cor_identifierExternalReference" xlink:title="presentation child: identifierExternalReference"/>
    <presentationArc xlink:type="arc" xlink:arcrole="http://www.xbrl.org/2003/arcrole/parent-child" xlink:from="gl-cor_identifierReference" xlink:to="gl-cor_identifierExternalReference" xlink:title="presentation: identifierReference to identifierExternalReference" use="optional" order="233"/>
    <!-- identifierAuthorityCode -->
    <loc xlink:type="locator" xlink:href="gl-cor-2020-12-31.xsd#gl-cor_identifierExternalReference" xlink:label="gl-cor_identifierExternalReference" xlink:title="presentation parent: identifierExternalReference"/>
    <loc xlink:type="locator" xlink:href="gl-cor-2020-12-31.xsd#gl-cor_identifierAuthorityCode" xlink:label="gl-cor_identifierAuthorityCode" xlink:title="presentation child: identifierAuthorityCode"/>
    <presentationArc xlink:type="arc" xlink:arcrole="http://www.xbrl.org/2003/arcrole/parent-child" xlink:from="gl-cor_identifierExternalReference" xlink:to="gl-cor_identifierAuthorityCode" xlink:title="presentation: identifierExternalReference to identifierAuthorityCode" use="optional" order="234"/>
    <!-- identifierAuthority -->
    <loc xlink:type="locator" xlink:href="gl-cor-2020-12-31.xsd#gl-cor_identifierAuthority" xlink:label="gl-cor_identifierAuthority" xlink:title="presentation child: identifierAuthority"/>
    <presentationArc xlink:type="arc" xlink:arcrole="http://www.xbrl.org/2003/arcrole/parent-child" xlink:from="gl-cor_identifierExternalReference" xlink:to="gl-cor_identifierAuthority" xlink:title="presentation: identifierExternalReference to identifierAuthority" use="optional" order="235"/>
    <!-- identifierAuthorityVerificationDate -->
    <loc xlink:type="locator" xlink:href="gl-cor-2020-12-31.xsd#gl-cor_identifierAuthorityVerificationDate" xlink:label="gl-cor_identifierAuthorityVerificationDate" xlink:title="presentation child: identifierAuthorityVerificationDate"/>
    <presentationArc xlink:type="arc" xlink:arcrole="http://www.xbrl.org/2003/arcrole/parent-child" xlink:from="gl-cor_identifierExternalReference" xlink:to="gl-cor_identifierAuthorityVerificationDate" xlink:title="presentation: identifierExternalReference to identifierAuthorityVerificationDate" use="optional" order="236"/>
    <!-- identifierOrganizationType -->
    <loc xlink:type="locator" xlink:href="gl-cor-2020-12-31.xsd#gl-cor_identifierOrganizationType" xlink:label="gl-cor_identifierOrganizationType" xlink:title="presentation child: identifierOrganizationType"/>
    <presentationArc xlink:type="arc" xlink:arcrole="http://www.xbrl.org/2003/arcrole/parent-child" xlink:from="gl-cor_identifierReference" xlink:to="gl-cor_identifierOrganizationType" xlink:title="presentation: identifierReference to identifierOrganizationType" use="optional" order="237"/>
    <!-- identifierOrganizationTypeDescription -->
    <loc xlink:type="locator" xlink:href="gl-cor-2020-12-31.xsd#gl-cor_identifierOrganizationTypeDescription" xlink:label="gl-cor_identifierOrganizationTypeDescription" xlink:title="presentation child: identifierOrganizationTypeDescription"/>
    <presentationArc xlink:type="arc" xlink:arcrole="http://www.xbrl.org/2003/arcrole/parent-child" xlink:from="gl-cor_identifierReference" xlink:to="gl-cor_identifierOrganizationTypeDescription" xlink:title="presentation: identifierReference to identifierOrganizationTypeDescription" use="optional" order="238"/>
    <!-- identifierDescription -->
    <loc xlink:type="locator" xlink:href="gl-cor-2020-12-31.xsd#gl-cor_identifierDescription" xlink:label="gl-cor_identifierDescription" xlink:title="presentation child: identifierDescription"/>
    <presentationArc xlink:type="arc" xlink:arcrole="http://www.xbrl.org/2003/arcrole/parent-child" xlink:from="gl-cor_identifierReference" xlink:to="gl-cor_identifierDescription" xlink:title="presentation: identifierReference to identifierDescription" use="optional" order="239"/>
    <!-- identifierType -->
    <loc xlink:type="locator" xlink:href="gl-cor-2020-12-31.xsd#gl-cor_identifierType" xlink:label="gl-cor_identifierType" xlink:title="presentation child: identifierType"/>
    <presentationArc xlink:type="arc" xlink:arcrole="http://www.xbrl.org/2003/arcrole/parent-child" xlink:from="gl-cor_identifierReference" xlink:to="gl-cor_identifierType" xlink:title="presentation: identifierReference to identifierType" use="optional" order="240"/>
    <!-- identifierCategory -->
    <loc xlink:type="locator" xlink:href="gl-cor-2020-12-31.xsd#gl-cor_identifierCategory" xlink:label="gl-cor_identifierCategory" xlink:title="presentation child: identifierCategory"/>
    <presentationArc xlink:type="arc" xlink:arcrole="http://www.xbrl.org/2003/arcrole/parent-child" xlink:from="gl-cor_identifierReference" xlink:to="gl-cor_identifierCategory" xlink:title="presentation: identifierReference to identifierCategory" use="optional" order="241"/>
    <!-- identifierEMail -->
    <loc xlink:type="locator" xlink:href="gl-cor-2020-12-31.xsd#gl-cor_identifierEMail" xlink:label="gl-cor_identifierEMail" xlink:title="presentation child: identifierEMail"/>
    <presentationArc xlink:type="arc" xlink:arcrole="http://www.xbrl.org/2003/arcrole/parent-child" xlink:from="gl-cor_identifierReference" xlink:to="gl-cor_identifierEMail" xlink:title="presentation: identifierReference to identifierEMail" use="optional" order="242"/>
    <!-- identifierEmailAddressUsage -->
    <loc xlink:type="locator" xlink:href="gl-cor-2020-12-31.xsd#gl-cor_identifierEMail" xlink:label="gl-cor_identifierEMail" xlink:title="presentation parent: identifierEMail"/>
    <loc xlink:type="locator" xlink:href="gl-cor-2020-12-31.xsd#gl-cor_identifierEmailAddressUsage" xlink:label="gl-cor_identifierEmailAddressUsage" xlink:title="presentation child: identifierEmailAddressUsage"/>
    <presentationArc xlink:type="arc" xlink:arcrole="http://www.xbrl.org/2003/arcrole/parent-child" xlink:from="gl-cor_identifierEMail" xlink:to="gl-cor_identifierEmailAddressUsage" xlink:title="presentation: identifierEMail to identifierEmailAddressUsage" use="optional" order="243"/>
    <!-- identifierEmailAddress -->
    <loc xlink:type="locator" xlink:href="gl-cor-2020-12-31.xsd#gl-cor_identifierEmailAddress" xlink:label="gl-cor_identifierEmailAddress" xlink:title="presentation child: identifierEmailAddress"/>
    <presentationArc xlink:type="arc" xlink:arcrole="http://www.xbrl.org/2003/arcrole/parent-child" xlink:from="gl-cor_identifierEMail" xlink:to="gl-cor_identifierEmailAddress" xlink:title="presentation: identifierEMail to identifierEmailAddress" use="optional" order="244"/>
    <!-- identifierPhoneNumber -->
    <loc xlink:type="locator" xlink:href="gl-cor-2020-12-31.xsd#gl-cor_identifierPhoneNumber" xlink:label="gl-cor_identifierPhoneNumber" xlink:title="presentation child: identifierPhoneNumber"/>
    <presentationArc xlink:type="arc" xlink:arcrole="http://www.xbrl.org/2003/arcrole/parent-child" xlink:from="gl-cor_identifierReference" xlink:to="gl-cor_identifierPhoneNumber" xlink:title="presentation: identifierReference to identifierPhoneNumber" use="optional" order="245"/>
    <!-- identifierPhoneNumberDescription -->
    <loc xlink:type="locator" xlink:href="gl-cor-2020-12-31.xsd#gl-cor_identifierPhoneNumber" xlink:label="gl-cor_identifierPhoneNumber" xlink:title="presentation parent: identifierPhoneNumber"/>
    <loc xlink:type="locator" xlink:href="gl-cor-2020-12-31.xsd#gl-cor_identifierPhoneNumberDescription" xlink:label="gl-cor_identifierPhoneNumberDescription" xlink:title="presentation child: identifierPhoneNumberDescription"/>
    <presentationArc xlink:type="arc" xlink:arcrole="http://www.xbrl.org/2003/arcrole/parent-child" xlink:from="gl-cor_identifierPhoneNumber" xlink:to="gl-cor_identifierPhoneNumberDescription" xlink:title="presentation: identifierPhoneNumber to identifierPhoneNumberDescription" use="optional" order="246"/>
    <!-- identifierPhone -->
    <loc xlink:type="locator" xlink:href="gl-cor-2020-12-31.xsd#gl-cor_identifierPhone" xlink:label="gl-cor_identifierPhone" xlink:title="presentation child: identifierPhone"/>
    <presentationArc xlink:type="arc" xlink:arcrole="http://www.xbrl.org/2003/arcrole/parent-child" xlink:from="gl-cor_identifierPhoneNumber" xlink:to="gl-cor_identifierPhone" xlink:title="presentation: identifierPhoneNumber to identifierPhone" use="optional" order="247"/>
    <!-- identifierFaxNumber -->
    <loc xlink:type="locator" xlink:href="gl-cor-2020-12-31.xsd#gl-cor_identifierFaxNumber" xlink:label="gl-cor_identifierFaxNumber" xlink:title="presentation child: identifierFaxNumber"/>
    <presentationArc xlink:type="arc" xlink:arcrole="http://www.xbrl.org/2003/arcrole/parent-child" xlink:from="gl-cor_identifierReference" xlink:to="gl-cor_identifierFaxNumber" xlink:title="presentation: identifierReference to identifierFaxNumber" use="optional" order="248"/>
    <!-- identifierFaxNumberUsage -->
    <loc xlink:type="locator" xlink:href="gl-cor-2020-12-31.xsd#gl-cor_identifierFaxNumber" xlink:label="gl-cor_identifierFaxNumber" xlink:title="presentation parent: identifierFaxNumber"/>
    <loc xlink:type="locator" xlink:href="gl-cor-2020-12-31.xsd#gl-cor_identifierFaxNumberUsage" xlink:label="gl-cor_identifierFaxNumberUsage" xlink:title="presentation child: identifierFaxNumberUsage"/>
    <presentationArc xlink:type="arc" xlink:arcrole="http://www.xbrl.org/2003/arcrole/parent-child" xlink:from="gl-cor_identifierFaxNumber" xlink:to="gl-cor_identifierFaxNumberUsage" xlink:title="presentation: identifierFaxNumber to identifierFaxNumberUsage" use="optional" order="249"/>
    <!-- identifierFax -->
    <loc xlink:type="locator" xlink:href="gl-cor-2020-12-31.xsd#gl-cor_identifierFax" xlink:label="gl-cor_identifierFax" xlink:title="presentation child: identifierFax"/>
    <presentationArc xlink:type="arc" xlink:arcrole="http://www.xbrl.org/2003/arcrole/parent-child" xlink:from="gl-cor_identifierFaxNumber" xlink:to="gl-cor_identifierFax" xlink:title="presentation: identifierFaxNumber to identifierFax" use="optional" order="250"/>
    <!-- identifierContactInformationStructure -->
    <loc xlink:type="locator" xlink:href="gl-cor-2020-12-31.xsd#gl-cor_identifierContactInformationStructure" xlink:label="gl-cor_identifierContactInformationStructure" xlink:title="presentation child: identifierContactInformationStructure"/>
    <presentationArc xlink:type="arc" xlink:arcrole="http://www.xbrl.org/2003/arcrole/parent-child" xlink:from="gl-cor_identifierReference" xlink:to="gl-cor_identifierContactInformationStructure" xlink:title="presentation: identifierReference to identifierContactInformationStructure" use="optional" order="263"/>
    <!-- identifierContactPrefix -->
    <loc xlink:type="locator" xlink:href="gl-cor-2020-12-31.xsd#gl-cor_identifierContactInformationStructure" xlink:label="gl-cor_identifierContactInformationStructure" xlink:title="presentation parent: identifierContactInformationStructure"/>
    <loc xlink:type="locator" xlink:href="gl-cor-2020-12-31.xsd#gl-cor_identifierContactPrefix" xlink:label="gl-cor_identifierContactPrefix" xlink:title="presentation child: identifierContactPrefix"/>
    <presentationArc xlink:type="arc" xlink:arcrole="http://www.xbrl.org/2003/arcrole/parent-child" xlink:from="gl-cor_identifierContactInformationStructure" xlink:to="gl-cor_identifierContactPrefix" xlink:title="presentation: identifierContactInformationStructure to identifierContactPrefix" use="optional" order="264"/>
    <!-- identifierContactLastName -->
    <loc xlink:type="locator" xlink:href="gl-cor-2020-12-31.xsd#gl-cor_identifierContactLastName" xlink:label="gl-cor_identifierContactLastName" xlink:title="presentation child: identifierContactLastName"/>
    <presentationArc xlink:type="arc" xlink:arcrole="http://www.xbrl.org/2003/arcrole/parent-child" xlink:from="gl-cor_identifierContactInformationStructure" xlink:to="gl-cor_identifierContactLastName" xlink:title="presentation: identifierContactInformationStructure to identifierContactLastName" use="optional" order="265"/>
    <!-- identifierContactFirstName -->
    <loc xlink:type="locator" xlink:href="gl-cor-2020-12-31.xsd#gl-cor_identifierContactFirstName" xlink:label="gl-cor_identifierContactFirstName" xlink:title="presentation child: identifierContactFirstName"/>
    <presentationArc xlink:type="arc" xlink:arcrole="http://www.xbrl.org/2003/arcrole/parent-child" xlink:from="gl-cor_identifierContactInformationStructure" xlink:to="gl-cor_identifierContactFirstName" xlink:title="presentation: identifierContactInformationStructure to identifierContactFirstName" use="optional" order="266"/>
    <!-- identifierContactSuffix -->
    <loc xlink:type="locator" xlink:href="gl-cor-2020-12-31.xsd#gl-cor_identifierContactSuffix" xlink:label="gl-cor_identifierContactSuffix" xlink:title="presentation child: identifierContactSuffix"/>
    <presentationArc xlink:type="arc" xlink:arcrole="http://www.xbrl.org/2003/arcrole/parent-child" xlink:from="gl-cor_identifierContactInformationStructure" xlink:to="gl-cor_identifierContactSuffix" xlink:title="presentation: identifierContactInformationStructure to identifierContactSuffix" use="optional" order="267"/>
    <!-- identifierContactAttentionLine -->
    <loc xlink:type="locator" xlink:href="gl-cor-2020-12-31.xsd#gl-cor_identifierContactAttentionLine" xlink:label="gl-cor_identifierContactAttentionLine" xlink:title="presentation child: identifierContactAttentionLine"/>
    <presentationArc xlink:type="arc" xlink:arcrole="http://www.xbrl.org/2003/arcrole/parent-child" xlink:from="gl-cor_identifierContactInformationStructure" xlink:to="gl-cor_identifierContactAttentionLine" xlink:title="presentation: identifierContactInformationStructure to identifierContactAttentionLine" use="optional" order="268"/>
    <!-- identifierContactPositionRole -->
    <loc xlink:type="locator" xlink:href="gl-cor-2020-12-31.xsd#gl-cor_identifierContactPositionRole" xlink:label="gl-cor_identifierContactPositionRole" xlink:title="presentation child: identifierContactPositionRole"/>
    <presentationArc xlink:type="arc" xlink:arcrole="http://www.xbrl.org/2003/arcrole/parent-child" xlink:from="gl-cor_identifierContactInformationStructure" xlink:to="gl-cor_identifierContactPositionRole" xlink:title="presentation: identifierContactInformationStructure to identifierContactPositionRole" use="optional" order="269"/>
    <!-- identifierContactPhone -->
    <loc xlink:type="locator" xlink:href="gl-cor-2020-12-31.xsd#gl-cor_identifierContactPhone" xlink:label="gl-cor_identifierContactPhone" xlink:title="presentation child: identifierContactPhone"/>
    <presentationArc xlink:type="arc" xlink:arcrole="http://www.xbrl.org/2003/arcrole/parent-child" xlink:from="gl-cor_identifierContactInformationStructure" xlink:to="gl-cor_identifierContactPhone" xlink:title="presentation: identifierContactInformationStructure to identifierContactPhone" use="optional" order="270"/>
    <!-- identifierContactPhoneNumberDescription -->
    <loc xlink:type="locator" xlink:href="gl-cor-2020-12-31.xsd#gl-cor_identifierContactPhone" xlink:label="gl-cor_identifierContactPhone" xlink:title="presentation parent: identifierContactPhone"/>
    <loc xlink:type="locator" xlink:href="gl-cor-2020-12-31.xsd#gl-cor_identifierContactPhoneNumberDescription" xlink:label="gl-cor_identifierContactPhoneNumberDescription" xlink:title="presentation child: identifierContactPhoneNumberDescription"/>
    <presentationArc xlink:type="arc" xlink:arcrole="http://www.xbrl.org/2003/arcrole/parent-child" xlink:from="gl-cor_identifierContactPhone" xlink:to="gl-cor_identifierContactPhoneNumberDescription" xlink:title="presentation: identifierContactPhone to identifierContactPhoneNumberDescription" use="optional" order="271"/>
    <!-- identifierContactPhoneNumber -->
    <loc xlink:type="locator" xlink:href="gl-cor-2020-12-31.xsd#gl-cor_identifierContactPhoneNumber" xlink:label="gl-cor_identifierContactPhoneNumber" xlink:title="presentation child: identifierContactPhoneNumber"/>
    <presentationArc xlink:type="arc" xlink:arcrole="http://www.xbrl.org/2003/arcrole/parent-child" xlink:from="gl-cor_identifierContactPhone" xlink:to="gl-cor_identifierContactPhoneNumber" xlink:title="presentation: identifierContactPhone to identifierContactPhoneNumber" use="optional" order="272"/>
    <!-- identifierContactFax -->
    <loc xlink:type="locator" xlink:href="gl-cor-2020-12-31.xsd#gl-cor_identifierContactFax" xlink:label="gl-cor_identifierContactFax" xlink:title="presentation child: identifierContactFax"/>
    <presentationArc xlink:type="arc" xlink:arcrole="http://www.xbrl.org/2003/arcrole/parent-child" xlink:from="gl-cor_identifierContactInformationStructure" xlink:to="gl-cor_identifierContactFax" xlink:title="presentation: identifierContactInformationStructure to identifierContactFax" use="optional" order="273"/>
    <!-- identifierContactFaxNumberUsage -->
    <loc xlink:type="locator" xlink:href="gl-cor-2020-12-31.xsd#gl-cor_identifierContactFax" xlink:label="gl-cor_identifierContactFax" xlink:title="presentation parent: identifierContactFax"/>
    <loc xlink:type="locator" xlink:href="gl-cor-2020-12-31.xsd#gl-cor_identifierContactFaxNumberUsage" xlink:label="gl-cor_identifierContactFaxNumberUsage" xlink:title="presentation child: identifierContactFaxNumberUsage"/>
    <presentationArc xlink:type="arc" xlink:arcrole="http://www.xbrl.org/2003/arcrole/parent-child" xlink:from="gl-cor_identifierContactFax" xlink:to="gl-cor_identifierContactFaxNumberUsage" xlink:title="presentation: identifierContactFax to identifierContactFaxNumberUsage" use="optional" order="274"/>
    <!-- identifierContactFaxNumber -->
    <loc xlink:type="locator" xlink:href="gl-cor-2020-12-31.xsd#gl-cor_identifierContactFaxNumber" xlink:label="gl-cor_identifierContactFaxNumber" xlink:title="presentation child: identifierContactFaxNumber"/>
    <presentationArc xlink:type="arc" xlink:arcrole="http://www.xbrl.org/2003/arcrole/parent-child" xlink:from="gl-cor_identifierContactFax" xlink:to="gl-cor_identifierContactFaxNumber" xlink:title="presentation: identifierContactFax to identifierContactFaxNumber" use="optional" order="275"/>
    <!-- identifierContactEmail -->
    <loc xlink:type="locator" xlink:href="gl-cor-2020-12-31.xsd#gl-cor_identifierContactEmail" xlink:label="gl-cor_identifierContactEmail" xlink:title="presentation child: identifierContactEmail"/>
    <presentationArc xlink:type="arc" xlink:arcrole="http://www.xbrl.org/2003/arcrole/parent-child" xlink:from="gl-cor_identifierContactInformationStructure" xlink:to="gl-cor_identifierContactEmail" xlink:title="presentation: identifierContactInformationStructure to identifierContactEmail" use="optional" order="276"/>
    <!-- identifierContactEmailAddressUsage -->
    <loc xlink:type="locator" xlink:href="gl-cor-2020-12-31.xsd#gl-cor_identifierContactEmail" xlink:label="gl-cor_identifierContactEmail" xlink:title="presentation parent: identifierContactEmail"/>
    <loc xlink:type="locator" xlink:href="gl-cor-2020-12-31.xsd#gl-cor_identifierContactEmailAddressUsage" xlink:label="gl-cor_identifierContactEmailAddressUsage" xlink:title="presentation child: identifierContactEmailAddressUsage"/>
    <presentationArc xlink:type="arc" xlink:arcrole="http://www.xbrl.org/2003/arcrole/parent-child" xlink:from="gl-cor_identifierContactEmail" xlink:to="gl-cor_identifierContactEmailAddressUsage" xlink:title="presentation: identifierContactEmail to identifierContactEmailAddressUsage" use="optional" order="277"/>
    <!-- identifierContactEmailAddress -->
    <loc xlink:type="locator" xlink:href="gl-cor-2020-12-31.xsd#gl-cor_identifierContactEmailAddress" xlink:label="gl-cor_identifierContactEmailAddress" xlink:title="presentation child: identifierContactEmailAddress"/>
    <presentationArc xlink:type="arc" xlink:arcrole="http://www.xbrl.org/2003/arcrole/parent-child" xlink:from="gl-cor_identifierContactEmail" xlink:to="gl-cor_identifierContactEmailAddress" xlink:title="presentation: identifierContactEmail to identifierContactEmailAddress" use="optional" order="278"/>
    <!-- identifierContactType -->
    <loc xlink:type="locator" xlink:href="gl-cor-2020-12-31.xsd#gl-cor_identifierContactType" xlink:label="gl-cor_identifierContactType" xlink:title="presentation child: identifierContactType"/>
    <presentationArc xlink:type="arc" xlink:arcrole="http://www.xbrl.org/2003/arcrole/parent-child" xlink:from="gl-cor_identifierContactInformationStructure" xlink:to="gl-cor_identifierContactType" xlink:title="presentation: identifierContactInformationStructure to identifierContactType" use="optional" order="279"/>
    <!-- identifierActive -->
    <loc xlink:type="locator" xlink:href="gl-cor-2020-12-31.xsd#gl-cor_identifierActive" xlink:label="gl-cor_identifierActive" xlink:title="presentation child: identifierActive"/>
    <presentationArc xlink:type="arc" xlink:arcrole="http://www.xbrl.org/2003/arcrole/parent-child" xlink:from="gl-cor_identifierReference" xlink:to="gl-cor_identifierActive" xlink:title="presentation: identifierReference to identifierActive" use="optional" order="281"/>
    <!-- entryHeader -->
    <loc xlink:type="locator" xlink:href="gl-cor-2020-12-31.xsd#gl-cor_entryHeader" xlink:label="gl-cor_entryHeader" xlink:title="presentation child: entryHeader"/>
    <presentationArc xlink:type="arc" xlink:arcrole="http://www.xbrl.org/2003/arcrole/parent-child" xlink:from="gl-cor_accountingEntries" xlink:to="gl-cor_entryHeader" xlink:title="presentation: accountingEntries to entryHeader" use="optional" order="297"/>
    <!-- postedDate -->
    <loc xlink:type="locator" xlink:href="gl-cor-2020-12-31.xsd#gl-cor_entryHeader" xlink:label="gl-cor_entryHeader" xlink:title="presentation parent: entryHeader"/>
    <loc xlink:type="locator" xlink:href="gl-cor-2020-12-31.xsd#gl-cor_postedDate" xlink:label="gl-cor_postedDate" xlink:title="presentation child: postedDate"/>
    <presentationArc xlink:type="arc" xlink:arcrole="http://www.xbrl.org/2003/arcrole/parent-child" xlink:from="gl-cor_entryHeader" xlink:to="gl-cor_postedDate" xlink:title="presentation: entryHeader to postedDate" use="optional" order="298"/>
    <!-- enteredBy -->
    <loc xlink:type="locator" xlink:href="gl-cor-2020-12-31.xsd#gl-cor_enteredBy" xlink:label="gl-cor_enteredBy" xlink:title="presentation child: enteredBy"/>
    <presentationArc xlink:type="arc" xlink:arcrole="http://www.xbrl.org/2003/arcrole/parent-child" xlink:from="gl-cor_entryHeader" xlink:to="gl-cor_enteredBy" xlink:title="presentation: entryHeader to enteredBy" use="optional" order="299"/>
    <!-- enteredDate -->
    <loc xlink:type="locator" xlink:href="gl-cor-2020-12-31.xsd#gl-cor_enteredDate" xlink:label="gl-cor_enteredDate" xlink:title="presentation child: enteredDate"/>
    <presentationArc xlink:type="arc" xlink:arcrole="http://www.xbrl.org/2003/arcrole/parent-child" xlink:from="gl-cor_entryHeader" xlink:to="gl-cor_enteredDate" xlink:title="presentation: entryHeader to enteredDate" use="optional" order="301"/>
    <!-- sourceJournalID -->
    <loc xlink:type="locator" xlink:href="gl-cor-2020-12-31.xsd#gl-cor_sourceJournalID" xlink:label="gl-cor_sourceJournalID" xlink:title="presentation child: sourceJournalID"/>
    <presentationArc xlink:type="arc" xlink:arcrole="http://www.xbrl.org/2003/arcrole/parent-child" xlink:from="gl-cor_entryHeader" xlink:to="gl-cor_sourceJournalID" xlink:title="presentation: entryHeader to sourceJournalID" use="optional" order="303"/>
    <!-- entryType -->
    <loc xlink:type="locator" xlink:href="gl-cor-2020-12-31.xsd#gl-cor_entryType" xlink:label="gl-cor_entryType" xlink:title="presentation child: entryType"/>
    <presentationArc xlink:type="arc" xlink:arcrole="http://www.xbrl.org/2003/arcrole/parent-child" xlink:from="gl-cor_entryHeader" xlink:to="gl-cor_entryType" xlink:title="presentation: entryHeader to entryType" use="optional" order="305"/>
    <!-- entryNumber -->
    <loc xlink:type="locator" xlink:href="gl-cor-2020-12-31.xsd#gl-cor_entryNumber" xlink:label="gl-cor_entryNumber" xlink:title="presentation child: entryNumber"/>
    <presentationArc xlink:type="arc" xlink:arcrole="http://www.xbrl.org/2003/arcrole/parent-child" xlink:from="gl-cor_entryHeader" xlink:to="gl-cor_entryNumber" xlink:title="presentation: entryHeader to entryNumber" use="optional" order="307"/>
    <!-- entryComment -->
    <loc xlink:type="locator" xlink:href="gl-cor-2020-12-31.xsd#gl-cor_entryComment" xlink:label="gl-cor_entryComment" xlink:title="presentation child: entryComment"/>
    <presentationArc xlink:type="arc" xlink:arcrole="http://www.xbrl.org/2003/arcrole/parent-child" xlink:from="gl-cor_entryHeader" xlink:to="gl-cor_entryComment" xlink:title="presentation: entryHeader to entryComment" use="optional" order="308"/>
    <!-- qualifierEntry -->
    <loc xlink:type="locator" xlink:href="gl-cor-2020-12-31.xsd#gl-cor_qualifierEntry" xlink:label="gl-cor_qualifierEntry" xlink:title="presentation child: qualifierEntry"/>
    <presentationArc xlink:type="arc" xlink:arcrole="http://www.xbrl.org/2003/arcrole/parent-child" xlink:from="gl-cor_entryHeader" xlink:to="gl-cor_qualifierEntry" xlink:title="presentation: entryHeader to qualifierEntry" use="optional" order="309"/>
    <!-- qualifierEntryDescription -->
    <loc xlink:type="locator" xlink:href="gl-cor-2020-12-31.xsd#gl-cor_qualifierEntryDescription" xlink:label="gl-cor_qualifierEntryDescription" xlink:title="presentation child: qualifierEntryDescription"/>
    <presentationArc xlink:type="arc" xlink:arcrole="http://www.xbrl.org/2003/arcrole/parent-child" xlink:from="gl-cor_entryHeader" xlink:to="gl-cor_qualifierEntryDescription" xlink:title="presentation: entryHeader to qualifierEntryDescription" use="optional" order="310"/>
    <!-- bookTaxDifference -->
    <loc xlink:type="locator" xlink:href="gl-cor-2020-12-31.xsd#gl-cor_bookTaxDifference" xlink:label="gl-cor_bookTaxDifference" xlink:title="presentation child: bookTaxDifference"/>
    <presentationArc xlink:type="arc" xlink:arcrole="http://www.xbrl.org/2003/arcrole/parent-child" xlink:from="gl-cor_entryHeader" xlink:to="gl-cor_bookTaxDifference" xlink:title="presentation: entryHeader to bookTaxDifference" use="optional" order="317"/>
    <!-- entryNumberCounter -->
    <loc xlink:type="locator" xlink:href="gl-cor-2020-12-31.xsd#gl-cor_entryNumberCounter" xlink:label="gl-cor_entryNumberCounter" xlink:title="presentation child: entryNumberCounter"/>
    <presentationArc xlink:type="arc" xlink:arcrole="http://www.xbrl.org/2003/arcrole/parent-child" xlink:from="gl-cor_entryHeader" xlink:to="gl-cor_entryNumberCounter" xlink:title="presentation: entryHeader to entryNumberCounter" use="optional" order="334"/>
    <!-- entryDetail -->
    <loc xlink:type="locator" xlink:href="gl-cor-2020-12-31.xsd#gl-cor_entryDetail" xlink:label="gl-cor_entryDetail" xlink:title="presentation child: entryDetail"/>
    <presentationArc xlink:type="arc" xlink:arcrole="http://www.xbrl.org/2003/arcrole/parent-child" xlink:from="gl-cor_entryHeader" xlink:to="gl-cor_entryDetail" xlink:title="presentation: entryHeader to entryDetail" use="optional" order="388"/>
    <!-- lineNumber -->
    <loc xlink:type="locator" xlink:href="gl-cor-2020-12-31.xsd#gl-cor_entryDetail" xlink:label="gl-cor_entryDetail" xlink:title="presentation parent: entryDetail"/>
    <loc xlink:type="locator" xlink:href="gl-cor-2020-12-31.xsd#gl-cor_lineNumber" xlink:label="gl-cor_lineNumber" xlink:title="presentation child: lineNumber"/>
    <presentationArc xlink:type="arc" xlink:arcrole="http://www.xbrl.org/2003/arcrole/parent-child" xlink:from="gl-cor_entryDetail" xlink:to="gl-cor_lineNumber" xlink:title="presentation: entryDetail to lineNumber" use="optional" order="389"/>
    <!-- lineNumberCounter -->
    <loc xlink:type="locator" xlink:href="gl-cor-2020-12-31.xsd#gl-cor_lineNumberCounter" xlink:label="gl-cor_lineNumberCounter" xlink:title="presentation child: lineNumberCounter"/>
    <presentationArc xlink:type="arc" xlink:arcrole="http://www.xbrl.org/2003/arcrole/parent-child" xlink:from="gl-cor_entryDetail" xlink:to="gl-cor_lineNumberCounter" xlink:title="presentation: entryDetail to lineNumberCounter" use="optional" order="390"/>
    <!-- account -->
    <loc xlink:type="locator" xlink:href="gl-cor-2020-12-31.xsd#gl-cor_account" xlink:label="gl-cor_account" xlink:title="presentation child: account"/>
    <presentationArc xlink:type="arc" xlink:arcrole="http://www.xbrl.org/2003/arcrole/parent-child" xlink:from="gl-cor_entryDetail" xlink:to="gl-cor_account" xlink:title="presentation: entryDetail to account" use="optional" order="391"/>
    <!-- accountMainID -->
    <loc xlink:type="locator" xlink:href="gl-cor-2020-12-31.xsd#gl-cor_account" xlink:label="gl-cor_account" xlink:title="presentation parent: account"/>
    <loc xlink:type="locator" xlink:href="gl-cor-2020-12-31.xsd#gl-cor_accountMainID" xlink:label="gl-cor_accountMainID" xlink:title="presentation child: accountMainID"/>
    <presentationArc xlink:type="arc" xlink:arcrole="http://www.xbrl.org/2003/arcrole/parent-child" xlink:from="gl-cor_account" xlink:to="gl-cor_accountMainID" xlink:title="presentation: account to accountMainID" use="optional" order="392"/>
    <!-- accountMainDescription -->
    <loc xlink:type="locator" xlink:href="gl-cor-2020-12-31.xsd#gl-cor_accountMainDescription" xlink:label="gl-cor_accountMainDescription" xlink:title="presentation child: accountMainDescription"/>
    <presentationArc xlink:type="arc" xlink:arcrole="http://www.xbrl.org/2003/arcrole/parent-child" xlink:from="gl-cor_account" xlink:to="gl-cor_accountMainDescription" xlink:title="presentation: account to accountMainDescription" use="optional" order="393"/>
    <!-- mainAccountType -->
    <loc xlink:type="locator" xlink:href="gl-cor-2020-12-31.xsd#gl-cor_mainAccountType" xlink:label="gl-cor_mainAccountType" xlink:title="presentation child: mainAccountType"/>
    <presentationArc xlink:type="arc" xlink:arcrole="http://www.xbrl.org/2003/arcrole/parent-child" xlink:from="gl-cor_account" xlink:to="gl-cor_mainAccountType" xlink:title="presentation: account to mainAccountType" use="optional" order="394"/>
    <!-- mainAccountTypeDescription -->
    <loc xlink:type="locator" xlink:href="gl-cor-2020-12-31.xsd#gl-cor_mainAccountTypeDescription" xlink:label="gl-cor_mainAccountTypeDescription" xlink:title="presentation child: mainAccountTypeDescription"/>
    <presentationArc xlink:type="arc" xlink:arcrole="http://www.xbrl.org/2003/arcrole/parent-child" xlink:from="gl-cor_account" xlink:to="gl-cor_mainAccountTypeDescription" xlink:title="presentation: account to mainAccountTypeDescription" use="optional" order="395"/>
    <!-- parentAccountMainID -->
    <loc xlink:type="locator" xlink:href="gl-cor-2020-12-31.xsd#gl-cor_parentAccountMainID" xlink:label="gl-cor_parentAccountMainID" xlink:title="presentation child: parentAccountMainID"/>
    <presentationArc xlink:type="arc" xlink:arcrole="http://www.xbrl.org/2003/arcrole/parent-child" xlink:from="gl-cor_account" xlink:to="gl-cor_parentAccountMainID" xlink:title="presentation: account to parentAccountMainID" use="optional" order="396"/>
    <!-- accountPurposeCode -->
    <loc xlink:type="locator" xlink:href="gl-cor-2020-12-31.xsd#gl-cor_accountPurposeCode" xlink:label="gl-cor_accountPurposeCode" xlink:title="presentation child: accountPurposeCode"/>
    <presentationArc xlink:type="arc" xlink:arcrole="http://www.xbrl.org/2003/arcrole/parent-child" xlink:from="gl-cor_account" xlink:to="gl-cor_accountPurposeCode" xlink:title="presentation: account to accountPurposeCode" use="optional" order="397"/>
    <!-- accountPurposeDescription -->
    <loc xlink:type="locator" xlink:href="gl-cor-2020-12-31.xsd#gl-cor_accountPurposeDescription" xlink:label="gl-cor_accountPurposeDescription" xlink:title="presentation child: accountPurposeDescription"/>
    <presentationArc xlink:type="arc" xlink:arcrole="http://www.xbrl.org/2003/arcrole/parent-child" xlink:from="gl-cor_account" xlink:to="gl-cor_accountPurposeDescription" xlink:title="presentation: account to accountPurposeDescription" use="optional" order="398"/>
    <!-- accountType -->
    <loc xlink:type="locator" xlink:href="gl-cor-2020-12-31.xsd#gl-cor_accountType" xlink:label="gl-cor_accountType" xlink:title="presentation child: accountType"/>
    <presentationArc xlink:type="arc" xlink:arcrole="http://www.xbrl.org/2003/arcrole/parent-child" xlink:from="gl-cor_account" xlink:to="gl-cor_accountType" xlink:title="presentation: account to accountType" use="optional" order="399"/>
    <!-- accountTypeDescription -->
    <loc xlink:type="locator" xlink:href="gl-cor-2020-12-31.xsd#gl-cor_accountTypeDescription" xlink:label="gl-cor_accountTypeDescription" xlink:title="presentation child: accountTypeDescription"/>
    <presentationArc xlink:type="arc" xlink:arcrole="http://www.xbrl.org/2003/arcrole/parent-child" xlink:from="gl-cor_account" xlink:to="gl-cor_accountTypeDescription" xlink:title="presentation: account to accountTypeDescription" use="optional" order="400"/>
    <!-- accountSub -->
    <loc xlink:type="locator" xlink:href="gl-cor-2020-12-31.xsd#gl-cor_accountSub" xlink:label="gl-cor_accountSub" xlink:title="presentation child: accountSub"/>
    <presentationArc xlink:type="arc" xlink:arcrole="http://www.xbrl.org/2003/arcrole/parent-child" xlink:from="gl-cor_account" xlink:to="gl-cor_accountSub" xlink:title="presentation: account to accountSub" use="optional" order="405"/>
    <!-- accountSubDescription -->
    <loc xlink:type="locator" xlink:href="gl-cor-2020-12-31.xsd#gl-cor_accountSub" xlink:label="gl-cor_accountSub" xlink:title="presentation parent: accountSub"/>
    <loc xlink:type="locator" xlink:href="gl-cor-2020-12-31.xsd#gl-cor_accountSubDescription" xlink:label="gl-cor_accountSubDescription" xlink:title="presentation child: accountSubDescription"/>
    <presentationArc xlink:type="arc" xlink:arcrole="http://www.xbrl.org/2003/arcrole/parent-child" xlink:from="gl-cor_accountSub" xlink:to="gl-cor_accountSubDescription" xlink:title="presentation: accountSub to accountSubDescription" use="optional" order="406"/>
    <!-- accountSubID -->
    <loc xlink:type="locator" xlink:href="gl-cor-2020-12-31.xsd#gl-cor_accountSubID" xlink:label="gl-cor_accountSubID" xlink:title="presentation child: accountSubID"/>
    <presentationArc xlink:type="arc" xlink:arcrole="http://www.xbrl.org/2003/arcrole/parent-child" xlink:from="gl-cor_accountSub" xlink:to="gl-cor_accountSubID" xlink:title="presentation: accountSub to accountSubID" use="optional" order="407"/>
    <!-- accountSubType -->
    <loc xlink:type="locator" xlink:href="gl-cor-2020-12-31.xsd#gl-cor_accountSubType" xlink:label="gl-cor_accountSubType" xlink:title="presentation child: accountSubType"/>
    <presentationArc xlink:type="arc" xlink:arcrole="http://www.xbrl.org/2003/arcrole/parent-child" xlink:from="gl-cor_accountSub" xlink:to="gl-cor_accountSubType" xlink:title="presentation: accountSub to accountSubType" use="optional" order="408"/>
    <!-- segmentParentTuple -->
    <loc xlink:type="locator" xlink:href="gl-cor-2020-12-31.xsd#gl-cor_segmentParentTuple" xlink:label="gl-cor_segmentParentTuple" xlink:title="presentation child: segmentParentTuple"/>
    <presentationArc xlink:type="arc" xlink:arcrole="http://www.xbrl.org/2003/arcrole/parent-child" xlink:from="gl-cor_accountSub" xlink:to="gl-cor_segmentParentTuple" xlink:title="presentation: accountSub to segmentParentTuple" use="optional" order="409"/>
    <!-- parentSubaccountCode -->
    <loc xlink:type="locator" xlink:href="gl-cor-2020-12-31.xsd#gl-cor_segmentParentTuple" xlink:label="gl-cor_segmentParentTuple" xlink:title="presentation parent: segmentParentTuple"/>
    <loc xlink:type="locator" xlink:href="gl-cor-2020-12-31.xsd#gl-cor_parentSubaccountCode" xlink:label="gl-cor_parentSubaccountCode" xlink:title="presentation child: parentSubaccountCode"/>
    <presentationArc xlink:type="arc" xlink:arcrole="http://www.xbrl.org/2003/arcrole/parent-child" xlink:from="gl-cor_segmentParentTuple" xlink:to="gl-cor_parentSubaccountCode" xlink:title="presentation: segmentParentTuple to parentSubaccountCode" use="optional" order="410"/>
    <!-- parentSubaccountType -->
    <loc xlink:type="locator" xlink:href="gl-cor-2020-12-31.xsd#gl-cor_parentSubaccountType" xlink:label="gl-cor_parentSubaccountType" xlink:title="presentation child: parentSubaccountType"/>
    <presentationArc xlink:type="arc" xlink:arcrole="http://www.xbrl.org/2003/arcrole/parent-child" xlink:from="gl-cor_segmentParentTuple" xlink:to="gl-cor_parentSubaccountType" xlink:title="presentation: segmentParentTuple to parentSubaccountType" use="optional" order="411"/>
    <!-- reportingTreeIdentifier -->
    <loc xlink:type="locator" xlink:href="gl-cor-2020-12-31.xsd#gl-cor_reportingTreeIdentifier" xlink:label="gl-cor_reportingTreeIdentifier" xlink:title="presentation child: reportingTreeIdentifier"/>
    <presentationArc xlink:type="arc" xlink:arcrole="http://www.xbrl.org/2003/arcrole/parent-child" xlink:from="gl-cor_segmentParentTuple" xlink:to="gl-cor_reportingTreeIdentifier" xlink:title="presentation: segmentParentTuple to reportingTreeIdentifier" use="optional" order="412"/>
    <!-- parentSubaccountProportion -->
    <loc xlink:type="locator" xlink:href="gl-cor-2020-12-31.xsd#gl-cor_parentSubaccountProportion" xlink:label="gl-cor_parentSubaccountProportion" xlink:title="presentation child: parentSubaccountProportion"/>
    <presentationArc xlink:type="arc" xlink:arcrole="http://www.xbrl.org/2003/arcrole/parent-child" xlink:from="gl-cor_segmentParentTuple" xlink:to="gl-cor_parentSubaccountProportion" xlink:title="presentation: segmentParentTuple to parentSubaccountProportion" use="optional" order="413"/>
    <!-- accountActive -->
    <loc xlink:type="locator" xlink:href="gl-cor-2020-12-31.xsd#gl-cor_accountActive" xlink:label="gl-cor_accountActive" xlink:title="presentation child: accountActive"/>
    <presentationArc xlink:type="arc" xlink:arcrole="http://www.xbrl.org/2003/arcrole/parent-child" xlink:from="gl-cor_account" xlink:to="gl-cor_accountActive" xlink:title="presentation: account to accountActive" use="optional" order="414"/>
    <!-- amount -->
    <loc xlink:type="locator" xlink:href="gl-cor-2020-12-31.xsd#gl-cor_amount" xlink:label="gl-cor_amount" xlink:title="presentation child: amount"/>
    <presentationArc xlink:type="arc" xlink:arcrole="http://www.xbrl.org/2003/arcrole/parent-child" xlink:from="gl-cor_entryDetail" xlink:to="gl-cor_amount" xlink:title="presentation: entryDetail to amount" use="optional" order="415"/>
    <!-- signOfAmount -->
    <loc xlink:type="locator" xlink:href="gl-cor-2020-12-31.xsd#gl-cor_signOfAmount" xlink:label="gl-cor_signOfAmount" xlink:title="presentation child: signOfAmount"/>
    <presentationArc xlink:type="arc" xlink:arcrole="http://www.xbrl.org/2003/arcrole/parent-child" xlink:from="gl-cor_entryDetail" xlink:to="gl-cor_signOfAmount" xlink:title="presentation: entryDetail to signOfAmount" use="optional" order="431"/>
    <!-- debitCreditCode -->
    <loc xlink:type="locator" xlink:href="gl-cor-2020-12-31.xsd#gl-cor_debitCreditCode" xlink:label="gl-cor_debitCreditCode" xlink:title="presentation child: debitCreditCode"/>
    <presentationArc xlink:type="arc" xlink:arcrole="http://www.xbrl.org/2003/arcrole/parent-child" xlink:from="gl-cor_entryDetail" xlink:to="gl-cor_debitCreditCode" xlink:title="presentation: entryDetail to debitCreditCode" use="optional" order="432"/>
    <!-- postingDate -->
    <loc xlink:type="locator" xlink:href="gl-cor-2020-12-31.xsd#gl-cor_postingDate" xlink:label="gl-cor_postingDate" xlink:title="presentation child: postingDate"/>
    <presentationArc xlink:type="arc" xlink:arcrole="http://www.xbrl.org/2003/arcrole/parent-child" xlink:from="gl-cor_entryDetail" xlink:to="gl-cor_postingDate" xlink:title="presentation: entryDetail to postingDate" use="optional" order="433"/>
    <!-- documentType -->
    <loc xlink:type="locator" xlink:href="gl-cor-2020-12-31.xsd#gl-cor_documentType" xlink:label="gl-cor_documentType" xlink:title="presentation child: documentType"/>
    <presentationArc xlink:type="arc" xlink:arcrole="http://www.xbrl.org/2003/arcrole/parent-child" xlink:from="gl-cor_entryDetail" xlink:to="gl-cor_documentType" xlink:title="presentation: entryDetail to documentType" use="optional" order="480"/>
    <!-- documentTypeDescription -->
    <loc xlink:type="locator" xlink:href="gl-cor-2020-12-31.xsd#gl-cor_documentTypeDescription" xlink:label="gl-cor_documentTypeDescription" xlink:title="presentation child: documentTypeDescription"/>
    <presentationArc xlink:type="arc" xlink:arcrole="http://www.xbrl.org/2003/arcrole/parent-child" xlink:from="gl-cor_entryDetail" xlink:to="gl-cor_documentTypeDescription" xlink:title="presentation: entryDetail to documentTypeDescription" use="optional" order="481"/>
    <!-- invoiceType -->
    <loc xlink:type="locator" xlink:href="gl-cor-2020-12-31.xsd#gl-cor_invoiceType" xlink:label="gl-cor_invoiceType" xlink:title="presentation child: invoiceType"/>
    <presentationArc xlink:type="arc" xlink:arcrole="http://www.xbrl.org/2003/arcrole/parent-child" xlink:from="gl-cor_entryDetail" xlink:to="gl-cor_invoiceType" xlink:title="presentation: entryDetail to invoiceType" use="optional" order="482"/>
    <!-- documentNumber -->
    <loc xlink:type="locator" xlink:href="gl-cor-2020-12-31.xsd#gl-cor_documentNumber" xlink:label="gl-cor_documentNumber" xlink:title="presentation child: documentNumber"/>
    <presentationArc xlink:type="arc" xlink:arcrole="http://www.xbrl.org/2003/arcrole/parent-child" xlink:from="gl-cor_entryDetail" xlink:to="gl-cor_documentNumber" xlink:title="presentation: entryDetail to documentNumber" use="optional" order="483"/>
    <!-- documentApplyToNumber -->
    <loc xlink:type="locator" xlink:href="gl-cor-2020-12-31.xsd#gl-cor_documentApplyToNumber" xlink:label="gl-cor_documentApplyToNumber" xlink:title="presentation child: documentApplyToNumber"/>
    <presentationArc xlink:type="arc" xlink:arcrole="http://www.xbrl.org/2003/arcrole/parent-child" xlink:from="gl-cor_entryDetail" xlink:to="gl-cor_documentApplyToNumber" xlink:title="presentation: entryDetail to documentApplyToNumber" use="optional" order="484"/>
    <!-- documentReference -->
    <loc xlink:type="locator" xlink:href="gl-cor-2020-12-31.xsd#gl-cor_documentReference" xlink:label="gl-cor_documentReference" xlink:title="presentation child: documentReference"/>
    <presentationArc xlink:type="arc" xlink:arcrole="http://www.xbrl.org/2003/arcrole/parent-child" xlink:from="gl-cor_entryDetail" xlink:to="gl-cor_documentReference" xlink:title="presentation: entryDetail to documentReference" use="optional" order="485"/>
    <!-- documentDate -->
    <loc xlink:type="locator" xlink:href="gl-cor-2020-12-31.xsd#gl-cor_documentDate" xlink:label="gl-cor_documentDate" xlink:title="presentation child: documentDate"/>
    <presentationArc xlink:type="arc" xlink:arcrole="http://www.xbrl.org/2003/arcrole/parent-child" xlink:from="gl-cor_entryDetail" xlink:to="gl-cor_documentDate" xlink:title="presentation: entryDetail to documentDate" use="optional" order="486"/>
    <!-- postingStatus -->
    <loc xlink:type="locator" xlink:href="gl-cor-2020-12-31.xsd#gl-cor_postingStatus" xlink:label="gl-cor_postingStatus" xlink:title="presentation child: postingStatus"/>
    <presentationArc xlink:type="arc" xlink:arcrole="http://www.xbrl.org/2003/arcrole/parent-child" xlink:from="gl-cor_entryDetail" xlink:to="gl-cor_postingStatus" xlink:title="presentation: entryDetail to postingStatus" use="optional" order="491"/>
    <!-- postingStatusDescription -->
    <loc xlink:type="locator" xlink:href="gl-cor-2020-12-31.xsd#gl-cor_postingStatusDescription" xlink:label="gl-cor_postingStatusDescription" xlink:title="presentation child: postingStatusDescription"/>
    <presentationArc xlink:type="arc" xlink:arcrole="http://www.xbrl.org/2003/arcrole/parent-child" xlink:from="gl-cor_entryDetail" xlink:to="gl-cor_postingStatusDescription" xlink:title="presentation: entryDetail to postingStatusDescription" use="optional" order="492"/>
    <!-- xbrlInfo -->
    <loc xlink:type="locator" xlink:href="gl-cor-2020-12-31.xsd#gl-cor_xbrlInfo" xlink:label="gl-cor_xbrlInfo" xlink:title="presentation child: xbrlInfo"/>
    <presentationArc xlink:type="arc" xlink:arcrole="http://www.xbrl.org/2003/arcrole/parent-child" xlink:from="gl-cor_entryDetail" xlink:to="gl-cor_xbrlInfo" xlink:title="presentation: entryDetail to xbrlInfo" use="optional" order="493"/>
    <!-- xbrlInclude -->
    <loc xlink:type="locator" xlink:href="gl-cor-2020-12-31.xsd#gl-cor_xbrlInfo" xlink:label="gl-cor_xbrlInfo" xlink:title="presentation parent: xbrlInfo"/>
    <loc xlink:type="locator" xlink:href="gl-cor-2020-12-31.xsd#gl-cor_xbrlInclude" xlink:label="gl-cor_xbrlInclude" xlink:title="presentation child: xbrlInclude"/>
    <presentationArc xlink:type="arc" xlink:arcrole="http://www.xbrl.org/2003/arcrole/parent-child" xlink:from="gl-cor_xbrlInfo" xlink:to="gl-cor_xbrlInclude" xlink:title="presentation: xbrlInfo to xbrlInclude" use="optional" order="494"/>
    <!-- summaryReportingElement -->
    <loc xlink:type="locator" xlink:href="gl-cor-2020-12-31.xsd#gl-cor_summaryReportingElement" xlink:label="gl-cor_summaryReportingElement" xlink:title="presentation child: summaryReportingElement"/>
    <presentationArc xlink:type="arc" xlink:arcrole="http://www.xbrl.org/2003/arcrole/parent-child" xlink:from="gl-cor_xbrlInfo" xlink:to="gl-cor_summaryReportingElement" xlink:title="presentation: xbrlInfo to summaryReportingElement" use="optional" order="495"/>
    <!-- detailMatchingElement -->
    <loc xlink:type="locator" xlink:href="gl-cor-2020-12-31.xsd#gl-cor_detailMatchingElement" xlink:label="gl-cor_detailMatchingElement" xlink:title="presentation child: detailMatchingElement"/>
    <presentationArc xlink:type="arc" xlink:arcrole="http://www.xbrl.org/2003/arcrole/parent-child" xlink:from="gl-cor_xbrlInfo" xlink:to="gl-cor_detailMatchingElement" xlink:title="presentation: xbrlInfo to detailMatchingElement" use="optional" order="496"/>
    <!-- detailComment -->
    <loc xlink:type="locator" xlink:href="gl-cor-2020-12-31.xsd#gl-cor_detailComment" xlink:label="gl-cor_detailComment" xlink:title="presentation child: detailComment"/>
    <presentationArc xlink:type="arc" xlink:arcrole="http://www.xbrl.org/2003/arcrole/parent-child" xlink:from="gl-cor_entryDetail" xlink:to="gl-cor_detailComment" xlink:title="presentation: entryDetail to detailComment" use="optional" order="540"/>
    <!-- dateAcknowledged -->
    <loc xlink:type="locator" xlink:href="gl-cor-2020-12-31.xsd#gl-cor_dateAcknowledged" xlink:label="gl-cor_dateAcknowledged" xlink:title="presentation child: dateAcknowledged"/>
    <presentationArc xlink:type="arc" xlink:arcrole="http://www.xbrl.org/2003/arcrole/parent-child" xlink:from="gl-cor_entryDetail" xlink:to="gl-cor_dateAcknowledged" xlink:title="presentation: entryDetail to dateAcknowledged" use="optional" order="541"/>
    <!-- confirmedDate -->
    <loc xlink:type="locator" xlink:href="gl-cor-2020-12-31.xsd#gl-cor_confirmedDate" xlink:label="gl-cor_confirmedDate" xlink:title="presentation child: confirmedDate"/>
    <presentationArc xlink:type="arc" xlink:arcrole="http://www.xbrl.org/2003/arcrole/parent-child" xlink:from="gl-cor_entryDetail" xlink:to="gl-cor_confirmedDate" xlink:title="presentation: entryDetail to confirmedDate" use="optional" order="542"/>
    <!-- shipFrom -->
    <loc xlink:type="locator" xlink:href="gl-cor-2020-12-31.xsd#gl-cor_shipFrom" xlink:label="gl-cor_shipFrom" xlink:title="presentation child: shipFrom"/>
    <presentationArc xlink:type="arc" xlink:arcrole="http://www.xbrl.org/2003/arcrole/parent-child" xlink:from="gl-cor_entryDetail" xlink:to="gl-cor_shipFrom" xlink:title="presentation: entryDetail to shipFrom" use="optional" order="543"/>
    <!-- shipReceivedDate -->
    <loc xlink:type="locator" xlink:href="gl-cor-2020-12-31.xsd#gl-cor_shipReceivedDate" xlink:label="gl-cor_shipReceivedDate" xlink:title="presentation child: shipReceivedDate"/>
    <presentationArc xlink:type="arc" xlink:arcrole="http://www.xbrl.org/2003/arcrole/parent-child" xlink:from="gl-cor_entryDetail" xlink:to="gl-cor_shipReceivedDate" xlink:title="presentation: entryDetail to shipReceivedDate" use="optional" order="544"/>
    <!-- maturityDate -->
    <loc xlink:type="locator" xlink:href="gl-cor-2020-12-31.xsd#gl-cor_maturityDate" xlink:label="gl-cor_maturityDate" xlink:title="presentation child: maturityDate"/>
    <presentationArc xlink:type="arc" xlink:arcrole="http://www.xbrl.org/2003/arcrole/parent-child" xlink:from="gl-cor_entryDetail" xlink:to="gl-cor_maturityDate" xlink:title="presentation: entryDetail to maturityDate" use="optional" order="545"/>
    <!-- terms -->
    <loc xlink:type="locator" xlink:href="gl-cor-2020-12-31.xsd#gl-cor_terms" xlink:label="gl-cor_terms" xlink:title="presentation child: terms"/>
    <presentationArc xlink:type="arc" xlink:arcrole="http://www.xbrl.org/2003/arcrole/parent-child" xlink:from="gl-cor_entryDetail" xlink:to="gl-cor_terms" xlink:title="presentation: entryDetail to terms" use="optional" order="546"/>
    <!-- taxes -->
    <loc xlink:type="locator" xlink:href="gl-cor-2020-12-31.xsd#gl-cor_taxes" xlink:label="gl-cor_taxes" xlink:title="presentation child: taxes"/>
    <presentationArc xlink:type="arc" xlink:arcrole="http://www.xbrl.org/2003/arcrole/parent-child" xlink:from="gl-cor_entryDetail" xlink:to="gl-cor_taxes" xlink:title="presentation: entryDetail to taxes" use="optional" order="621"/>
    <!-- taxAuthority -->
    <loc xlink:type="locator" xlink:href="gl-cor-2020-12-31.xsd#gl-cor_taxes" xlink:label="gl-cor_taxes" xlink:title="presentation parent: taxes"/>
    <loc xlink:type="locator" xlink:href="gl-cor-2020-12-31.xsd#gl-cor_taxAuthority" xlink:label="gl-cor_taxAuthority" xlink:title="presentation child: taxAuthority"/>
    <presentationArc xlink:type="arc" xlink:arcrole="http://www.xbrl.org/2003/arcrole/parent-child" xlink:from="gl-cor_taxes" xlink:to="gl-cor_taxAuthority" xlink:title="presentation: taxes to taxAuthority" use="optional" order="622"/>
    <!-- taxTableCode -->
    <loc xlink:type="locator" xlink:href="gl-cor-2020-12-31.xsd#gl-cor_taxTableCode" xlink:label="gl-cor_taxTableCode" xlink:title="presentation child: taxTableCode"/>
    <presentationArc xlink:type="arc" xlink:arcrole="http://www.xbrl.org/2003/arcrole/parent-child" xlink:from="gl-cor_taxes" xlink:to="gl-cor_taxTableCode" xlink:title="presentation: taxes to taxTableCode" use="optional" order="623"/>
    <!-- taxDescription -->
    <loc xlink:type="locator" xlink:href="gl-cor-2020-12-31.xsd#gl-cor_taxDescription" xlink:label="gl-cor_taxDescription" xlink:title="presentation child: taxDescription"/>
    <presentationArc xlink:type="arc" xlink:arcrole="http://www.xbrl.org/2003/arcrole/parent-child" xlink:from="gl-cor_taxes" xlink:to="gl-cor_taxDescription" xlink:title="presentation: taxes to taxDescription" use="optional" order="624"/>
    <!-- taxAmount -->
    <loc xlink:type="locator" xlink:href="gl-cor-2020-12-31.xsd#gl-cor_taxAmount" xlink:label="gl-cor_taxAmount" xlink:title="presentation child: taxAmount"/>
    <presentationArc xlink:type="arc" xlink:arcrole="http://www.xbrl.org/2003/arcrole/parent-child" xlink:from="gl-cor_taxes" xlink:to="gl-cor_taxAmount" xlink:title="presentation: taxes to taxAmount" use="optional" order="625"/>
    <!-- taxBasis -->
    <loc xlink:type="locator" xlink:href="gl-cor-2020-12-31.xsd#gl-cor_taxBasis" xlink:label="gl-cor_taxBasis" xlink:title="presentation child: taxBasis"/>
    <presentationArc xlink:type="arc" xlink:arcrole="http://www.xbrl.org/2003/arcrole/parent-child" xlink:from="gl-cor_taxes" xlink:to="gl-cor_taxBasis" xlink:title="presentation: taxes to taxBasis" use="optional" order="626"/>
    <!-- taxExchangeRate -->
    <loc xlink:type="locator" xlink:href="gl-cor-2020-12-31.xsd#gl-cor_taxExchangeRate" xlink:label="gl-cor_taxExchangeRate" xlink:title="presentation child: taxExchangeRate"/>
    <presentationArc xlink:type="arc" xlink:arcrole="http://www.xbrl.org/2003/arcrole/parent-child" xlink:from="gl-cor_taxes" xlink:to="gl-cor_taxExchangeRate" xlink:title="presentation: taxes to taxExchangeRate" use="optional" order="627"/>
    <!-- taxPercentageRate -->
    <loc xlink:type="locator" xlink:href="gl-cor-2020-12-31.xsd#gl-cor_taxPercentageRate" xlink:label="gl-cor_taxPercentageRate" xlink:title="presentation child: taxPercentageRate"/>
    <presentationArc xlink:type="arc" xlink:arcrole="http://www.xbrl.org/2003/arcrole/parent-child" xlink:from="gl-cor_taxes" xlink:to="gl-cor_taxPercentageRate" xlink:title="presentation: taxes to taxPercentageRate" use="optional" order="628"/>
    <!-- taxCode -->
    <loc xlink:type="locator" xlink:href="gl-cor-2020-12-31.xsd#gl-cor_taxCode" xlink:label="gl-cor_taxCode" xlink:title="presentation child: taxCode"/>
    <presentationArc xlink:type="arc" xlink:arcrole="http://www.xbrl.org/2003/arcrole/parent-child" xlink:from="gl-cor_taxes" xlink:to="gl-cor_taxCode" xlink:title="presentation: taxes to taxCode" use="optional" order="629"/>
    <!-- taxCommentExemption -->
    <loc xlink:type="locator" xlink:href="gl-cor-2020-12-31.xsd#gl-cor_taxCommentExemption" xlink:label="gl-cor_taxCommentExemption" xlink:title="presentation child: taxCommentExemption"/>
    <presentationArc xlink:type="arc" xlink:arcrole="http://www.xbrl.org/2003/arcrole/parent-child" xlink:from="gl-cor_taxes" xlink:to="gl-cor_taxCommentExemption" xlink:title="presentation: taxes to taxCommentExemption" use="optional" order="630"/>
  </presentationLink>
</linkbase>
