<?xml version="1.0" encoding="UTF-8"?>
<link:linkbase xmlns:xsi="http://www.w3.org/2001/XMLSchema-instance"  xmlns:link="http://www.xbrl.org/2003/linkbase" xmlns:xlink="http://www.w3.org/1999/xlink"  xsi:schemaLocation="http://www.xbrl.org/2003/linkbase http://www.xbrl.org/2003/xbrl-linkbase-2003-12-31.xsd">  <link:labelLink xlink:type="extended" xlink:role="http://www.xbrl.org/2003/role/link">
    <!-- usk-1 gl-usk:reversingStdId -->
    <link:loc xlink:type="locator" xlink:href="gl-usk-2020-12-31.xsd#gl-usk_reversingStdId" xlink:label="gl-usk_reversingStdId_4172117f4cca5e11492c3a1ab010841e"/>
    <link:labelArc xlink:type="arc" xlink:arcrole="http://www.xbrl.org/2003/arcrole/concept-label" xlink:from="gl-usk_reversingStdId_4172117f4cca5e11492c3a1ab010841e" xlink:to="lbl_usk-1-en_4172117f4cca5e11492c3a1ab010841e"/>
    <link:label xlink:type="resource" xlink:label="lbl_usk-1-en_4172117f4cca5e11492c3a1ab010841e" xlink:role="http://www.xbrl.org/2003/role/label" xml:lang="en">ID for Reversing, Standard or Master Entry</link:label>
    <link:label xlink:type="resource" xlink:label="lbl_usk-1-en_4172117f4cca5e11492c3a1ab010841e" xlink:role="http://www.xbrl.org/2003/role/documentation" xml:lang="en">For standard, reversing, master, cancelling or other entries an ID associated with those entries.</link:label>
    <!-- usk-2 gl-usk:recurringStdDescription -->
    <link:loc xlink:type="locator" xlink:href="gl-usk-2020-12-31.xsd#gl-usk_recurringStdDescription" xlink:label="gl-usk_recurringStdDescription_4172117f4cca5e11492c3a1ab010841e"/>
    <link:labelArc xlink:type="arc" xlink:arcrole="http://www.xbrl.org/2003/arcrole/concept-label" xlink:from="gl-usk_recurringStdDescription_4172117f4cca5e11492c3a1ab010841e" xlink:to="lbl_usk-2-en_4172117f4cca5e11492c3a1ab010841e"/>
    <link:label xlink:type="resource" xlink:label="lbl_usk-2-en_4172117f4cca5e11492c3a1ab010841e" xlink:role="http://www.xbrl.org/2003/role/label" xml:lang="en">Recurring Standard Description</link:label>
    <link:label xlink:type="resource" xlink:label="lbl_usk-2-en_4172117f4cca5e11492c3a1ab010841e" xlink:role="http://www.xbrl.org/2003/role/documentation" xml:lang="en">Description to accompany standard or recurring ID</link:label>
    <!-- usk-3 gl-usk:frequencyInterval -->
    <link:loc xlink:type="locator" xlink:href="gl-usk-2020-12-31.xsd#gl-usk_frequencyInterval" xlink:label="gl-usk_frequencyInterval_4172117f4cca5e11492c3a1ab010841e"/>
    <link:labelArc xlink:type="arc" xlink:arcrole="http://www.xbrl.org/2003/arcrole/concept-label" xlink:from="gl-usk_frequencyInterval_4172117f4cca5e11492c3a1ab010841e" xlink:to="lbl_usk-3-en_4172117f4cca5e11492c3a1ab010841e"/>
    <link:label xlink:type="resource" xlink:label="lbl_usk-3-en_4172117f4cca5e11492c3a1ab010841e" xlink:role="http://www.xbrl.org/2003/role/label" xml:lang="en">Frequency Interval</link:label>
    <link:label xlink:type="resource" xlink:label="lbl_usk-3-en_4172117f4cca5e11492c3a1ab010841e" xlink:role="http://www.xbrl.org/2003/role/documentation" xml:lang="en">For standard or recurring journals, how often entry may be made: every frequencyInterval frequencyUnit, such as every 7 (interval) days (unit) or every 1 (interval) quarter (unit). This field represents the interval.\n</link:label>
    <!-- usk-4 gl-usk:frequencyUnit -->
    <link:loc xlink:type="locator" xlink:href="gl-usk-2020-12-31.xsd#gl-usk_frequencyUnit" xlink:label="gl-usk_frequencyUnit_4172117f4cca5e11492c3a1ab010841e"/>
    <link:labelArc xlink:type="arc" xlink:arcrole="http://www.xbrl.org/2003/arcrole/concept-label" xlink:from="gl-usk_frequencyUnit_4172117f4cca5e11492c3a1ab010841e" xlink:to="lbl_usk-4-en_4172117f4cca5e11492c3a1ab010841e"/>
    <link:label xlink:type="resource" xlink:label="lbl_usk-4-en_4172117f4cca5e11492c3a1ab010841e" xlink:role="http://www.xbrl.org/2003/role/label" xml:lang="en">Frequency Unit</link:label>
    <link:label xlink:type="resource" xlink:label="lbl_usk-4-en_4172117f4cca5e11492c3a1ab010841e" xlink:role="http://www.xbrl.org/2003/role/documentation" xml:lang="en">For standard or recurring journals, how often entry may be made: every frequencyInterval frequencyUnit, such as every 7 (interval) days (unit) or every 1 (interval) quarter (unit). This field represents the unit.\n</link:label>
    <!-- usk-5 gl-usk:repetitionsRemaining -->
    <link:loc xlink:type="locator" xlink:href="gl-usk-2020-12-31.xsd#gl-usk_repetitionsRemaining" xlink:label="gl-usk_repetitionsRemaining_4172117f4cca5e11492c3a1ab010841e"/>
    <link:labelArc xlink:type="arc" xlink:arcrole="http://www.xbrl.org/2003/arcrole/concept-label" xlink:from="gl-usk_repetitionsRemaining_4172117f4cca5e11492c3a1ab010841e" xlink:to="lbl_usk-5-en_4172117f4cca5e11492c3a1ab010841e"/>
    <link:label xlink:type="resource" xlink:label="lbl_usk-5-en_4172117f4cca5e11492c3a1ab010841e" xlink:role="http://www.xbrl.org/2003/role/label" xml:lang="en">Repetitions Remaining</link:label>
    <link:label xlink:type="resource" xlink:label="lbl_usk-5-en_4172117f4cca5e11492c3a1ab010841e" xlink:role="http://www.xbrl.org/2003/role/documentation" xml:lang="en">Number of times that the recurring entry will repeat</link:label>
    <!-- usk-6 gl-usk:nextDateRepeat -->
    <link:loc xlink:type="locator" xlink:href="gl-usk-2020-12-31.xsd#gl-usk_nextDateRepeat" xlink:label="gl-usk_nextDateRepeat_4172117f4cca5e11492c3a1ab010841e"/>
    <link:labelArc xlink:type="arc" xlink:arcrole="http://www.xbrl.org/2003/arcrole/concept-label" xlink:from="gl-usk_nextDateRepeat_4172117f4cca5e11492c3a1ab010841e" xlink:to="lbl_usk-6-en_4172117f4cca5e11492c3a1ab010841e"/>
    <link:label xlink:type="resource" xlink:label="lbl_usk-6-en_4172117f4cca5e11492c3a1ab010841e" xlink:role="http://www.xbrl.org/2003/role/label" xml:lang="en">Next Date Repeat</link:label>
    <link:label xlink:type="resource" xlink:label="lbl_usk-6-en_4172117f4cca5e11492c3a1ab010841e" xlink:role="http://www.xbrl.org/2003/role/documentation" xml:lang="en">Date next repeated or standard posted</link:label>
    <!-- usk-7 gl-usk:lastDateRepeat -->
    <link:loc xlink:type="locator" xlink:href="gl-usk-2020-12-31.xsd#gl-usk_lastDateRepeat" xlink:label="gl-usk_lastDateRepeat_4172117f4cca5e11492c3a1ab010841e"/>
    <link:labelArc xlink:type="arc" xlink:arcrole="http://www.xbrl.org/2003/arcrole/concept-label" xlink:from="gl-usk_lastDateRepeat_4172117f4cca5e11492c3a1ab010841e" xlink:to="lbl_usk-7-en_4172117f4cca5e11492c3a1ab010841e"/>
    <link:label xlink:type="resource" xlink:label="lbl_usk-7-en_4172117f4cca5e11492c3a1ab010841e" xlink:role="http://www.xbrl.org/2003/role/label" xml:lang="en">Last Date Repeat</link:label>
    <link:label xlink:type="resource" xlink:label="lbl_usk-7-en_4172117f4cca5e11492c3a1ab010841e" xlink:role="http://www.xbrl.org/2003/role/documentation" xml:lang="en">Date last repeated or standard posted</link:label>
    <!-- usk-8 gl-usk:endDateRepeatingEntry -->
    <link:loc xlink:type="locator" xlink:href="gl-usk-2020-12-31.xsd#gl-usk_endDateRepeatingEntry" xlink:label="gl-usk_endDateRepeatingEntry_4172117f4cca5e11492c3a1ab010841e"/>
    <link:labelArc xlink:type="arc" xlink:arcrole="http://www.xbrl.org/2003/arcrole/concept-label" xlink:from="gl-usk_endDateRepeatingEntry_4172117f4cca5e11492c3a1ab010841e" xlink:to="lbl_usk-8-en_4172117f4cca5e11492c3a1ab010841e"/>
    <link:label xlink:type="resource" xlink:label="lbl_usk-8-en_4172117f4cca5e11492c3a1ab010841e" xlink:role="http://www.xbrl.org/2003/role/label" xml:lang="en">End Date of Repeating Entry</link:label>
    <link:label xlink:type="resource" xlink:label="lbl_usk-8-en_4172117f4cca5e11492c3a1ab010841e" xlink:role="http://www.xbrl.org/2003/role/documentation" xml:lang="en">For standard or recurring journals, stop date/time for repetitive entry.</link:label>
    <!-- usk-9 gl-usk:reverse -->
    <link:loc xlink:type="locator" xlink:href="gl-usk-2020-12-31.xsd#gl-usk_reverse" xlink:label="gl-usk_reverse_4172117f4cca5e11492c3a1ab010841e"/>
    <link:labelArc xlink:type="arc" xlink:arcrole="http://www.xbrl.org/2003/arcrole/concept-label" xlink:from="gl-usk_reverse_4172117f4cca5e11492c3a1ab010841e" xlink:to="lbl_usk-9-en_4172117f4cca5e11492c3a1ab010841e"/>
    <link:label xlink:type="resource" xlink:label="lbl_usk-9-en_4172117f4cca5e11492c3a1ab010841e" xlink:role="http://www.xbrl.org/2003/role/label" xml:lang="en">Reverse</link:label>
    <link:label xlink:type="resource" xlink:label="lbl_usk-9-en_4172117f4cca5e11492c3a1ab010841e" xlink:role="http://www.xbrl.org/2003/role/documentation" xml:lang="en">Should entry be reversed?</link:label>
    <!-- usk-10 gl-usk:reversingDate -->
    <link:loc xlink:type="locator" xlink:href="gl-usk-2020-12-31.xsd#gl-usk_reversingDate" xlink:label="gl-usk_reversingDate_4172117f4cca5e11492c3a1ab010841e"/>
    <link:labelArc xlink:type="arc" xlink:arcrole="http://www.xbrl.org/2003/arcrole/concept-label" xlink:from="gl-usk_reversingDate_4172117f4cca5e11492c3a1ab010841e" xlink:to="lbl_usk-10-en_4172117f4cca5e11492c3a1ab010841e"/>
    <link:label xlink:type="resource" xlink:label="lbl_usk-10-en_4172117f4cca5e11492c3a1ab010841e" xlink:role="http://www.xbrl.org/2003/role/label" xml:lang="en">Reversing Date</link:label>
    <link:label xlink:type="resource" xlink:label="lbl_usk-10-en_4172117f4cca5e11492c3a1ab010841e" xlink:role="http://www.xbrl.org/2003/role/documentation" xml:lang="en">Date this entry should be reversed</link:label>
    <!-- usk-11 gl-usk:jobCode -->
    <link:loc xlink:type="locator" xlink:href="gl-usk-2020-12-31.xsd#gl-usk_jobCode" xlink:label="gl-usk_jobCode_4172117f4cca5e11492c3a1ab010841e"/>
    <link:labelArc xlink:type="arc" xlink:arcrole="http://www.xbrl.org/2003/arcrole/concept-label" xlink:from="gl-usk_jobCode_4172117f4cca5e11492c3a1ab010841e" xlink:to="lbl_usk-11-en_4172117f4cca5e11492c3a1ab010841e"/>
    <link:label xlink:type="resource" xlink:label="lbl_usk-11-en_4172117f4cca5e11492c3a1ab010841e" xlink:role="http://www.xbrl.org/2003/role/label" xml:lang="en">Job Identifier</link:label>
    <link:label xlink:type="resource" xlink:label="lbl_usk-11-en_4172117f4cca5e11492c3a1ab010841e" xlink:role="http://www.xbrl.org/2003/role/documentation" xml:lang="en">Associated job number or code. This could be built into the account, but many systems maintain a separate job coding system. Use primarily if job identification is a separate system, and not considered part of the chart of accounts.</link:label>
    <!-- usk-12 gl-usk:jobDescription -->
    <link:loc xlink:type="locator" xlink:href="gl-usk-2020-12-31.xsd#gl-usk_jobDescription" xlink:label="gl-usk_jobDescription_4172117f4cca5e11492c3a1ab010841e"/>
    <link:labelArc xlink:type="arc" xlink:arcrole="http://www.xbrl.org/2003/arcrole/concept-label" xlink:from="gl-usk_jobDescription_4172117f4cca5e11492c3a1ab010841e" xlink:to="lbl_usk-12-en_4172117f4cca5e11492c3a1ab010841e"/>
    <link:label xlink:type="resource" xlink:label="lbl_usk-12-en_4172117f4cca5e11492c3a1ab010841e" xlink:role="http://www.xbrl.org/2003/role/label" xml:lang="en">Job Description</link:label>
    <link:label xlink:type="resource" xlink:label="lbl_usk-12-en_4172117f4cca5e11492c3a1ab010841e" xlink:role="http://www.xbrl.org/2003/role/documentation" xml:lang="en">Description of job</link:label>
    <!-- usk-13 gl-usk:jobPhaseCode -->
    <link:loc xlink:type="locator" xlink:href="gl-usk-2020-12-31.xsd#gl-usk_jobPhaseCode" xlink:label="gl-usk_jobPhaseCode_4172117f4cca5e11492c3a1ab010841e"/>
    <link:labelArc xlink:type="arc" xlink:arcrole="http://www.xbrl.org/2003/arcrole/concept-label" xlink:from="gl-usk_jobPhaseCode_4172117f4cca5e11492c3a1ab010841e" xlink:to="lbl_usk-13-en_4172117f4cca5e11492c3a1ab010841e"/>
    <link:label xlink:type="resource" xlink:label="lbl_usk-13-en_4172117f4cca5e11492c3a1ab010841e" xlink:role="http://www.xbrl.org/2003/role/label" xml:lang="en">Job Phase</link:label>
    <link:label xlink:type="resource" xlink:label="lbl_usk-13-en_4172117f4cca5e11492c3a1ab010841e" xlink:role="http://www.xbrl.org/2003/role/documentation" xml:lang="en">Job code, phase, activity. Allows greater granularity than a simple job number. Although the core only reaches down from job to phases, this can be customized to extend down to cost codes.</link:label>
    <!-- usk-14 gl-usk:jobPhaseDescription -->
    <link:loc xlink:type="locator" xlink:href="gl-usk-2020-12-31.xsd#gl-usk_jobPhaseDescription" xlink:label="gl-usk_jobPhaseDescription_4172117f4cca5e11492c3a1ab010841e"/>
    <link:labelArc xlink:type="arc" xlink:arcrole="http://www.xbrl.org/2003/arcrole/concept-label" xlink:from="gl-usk_jobPhaseDescription_4172117f4cca5e11492c3a1ab010841e" xlink:to="lbl_usk-14-en_4172117f4cca5e11492c3a1ab010841e"/>
    <link:label xlink:type="resource" xlink:label="lbl_usk-14-en_4172117f4cca5e11492c3a1ab010841e" xlink:role="http://www.xbrl.org/2003/role/label" xml:lang="en">Job Phase Description</link:label>
    <link:label xlink:type="resource" xlink:label="lbl_usk-14-en_4172117f4cca5e11492c3a1ab010841e" xlink:role="http://www.xbrl.org/2003/role/documentation" xml:lang="en">Description of Job code, phase, activity</link:label>
    <!-- usk-15 gl-usk:jobActive -->
    <link:loc xlink:type="locator" xlink:href="gl-usk-2020-12-31.xsd#gl-usk_jobActive" xlink:label="gl-usk_jobActive_4172117f4cca5e11492c3a1ab010841e"/>
    <link:labelArc xlink:type="arc" xlink:arcrole="http://www.xbrl.org/2003/arcrole/concept-label" xlink:from="gl-usk_jobActive_4172117f4cca5e11492c3a1ab010841e" xlink:to="lbl_usk-15-en_4172117f4cca5e11492c3a1ab010841e"/>
    <link:label xlink:type="resource" xlink:label="lbl_usk-15-en_4172117f4cca5e11492c3a1ab010841e" xlink:role="http://www.xbrl.org/2003/role/label" xml:lang="en">Job Active</link:label>
    <link:label xlink:type="resource" xlink:label="lbl_usk-15-en_4172117f4cca5e11492c3a1ab010841e" xlink:role="http://www.xbrl.org/2003/role/documentation" xml:lang="en">Boolean to indicate whether the job is active (="true") or inactive (="false")</link:label>
 </link:labelLink>
</link:linkbase>