<?xml version="1.0" encoding="UTF-8"?>
<!-- (c) XBRL Japan -->
<linkbase xmlns="http://www.xbrl.org/2003/linkbase" xmlns:xlink="http://www.w3.org/1999/xlink" xmlns:xsi="http://www.w3.org/2001/XMLSchema-instance" xsi:schemaLocation="http://www.xbrl.org/2003/linkbase http://www.xbrl.org/2003/xbrl-linkbase-2003-12-31.xsd">
  <presentationLink xlink:type="extended" xlink:role="http://www.xbrl.org/2003/role/link">
    <!-- reversingStdId -->
    <loc xlink:type="locator" xlink:href="../cor/gl-cor-2020-12-31.xsd#gl-cor_entryHeader" xlink:label="gl-cor_entryHeader" xlink:title="presentation parent: entryHeader"/>
    <loc xlink:type="locator" xlink:href="gl-usk-2020-12-31.xsd#gl-usk_reversingStdId" xlink:label="gl-usk_reversingStdId" xlink:title="presentation child: reversingStdId"/>
    <presentationArc xlink:type="arc" xlink:arcrole="http://www.xbrl.org/2003/arcrole/parent-child" xlink:from="gl-cor_entryHeader" xlink:to="gl-usk_reversingStdId" xlink:title="presentation: entryHeader to reversingStdId" use="optional" order="324"/>
    <!-- recurringStdDescription -->
    <loc xlink:type="locator" xlink:href="gl-usk-2020-12-31.xsd#gl-usk_recurringStdDescription" xlink:label="gl-usk_recurringStdDescription" xlink:title="presentation child: recurringStdDescription"/>
    <presentationArc xlink:type="arc" xlink:arcrole="http://www.xbrl.org/2003/arcrole/parent-child" xlink:from="gl-cor_entryHeader" xlink:to="gl-usk_recurringStdDescription" xlink:title="presentation: entryHeader to recurringStdDescription" use="optional" order="325"/>
    <!-- frequencyInterval -->
    <loc xlink:type="locator" xlink:href="gl-usk-2020-12-31.xsd#gl-usk_frequencyInterval" xlink:label="gl-usk_frequencyInterval" xlink:title="presentation child: frequencyInterval"/>
    <presentationArc xlink:type="arc" xlink:arcrole="http://www.xbrl.org/2003/arcrole/parent-child" xlink:from="gl-cor_entryHeader" xlink:to="gl-usk_frequencyInterval" xlink:title="presentation: entryHeader to frequencyInterval" use="optional" order="326"/>
    <!-- frequencyUnit -->
    <loc xlink:type="locator" xlink:href="gl-usk-2020-12-31.xsd#gl-usk_frequencyUnit" xlink:label="gl-usk_frequencyUnit" xlink:title="presentation child: frequencyUnit"/>
    <presentationArc xlink:type="arc" xlink:arcrole="http://www.xbrl.org/2003/arcrole/parent-child" xlink:from="gl-cor_entryHeader" xlink:to="gl-usk_frequencyUnit" xlink:title="presentation: entryHeader to frequencyUnit" use="optional" order="327"/>
    <!-- repetitionsRemaining -->
    <loc xlink:type="locator" xlink:href="gl-usk-2020-12-31.xsd#gl-usk_repetitionsRemaining" xlink:label="gl-usk_repetitionsRemaining" xlink:title="presentation child: repetitionsRemaining"/>
    <presentationArc xlink:type="arc" xlink:arcrole="http://www.xbrl.org/2003/arcrole/parent-child" xlink:from="gl-cor_entryHeader" xlink:to="gl-usk_repetitionsRemaining" xlink:title="presentation: entryHeader to repetitionsRemaining" use="optional" order="328"/>
    <!-- nextDateRepeat -->
    <loc xlink:type="locator" xlink:href="gl-usk-2020-12-31.xsd#gl-usk_nextDateRepeat" xlink:label="gl-usk_nextDateRepeat" xlink:title="presentation child: nextDateRepeat"/>
    <presentationArc xlink:type="arc" xlink:arcrole="http://www.xbrl.org/2003/arcrole/parent-child" xlink:from="gl-cor_entryHeader" xlink:to="gl-usk_nextDateRepeat" xlink:title="presentation: entryHeader to nextDateRepeat" use="optional" order="329"/>
    <!-- lastDateRepeat -->
    <loc xlink:type="locator" xlink:href="gl-usk-2020-12-31.xsd#gl-usk_lastDateRepeat" xlink:label="gl-usk_lastDateRepeat" xlink:title="presentation child: lastDateRepeat"/>
    <presentationArc xlink:type="arc" xlink:arcrole="http://www.xbrl.org/2003/arcrole/parent-child" xlink:from="gl-cor_entryHeader" xlink:to="gl-usk_lastDateRepeat" xlink:title="presentation: entryHeader to lastDateRepeat" use="optional" order="330"/>
    <!-- endDateRepeatingEntry -->
    <loc xlink:type="locator" xlink:href="gl-usk-2020-12-31.xsd#gl-usk_endDateRepeatingEntry" xlink:label="gl-usk_endDateRepeatingEntry" xlink:title="presentation child: endDateRepeatingEntry"/>
    <presentationArc xlink:type="arc" xlink:arcrole="http://www.xbrl.org/2003/arcrole/parent-child" xlink:from="gl-cor_entryHeader" xlink:to="gl-usk_endDateRepeatingEntry" xlink:title="presentation: entryHeader to endDateRepeatingEntry" use="optional" order="331"/>
    <!-- reverse -->
    <loc xlink:type="locator" xlink:href="gl-usk-2020-12-31.xsd#gl-usk_reverse" xlink:label="gl-usk_reverse" xlink:title="presentation child: reverse"/>
    <presentationArc xlink:type="arc" xlink:arcrole="http://www.xbrl.org/2003/arcrole/parent-child" xlink:from="gl-cor_entryHeader" xlink:to="gl-usk_reverse" xlink:title="presentation: entryHeader to reverse" use="optional" order="332"/>
    <!-- reversingDate -->
    <loc xlink:type="locator" xlink:href="gl-usk-2020-12-31.xsd#gl-usk_reversingDate" xlink:label="gl-usk_reversingDate" xlink:title="presentation child: reversingDate"/>
    <presentationArc xlink:type="arc" xlink:arcrole="http://www.xbrl.org/2003/arcrole/parent-child" xlink:from="gl-cor_entryHeader" xlink:to="gl-usk_reversingDate" xlink:title="presentation: entryHeader to reversingDate" use="optional" order="333"/>
    <!-- jobCode -->
    <loc xlink:type="locator" xlink:href="../bus/gl-bus-2020-12-31.xsd#gl-bus_jobInfo" xlink:label="gl-bus_jobInfo" xlink:title="presentation parent: jobInfo"/>
    <loc xlink:type="locator" xlink:href="gl-usk-2020-12-31.xsd#gl-usk_jobCode" xlink:label="gl-usk_jobCode" xlink:title="presentation child: jobCode"/>
    <presentationArc xlink:type="arc" xlink:arcrole="http://www.xbrl.org/2003/arcrole/parent-child" xlink:from="gl-bus_jobInfo" xlink:to="gl-usk_jobCode" xlink:title="presentation: jobInfo to jobCode" use="optional" order="608"/>
    <!-- jobDescription -->
    <loc xlink:type="locator" xlink:href="gl-usk-2020-12-31.xsd#gl-usk_jobDescription" xlink:label="gl-usk_jobDescription" xlink:title="presentation child: jobDescription"/>
    <presentationArc xlink:type="arc" xlink:arcrole="http://www.xbrl.org/2003/arcrole/parent-child" xlink:from="gl-bus_jobInfo" xlink:to="gl-usk_jobDescription" xlink:title="presentation: jobInfo to jobDescription" use="optional" order="609"/>
    <!-- jobPhaseCode -->
    <loc xlink:type="locator" xlink:href="gl-usk-2020-12-31.xsd#gl-usk_jobPhaseCode" xlink:label="gl-usk_jobPhaseCode" xlink:title="presentation child: jobPhaseCode"/>
    <presentationArc xlink:type="arc" xlink:arcrole="http://www.xbrl.org/2003/arcrole/parent-child" xlink:from="gl-bus_jobInfo" xlink:to="gl-usk_jobPhaseCode" xlink:title="presentation: jobInfo to jobPhaseCode" use="optional" order="610"/>
    <!-- jobPhaseDescription -->
    <loc xlink:type="locator" xlink:href="gl-usk-2020-12-31.xsd#gl-usk_jobPhaseDescription" xlink:label="gl-usk_jobPhaseDescription" xlink:title="presentation child: jobPhaseDescription"/>
    <presentationArc xlink:type="arc" xlink:arcrole="http://www.xbrl.org/2003/arcrole/parent-child" xlink:from="gl-bus_jobInfo" xlink:to="gl-usk_jobPhaseDescription" xlink:title="presentation: jobInfo to jobPhaseDescription" use="optional" order="611"/>
    <!-- jobActive -->
    <loc xlink:type="locator" xlink:href="gl-usk-2020-12-31.xsd#gl-usk_jobActive" xlink:label="gl-usk_jobActive" xlink:title="presentation child: jobActive"/>
    <presentationArc xlink:type="arc" xlink:arcrole="http://www.xbrl.org/2003/arcrole/parent-child" xlink:from="gl-bus_jobInfo" xlink:to="gl-usk_jobActive" xlink:title="presentation: jobInfo to jobActive" use="optional" order="612"/>
  </presentationLink>
</linkbase>
