<?xml version="1.0" encoding="UTF-8"?>
<!-- (c) XBRL Japan -->
<linkbase xmlns="http://www.xbrl.org/2003/linkbase" xmlns:xlink="http://www.w3.org/1999/xlink" xmlns:xsi="http://www.w3.org/2001/XMLSchema-instance" xsi:schemaLocation="http://www.xbrl.org/2003/linkbase http://www.xbrl.org/2003/xbrl-linkbase-2003-12-31.xsd">
  <presentationLink xlink:type="extended" xlink:role="http://www.xbrl.org/2003/role/link">
    <!-- creator -->
    <loc xlink:type="locator" xlink:href="../cor/gl-cor-2020-12-31.xsd#gl-cor_documentInfo" xlink:label="gl-cor_documentInfo" xlink:title="presentation parent: documentInfo"/>
    <loc xlink:type="locator" xlink:href="gl-bus-2020-12-31.xsd#gl-bus_creator" xlink:label="gl-bus_creator" xlink:title="presentation child: creator"/>
    <presentationArc xlink:type="arc" xlink:arcrole="http://www.xbrl.org/2003/arcrole/parent-child" xlink:from="gl-cor_documentInfo" xlink:to="gl-bus_creator" xlink:title="presentation: documentInfo to creator" use="optional" order="9"/>
    <!-- periodCount -->
    <loc xlink:type="locator" xlink:href="gl-bus-2020-12-31.xsd#gl-bus_periodCount" xlink:label="gl-bus_periodCount" xlink:title="presentation child: periodCount"/>
    <presentationArc xlink:type="arc" xlink:arcrole="http://www.xbrl.org/2003/arcrole/parent-child" xlink:from="gl-cor_documentInfo" xlink:to="gl-bus_periodCount" xlink:title="presentation: documentInfo to periodCount" use="optional" order="13"/>
    <!-- periodUnit -->
    <loc xlink:type="locator" xlink:href="gl-bus-2020-12-31.xsd#gl-bus_periodUnit" xlink:label="gl-bus_periodUnit" xlink:title="presentation child: periodUnit"/>
    <presentationArc xlink:type="arc" xlink:arcrole="http://www.xbrl.org/2003/arcrole/parent-child" xlink:from="gl-cor_documentInfo" xlink:to="gl-bus_periodUnit" xlink:title="presentation: documentInfo to periodUnit" use="optional" order="14"/>
    <!-- periodUnitDescription -->
    <loc xlink:type="locator" xlink:href="gl-bus-2020-12-31.xsd#gl-bus_periodUnitDescription" xlink:label="gl-bus_periodUnitDescription" xlink:title="presentation child: periodUnitDescription"/>
    <presentationArc xlink:type="arc" xlink:arcrole="http://www.xbrl.org/2003/arcrole/parent-child" xlink:from="gl-cor_documentInfo" xlink:to="gl-bus_periodUnitDescription" xlink:title="presentation: documentInfo to periodUnitDescription" use="optional" order="15"/>
    <!-- sourceApplication -->
    <loc xlink:type="locator" xlink:href="gl-bus-2020-12-31.xsd#gl-bus_sourceApplication" xlink:label="gl-bus_sourceApplication" xlink:title="presentation child: sourceApplication"/>
    <presentationArc xlink:type="arc" xlink:arcrole="http://www.xbrl.org/2003/arcrole/parent-child" xlink:from="gl-cor_documentInfo" xlink:to="gl-bus_sourceApplication" xlink:title="presentation: documentInfo to sourceApplication" use="optional" order="16"/>
    <!-- targetApplication -->
    <loc xlink:type="locator" xlink:href="gl-bus-2020-12-31.xsd#gl-bus_targetApplication" xlink:label="gl-bus_targetApplication" xlink:title="presentation child: targetApplication"/>
    <presentationArc xlink:type="arc" xlink:arcrole="http://www.xbrl.org/2003/arcrole/parent-child" xlink:from="gl-cor_documentInfo" xlink:to="gl-bus_targetApplication" xlink:title="presentation: documentInfo to targetApplication" use="optional" order="17"/>
    <!-- entityPhoneNumber -->
    <loc xlink:type="locator" xlink:href="../cor/gl-cor-2020-12-31.xsd#gl-cor_entityInformation" xlink:label="gl-cor_entityInformation" xlink:title="presentation parent: entityInformation"/>
    <loc xlink:type="locator" xlink:href="gl-bus-2020-12-31.xsd#gl-bus_entityPhoneNumber" xlink:label="gl-bus_entityPhoneNumber" xlink:title="presentation child: entityPhoneNumber"/>
    <presentationArc xlink:type="arc" xlink:arcrole="http://www.xbrl.org/2003/arcrole/parent-child" xlink:from="gl-cor_entityInformation" xlink:to="gl-bus_entityPhoneNumber" xlink:title="presentation: entityInformation to entityPhoneNumber" use="optional" order="136"/>
    <!-- phoneNumberDescription -->
    <loc xlink:type="locator" xlink:href="gl-bus-2020-12-31.xsd#gl-bus_entityPhoneNumber" xlink:label="gl-bus_entityPhoneNumber" xlink:title="presentation parent: entityPhoneNumber"/>
    <loc xlink:type="locator" xlink:href="gl-bus-2020-12-31.xsd#gl-bus_phoneNumberDescription" xlink:label="gl-bus_phoneNumberDescription" xlink:title="presentation child: phoneNumberDescription"/>
    <presentationArc xlink:type="arc" xlink:arcrole="http://www.xbrl.org/2003/arcrole/parent-child" xlink:from="gl-bus_entityPhoneNumber" xlink:to="gl-bus_phoneNumberDescription" xlink:title="presentation: entityPhoneNumber to phoneNumberDescription" use="optional" order="137"/>
    <!-- phoneNumber -->
    <loc xlink:type="locator" xlink:href="gl-bus-2020-12-31.xsd#gl-bus_phoneNumber" xlink:label="gl-bus_phoneNumber" xlink:title="presentation child: phoneNumber"/>
    <presentationArc xlink:type="arc" xlink:arcrole="http://www.xbrl.org/2003/arcrole/parent-child" xlink:from="gl-bus_entityPhoneNumber" xlink:to="gl-bus_phoneNumber" xlink:title="presentation: entityPhoneNumber to phoneNumber" use="optional" order="138"/>
    <!-- entityFaxNumberStructure -->
    <loc xlink:type="locator" xlink:href="gl-bus-2020-12-31.xsd#gl-bus_entityFaxNumberStructure" xlink:label="gl-bus_entityFaxNumberStructure" xlink:title="presentation child: entityFaxNumberStructure"/>
    <presentationArc xlink:type="arc" xlink:arcrole="http://www.xbrl.org/2003/arcrole/parent-child" xlink:from="gl-cor_entityInformation" xlink:to="gl-bus_entityFaxNumberStructure" xlink:title="presentation: entityInformation to entityFaxNumberStructure" use="optional" order="139"/>
    <!-- entityFaxNumberUsage -->
    <loc xlink:type="locator" xlink:href="gl-bus-2020-12-31.xsd#gl-bus_entityFaxNumberStructure" xlink:label="gl-bus_entityFaxNumberStructure" xlink:title="presentation parent: entityFaxNumberStructure"/>
    <loc xlink:type="locator" xlink:href="gl-bus-2020-12-31.xsd#gl-bus_entityFaxNumberUsage" xlink:label="gl-bus_entityFaxNumberUsage" xlink:title="presentation child: entityFaxNumberUsage"/>
    <presentationArc xlink:type="arc" xlink:arcrole="http://www.xbrl.org/2003/arcrole/parent-child" xlink:from="gl-bus_entityFaxNumberStructure" xlink:to="gl-bus_entityFaxNumberUsage" xlink:title="presentation: entityFaxNumberStructure to entityFaxNumberUsage" use="optional" order="140"/>
    <!-- entityFaxNumber -->
    <loc xlink:type="locator" xlink:href="gl-bus-2020-12-31.xsd#gl-bus_entityFaxNumber" xlink:label="gl-bus_entityFaxNumber" xlink:title="presentation child: entityFaxNumber"/>
    <presentationArc xlink:type="arc" xlink:arcrole="http://www.xbrl.org/2003/arcrole/parent-child" xlink:from="gl-bus_entityFaxNumberStructure" xlink:to="gl-bus_entityFaxNumber" xlink:title="presentation: entityFaxNumberStructure to entityFaxNumber" use="optional" order="141"/>
    <!-- entityEmailAddressStructure -->
    <loc xlink:type="locator" xlink:href="gl-bus-2020-12-31.xsd#gl-bus_entityEmailAddressStructure" xlink:label="gl-bus_entityEmailAddressStructure" xlink:title="presentation child: entityEmailAddressStructure"/>
    <presentationArc xlink:type="arc" xlink:arcrole="http://www.xbrl.org/2003/arcrole/parent-child" xlink:from="gl-cor_entityInformation" xlink:to="gl-bus_entityEmailAddressStructure" xlink:title="presentation: entityInformation to entityEmailAddressStructure" use="optional" order="142"/>
    <!-- entityEmailAddressUsage -->
    <loc xlink:type="locator" xlink:href="gl-bus-2020-12-31.xsd#gl-bus_entityEmailAddressStructure" xlink:label="gl-bus_entityEmailAddressStructure" xlink:title="presentation parent: entityEmailAddressStructure"/>
    <loc xlink:type="locator" xlink:href="gl-bus-2020-12-31.xsd#gl-bus_entityEmailAddressUsage" xlink:label="gl-bus_entityEmailAddressUsage" xlink:title="presentation child: entityEmailAddressUsage"/>
    <presentationArc xlink:type="arc" xlink:arcrole="http://www.xbrl.org/2003/arcrole/parent-child" xlink:from="gl-bus_entityEmailAddressStructure" xlink:to="gl-bus_entityEmailAddressUsage" xlink:title="presentation: entityEmailAddressStructure to entityEmailAddressUsage" use="optional" order="143"/>
    <!-- entityEmailAddress -->
    <loc xlink:type="locator" xlink:href="gl-bus-2020-12-31.xsd#gl-bus_entityEmailAddress" xlink:label="gl-bus_entityEmailAddress" xlink:title="presentation child: entityEmailAddress"/>
    <presentationArc xlink:type="arc" xlink:arcrole="http://www.xbrl.org/2003/arcrole/parent-child" xlink:from="gl-bus_entityEmailAddressStructure" xlink:to="gl-bus_entityEmailAddress" xlink:title="presentation: entityEmailAddressStructure to entityEmailAddress" use="optional" order="144"/>
    <!-- organizationAccountingMethodPurposeDefault -->
    <loc xlink:type="locator" xlink:href="gl-bus-2020-12-31.xsd#gl-bus_organizationAccountingMethodPurposeDefault" xlink:label="gl-bus_organizationAccountingMethodPurposeDefault" xlink:title="presentation child: organizationAccountingMethodPurposeDefault"/>
    <presentationArc xlink:type="arc" xlink:arcrole="http://www.xbrl.org/2003/arcrole/parent-child" xlink:from="gl-cor_entityInformation" xlink:to="gl-bus_organizationAccountingMethodPurposeDefault" xlink:title="presentation: entityInformation to organizationAccountingMethodPurposeDefault" use="optional" order="145"/>
    <!-- organizationAccountingMethodPurposeDefaultDescription -->
    <loc xlink:type="locator" xlink:href="gl-bus-2020-12-31.xsd#gl-bus_organizationAccountingMethodPurposeDefaultDescription" xlink:label="gl-bus_organizationAccountingMethodPurposeDefaultDescription" xlink:title="presentation child: organizationAccountingMethodPurposeDefaultDescription"/>
    <presentationArc xlink:type="arc" xlink:arcrole="http://www.xbrl.org/2003/arcrole/parent-child" xlink:from="gl-cor_entityInformation" xlink:to="gl-bus_organizationAccountingMethodPurposeDefaultDescription" xlink:title="presentation: entityInformation to organizationAccountingMethodPurposeDefaultDescription" use="optional" order="146"/>
    <!-- organizationIdentifiers -->
    <loc xlink:type="locator" xlink:href="gl-bus-2020-12-31.xsd#gl-bus_organizationIdentifiers" xlink:label="gl-bus_organizationIdentifiers" xlink:title="presentation child: organizationIdentifiers"/>
    <presentationArc xlink:type="arc" xlink:arcrole="http://www.xbrl.org/2003/arcrole/parent-child" xlink:from="gl-cor_entityInformation" xlink:to="gl-bus_organizationIdentifiers" xlink:title="presentation: entityInformation to organizationIdentifiers" use="optional" order="147"/>
    <!-- organizationIdentifier -->
    <loc xlink:type="locator" xlink:href="gl-bus-2020-12-31.xsd#gl-bus_organizationIdentifiers" xlink:label="gl-bus_organizationIdentifiers" xlink:title="presentation parent: organizationIdentifiers"/>
    <loc xlink:type="locator" xlink:href="gl-bus-2020-12-31.xsd#gl-bus_organizationIdentifier" xlink:label="gl-bus_organizationIdentifier" xlink:title="presentation child: organizationIdentifier"/>
    <presentationArc xlink:type="arc" xlink:arcrole="http://www.xbrl.org/2003/arcrole/parent-child" xlink:from="gl-bus_organizationIdentifiers" xlink:to="gl-bus_organizationIdentifier" xlink:title="presentation: organizationIdentifiers to organizationIdentifier" use="optional" order="148"/>
    <!-- organizationDescription -->
    <loc xlink:type="locator" xlink:href="gl-bus-2020-12-31.xsd#gl-bus_organizationDescription" xlink:label="gl-bus_organizationDescription" xlink:title="presentation child: organizationDescription"/>
    <presentationArc xlink:type="arc" xlink:arcrole="http://www.xbrl.org/2003/arcrole/parent-child" xlink:from="gl-bus_organizationIdentifiers" xlink:to="gl-bus_organizationDescription" xlink:title="presentation: organizationIdentifiers to organizationDescription" use="optional" order="149"/>
    <!-- organizationAddress -->
    <loc xlink:type="locator" xlink:href="gl-bus-2020-12-31.xsd#gl-bus_organizationAddress" xlink:label="gl-bus_organizationAddress" xlink:title="presentation child: organizationAddress"/>
    <presentationArc xlink:type="arc" xlink:arcrole="http://www.xbrl.org/2003/arcrole/parent-child" xlink:from="gl-cor_entityInformation" xlink:to="gl-bus_organizationAddress" xlink:title="presentation: entityInformation to organizationAddress" use="optional" order="150"/>
    <!-- organizationAddressName -->
    <loc xlink:type="locator" xlink:href="gl-bus-2020-12-31.xsd#gl-bus_organizationAddress" xlink:label="gl-bus_organizationAddress" xlink:title="presentation parent: organizationAddress"/>
    <loc xlink:type="locator" xlink:href="gl-bus-2020-12-31.xsd#gl-bus_organizationAddressName" xlink:label="gl-bus_organizationAddressName" xlink:title="presentation child: organizationAddressName"/>
    <presentationArc xlink:type="arc" xlink:arcrole="http://www.xbrl.org/2003/arcrole/parent-child" xlink:from="gl-bus_organizationAddress" xlink:to="gl-bus_organizationAddressName" xlink:title="presentation: organizationAddress to organizationAddressName" use="optional" order="151"/>
    <!-- organizationAddressDescription -->
    <loc xlink:type="locator" xlink:href="gl-bus-2020-12-31.xsd#gl-bus_organizationAddressDescription" xlink:label="gl-bus_organizationAddressDescription" xlink:title="presentation child: organizationAddressDescription"/>
    <presentationArc xlink:type="arc" xlink:arcrole="http://www.xbrl.org/2003/arcrole/parent-child" xlink:from="gl-bus_organizationAddress" xlink:to="gl-bus_organizationAddressDescription" xlink:title="presentation: organizationAddress to organizationAddressDescription" use="optional" order="152"/>
    <!-- organizationAddressPurpose -->
    <loc xlink:type="locator" xlink:href="gl-bus-2020-12-31.xsd#gl-bus_organizationAddressPurpose" xlink:label="gl-bus_organizationAddressPurpose" xlink:title="presentation child: organizationAddressPurpose"/>
    <presentationArc xlink:type="arc" xlink:arcrole="http://www.xbrl.org/2003/arcrole/parent-child" xlink:from="gl-bus_organizationAddress" xlink:to="gl-bus_organizationAddressPurpose" xlink:title="presentation: organizationAddress to organizationAddressPurpose" use="optional" order="153"/>
    <!-- organizationAddressLocationIdentifier -->
    <loc xlink:type="locator" xlink:href="gl-bus-2020-12-31.xsd#gl-bus_organizationAddressLocationIdentifier" xlink:label="gl-bus_organizationAddressLocationIdentifier" xlink:title="presentation child: organizationAddressLocationIdentifier"/>
    <presentationArc xlink:type="arc" xlink:arcrole="http://www.xbrl.org/2003/arcrole/parent-child" xlink:from="gl-bus_organizationAddress" xlink:to="gl-bus_organizationAddressLocationIdentifier" xlink:title="presentation: organizationAddress to organizationAddressLocationIdentifier" use="optional" order="154"/>
    <!-- organizationBuildingNumber -->
    <loc xlink:type="locator" xlink:href="gl-bus-2020-12-31.xsd#gl-bus_organizationBuildingNumber" xlink:label="gl-bus_organizationBuildingNumber" xlink:title="presentation child: organizationBuildingNumber"/>
    <presentationArc xlink:type="arc" xlink:arcrole="http://www.xbrl.org/2003/arcrole/parent-child" xlink:from="gl-bus_organizationAddress" xlink:to="gl-bus_organizationBuildingNumber" xlink:title="presentation: organizationAddress to organizationBuildingNumber" use="optional" order="155"/>
    <!-- organizationAddressStreet -->
    <loc xlink:type="locator" xlink:href="gl-bus-2020-12-31.xsd#gl-bus_organizationAddressStreet" xlink:label="gl-bus_organizationAddressStreet" xlink:title="presentation child: organizationAddressStreet"/>
    <presentationArc xlink:type="arc" xlink:arcrole="http://www.xbrl.org/2003/arcrole/parent-child" xlink:from="gl-bus_organizationAddress" xlink:to="gl-bus_organizationAddressStreet" xlink:title="presentation: organizationAddress to organizationAddressStreet" use="optional" order="156"/>
    <!-- organizationAddressStreet2 -->
    <loc xlink:type="locator" xlink:href="gl-bus-2020-12-31.xsd#gl-bus_organizationAddressStreet2" xlink:label="gl-bus_organizationAddressStreet2" xlink:title="presentation child: organizationAddressStreet2"/>
    <presentationArc xlink:type="arc" xlink:arcrole="http://www.xbrl.org/2003/arcrole/parent-child" xlink:from="gl-bus_organizationAddress" xlink:to="gl-bus_organizationAddressStreet2" xlink:title="presentation: organizationAddress to organizationAddressStreet2" use="optional" order="157"/>
    <!-- organizationAddressCity -->
    <loc xlink:type="locator" xlink:href="gl-bus-2020-12-31.xsd#gl-bus_organizationAddressCity" xlink:label="gl-bus_organizationAddressCity" xlink:title="presentation child: organizationAddressCity"/>
    <presentationArc xlink:type="arc" xlink:arcrole="http://www.xbrl.org/2003/arcrole/parent-child" xlink:from="gl-bus_organizationAddress" xlink:to="gl-bus_organizationAddressCity" xlink:title="presentation: organizationAddress to organizationAddressCity" use="optional" order="158"/>
    <!-- organizationAddressStateOrProvince -->
    <loc xlink:type="locator" xlink:href="gl-bus-2020-12-31.xsd#gl-bus_organizationAddressStateOrProvince" xlink:label="gl-bus_organizationAddressStateOrProvince" xlink:title="presentation child: organizationAddressStateOrProvince"/>
    <presentationArc xlink:type="arc" xlink:arcrole="http://www.xbrl.org/2003/arcrole/parent-child" xlink:from="gl-bus_organizationAddress" xlink:to="gl-bus_organizationAddressStateOrProvince" xlink:title="presentation: organizationAddress to organizationAddressStateOrProvince" use="optional" order="159"/>
    <!-- organizationAddressZipOrPostalCode -->
    <loc xlink:type="locator" xlink:href="gl-bus-2020-12-31.xsd#gl-bus_organizationAddressZipOrPostalCode" xlink:label="gl-bus_organizationAddressZipOrPostalCode" xlink:title="presentation child: organizationAddressZipOrPostalCode"/>
    <presentationArc xlink:type="arc" xlink:arcrole="http://www.xbrl.org/2003/arcrole/parent-child" xlink:from="gl-bus_organizationAddress" xlink:to="gl-bus_organizationAddressZipOrPostalCode" xlink:title="presentation: organizationAddress to organizationAddressZipOrPostalCode" use="optional" order="160"/>
    <!-- organizationAddressCountry -->
    <loc xlink:type="locator" xlink:href="gl-bus-2020-12-31.xsd#gl-bus_organizationAddressCountry" xlink:label="gl-bus_organizationAddressCountry" xlink:title="presentation child: organizationAddressCountry"/>
    <presentationArc xlink:type="arc" xlink:arcrole="http://www.xbrl.org/2003/arcrole/parent-child" xlink:from="gl-bus_organizationAddress" xlink:to="gl-bus_organizationAddressCountry" xlink:title="presentation: organizationAddress to organizationAddressCountry" use="optional" order="161"/>
    <!-- organizationAddressActive -->
    <loc xlink:type="locator" xlink:href="gl-bus-2020-12-31.xsd#gl-bus_organizationAddressActive" xlink:label="gl-bus_organizationAddressActive" xlink:title="presentation child: organizationAddressActive"/>
    <presentationArc xlink:type="arc" xlink:arcrole="http://www.xbrl.org/2003/arcrole/parent-child" xlink:from="gl-bus_organizationAddress" xlink:to="gl-bus_organizationAddressActive" xlink:title="presentation: organizationAddress to organizationAddressActive" use="optional" order="162"/>
    <!-- entityWebSite -->
    <loc xlink:type="locator" xlink:href="gl-bus-2020-12-31.xsd#gl-bus_entityWebSite" xlink:label="gl-bus_entityWebSite" xlink:title="presentation child: entityWebSite"/>
    <presentationArc xlink:type="arc" xlink:arcrole="http://www.xbrl.org/2003/arcrole/parent-child" xlink:from="gl-cor_entityInformation" xlink:to="gl-bus_entityWebSite" xlink:title="presentation: entityInformation to entityWebSite" use="optional" order="163"/>
    <!-- webSiteDescription -->
    <loc xlink:type="locator" xlink:href="gl-bus-2020-12-31.xsd#gl-bus_entityWebSite" xlink:label="gl-bus_entityWebSite" xlink:title="presentation parent: entityWebSite"/>
    <loc xlink:type="locator" xlink:href="gl-bus-2020-12-31.xsd#gl-bus_webSiteDescription" xlink:label="gl-bus_webSiteDescription" xlink:title="presentation child: webSiteDescription"/>
    <presentationArc xlink:type="arc" xlink:arcrole="http://www.xbrl.org/2003/arcrole/parent-child" xlink:from="gl-bus_entityWebSite" xlink:to="gl-bus_webSiteDescription" xlink:title="presentation: entityWebSite to webSiteDescription" use="optional" order="164"/>
    <!-- webSiteURL -->
    <loc xlink:type="locator" xlink:href="gl-bus-2020-12-31.xsd#gl-bus_webSiteURL" xlink:label="gl-bus_webSiteURL" xlink:title="presentation child: webSiteURL"/>
    <presentationArc xlink:type="arc" xlink:arcrole="http://www.xbrl.org/2003/arcrole/parent-child" xlink:from="gl-bus_entityWebSite" xlink:to="gl-bus_webSiteURL" xlink:title="presentation: entityWebSite to webSiteURL" use="optional" order="165"/>
    <!-- contactInformation -->
    <loc xlink:type="locator" xlink:href="gl-bus-2020-12-31.xsd#gl-bus_contactInformation" xlink:label="gl-bus_contactInformation" xlink:title="presentation child: contactInformation"/>
    <presentationArc xlink:type="arc" xlink:arcrole="http://www.xbrl.org/2003/arcrole/parent-child" xlink:from="gl-cor_entityInformation" xlink:to="gl-bus_contactInformation" xlink:title="presentation: entityInformation to contactInformation" use="optional" order="166"/>
    <!-- contactPrefix -->
    <loc xlink:type="locator" xlink:href="gl-bus-2020-12-31.xsd#gl-bus_contactInformation" xlink:label="gl-bus_contactInformation" xlink:title="presentation parent: contactInformation"/>
    <loc xlink:type="locator" xlink:href="gl-bus-2020-12-31.xsd#gl-bus_contactPrefix" xlink:label="gl-bus_contactPrefix" xlink:title="presentation child: contactPrefix"/>
    <presentationArc xlink:type="arc" xlink:arcrole="http://www.xbrl.org/2003/arcrole/parent-child" xlink:from="gl-bus_contactInformation" xlink:to="gl-bus_contactPrefix" xlink:title="presentation: contactInformation to contactPrefix" use="optional" order="167"/>
    <!-- contactLastName -->
    <loc xlink:type="locator" xlink:href="gl-bus-2020-12-31.xsd#gl-bus_contactLastName" xlink:label="gl-bus_contactLastName" xlink:title="presentation child: contactLastName"/>
    <presentationArc xlink:type="arc" xlink:arcrole="http://www.xbrl.org/2003/arcrole/parent-child" xlink:from="gl-bus_contactInformation" xlink:to="gl-bus_contactLastName" xlink:title="presentation: contactInformation to contactLastName" use="optional" order="168"/>
    <!-- contactFirstName -->
    <loc xlink:type="locator" xlink:href="gl-bus-2020-12-31.xsd#gl-bus_contactFirstName" xlink:label="gl-bus_contactFirstName" xlink:title="presentation child: contactFirstName"/>
    <presentationArc xlink:type="arc" xlink:arcrole="http://www.xbrl.org/2003/arcrole/parent-child" xlink:from="gl-bus_contactInformation" xlink:to="gl-bus_contactFirstName" xlink:title="presentation: contactInformation to contactFirstName" use="optional" order="169"/>
    <!-- contactSuffix -->
    <loc xlink:type="locator" xlink:href="gl-bus-2020-12-31.xsd#gl-bus_contactSuffix" xlink:label="gl-bus_contactSuffix" xlink:title="presentation child: contactSuffix"/>
    <presentationArc xlink:type="arc" xlink:arcrole="http://www.xbrl.org/2003/arcrole/parent-child" xlink:from="gl-bus_contactInformation" xlink:to="gl-bus_contactSuffix" xlink:title="presentation: contactInformation to contactSuffix" use="optional" order="170"/>
    <!-- contactAttentionLine -->
    <loc xlink:type="locator" xlink:href="gl-bus-2020-12-31.xsd#gl-bus_contactAttentionLine" xlink:label="gl-bus_contactAttentionLine" xlink:title="presentation child: contactAttentionLine"/>
    <presentationArc xlink:type="arc" xlink:arcrole="http://www.xbrl.org/2003/arcrole/parent-child" xlink:from="gl-bus_contactInformation" xlink:to="gl-bus_contactAttentionLine" xlink:title="presentation: contactInformation to contactAttentionLine" use="optional" order="171"/>
    <!-- contactPositionRole -->
    <loc xlink:type="locator" xlink:href="gl-bus-2020-12-31.xsd#gl-bus_contactPositionRole" xlink:label="gl-bus_contactPositionRole" xlink:title="presentation child: contactPositionRole"/>
    <presentationArc xlink:type="arc" xlink:arcrole="http://www.xbrl.org/2003/arcrole/parent-child" xlink:from="gl-bus_contactInformation" xlink:to="gl-bus_contactPositionRole" xlink:title="presentation: contactInformation to contactPositionRole" use="optional" order="172"/>
    <!-- contactPhone -->
    <loc xlink:type="locator" xlink:href="gl-bus-2020-12-31.xsd#gl-bus_contactPhone" xlink:label="gl-bus_contactPhone" xlink:title="presentation child: contactPhone"/>
    <presentationArc xlink:type="arc" xlink:arcrole="http://www.xbrl.org/2003/arcrole/parent-child" xlink:from="gl-bus_contactInformation" xlink:to="gl-bus_contactPhone" xlink:title="presentation: contactInformation to contactPhone" use="optional" order="173"/>
    <!-- contactPhoneNumberDescription -->
    <loc xlink:type="locator" xlink:href="gl-bus-2020-12-31.xsd#gl-bus_contactPhone" xlink:label="gl-bus_contactPhone" xlink:title="presentation parent: contactPhone"/>
    <loc xlink:type="locator" xlink:href="gl-bus-2020-12-31.xsd#gl-bus_contactPhoneNumberDescription" xlink:label="gl-bus_contactPhoneNumberDescription" xlink:title="presentation child: contactPhoneNumberDescription"/>
    <presentationArc xlink:type="arc" xlink:arcrole="http://www.xbrl.org/2003/arcrole/parent-child" xlink:from="gl-bus_contactPhone" xlink:to="gl-bus_contactPhoneNumberDescription" xlink:title="presentation: contactPhone to contactPhoneNumberDescription" use="optional" order="174"/>
    <!-- contactPhoneNumber -->
    <loc xlink:type="locator" xlink:href="gl-bus-2020-12-31.xsd#gl-bus_contactPhoneNumber" xlink:label="gl-bus_contactPhoneNumber" xlink:title="presentation child: contactPhoneNumber"/>
    <presentationArc xlink:type="arc" xlink:arcrole="http://www.xbrl.org/2003/arcrole/parent-child" xlink:from="gl-bus_contactPhone" xlink:to="gl-bus_contactPhoneNumber" xlink:title="presentation: contactPhone to contactPhoneNumber" use="optional" order="175"/>
    <!-- contactFax -->
    <loc xlink:type="locator" xlink:href="gl-bus-2020-12-31.xsd#gl-bus_contactFax" xlink:label="gl-bus_contactFax" xlink:title="presentation child: contactFax"/>
    <presentationArc xlink:type="arc" xlink:arcrole="http://www.xbrl.org/2003/arcrole/parent-child" xlink:from="gl-bus_contactInformation" xlink:to="gl-bus_contactFax" xlink:title="presentation: contactInformation to contactFax" use="optional" order="176"/>
    <!-- contactFaxNumberUsage -->
    <loc xlink:type="locator" xlink:href="gl-bus-2020-12-31.xsd#gl-bus_contactFax" xlink:label="gl-bus_contactFax" xlink:title="presentation parent: contactFax"/>
    <loc xlink:type="locator" xlink:href="gl-bus-2020-12-31.xsd#gl-bus_contactFaxNumberUsage" xlink:label="gl-bus_contactFaxNumberUsage" xlink:title="presentation child: contactFaxNumberUsage"/>
    <presentationArc xlink:type="arc" xlink:arcrole="http://www.xbrl.org/2003/arcrole/parent-child" xlink:from="gl-bus_contactFax" xlink:to="gl-bus_contactFaxNumberUsage" xlink:title="presentation: contactFax to contactFaxNumberUsage" use="optional" order="177"/>
    <!-- contactFaxNumber -->
    <loc xlink:type="locator" xlink:href="gl-bus-2020-12-31.xsd#gl-bus_contactFaxNumber" xlink:label="gl-bus_contactFaxNumber" xlink:title="presentation child: contactFaxNumber"/>
    <presentationArc xlink:type="arc" xlink:arcrole="http://www.xbrl.org/2003/arcrole/parent-child" xlink:from="gl-bus_contactFax" xlink:to="gl-bus_contactFaxNumber" xlink:title="presentation: contactFax to contactFaxNumber" use="optional" order="178"/>
    <!-- contactEMail -->
    <loc xlink:type="locator" xlink:href="gl-bus-2020-12-31.xsd#gl-bus_contactEMail" xlink:label="gl-bus_contactEMail" xlink:title="presentation child: contactEMail"/>
    <presentationArc xlink:type="arc" xlink:arcrole="http://www.xbrl.org/2003/arcrole/parent-child" xlink:from="gl-bus_contactInformation" xlink:to="gl-bus_contactEMail" xlink:title="presentation: contactInformation to contactEMail" use="optional" order="179"/>
    <!-- contactEmailAddressUsage -->
    <loc xlink:type="locator" xlink:href="gl-bus-2020-12-31.xsd#gl-bus_contactEMail" xlink:label="gl-bus_contactEMail" xlink:title="presentation parent: contactEMail"/>
    <loc xlink:type="locator" xlink:href="gl-bus-2020-12-31.xsd#gl-bus_contactEmailAddressUsage" xlink:label="gl-bus_contactEmailAddressUsage" xlink:title="presentation child: contactEmailAddressUsage"/>
    <presentationArc xlink:type="arc" xlink:arcrole="http://www.xbrl.org/2003/arcrole/parent-child" xlink:from="gl-bus_contactEMail" xlink:to="gl-bus_contactEmailAddressUsage" xlink:title="presentation: contactEMail to contactEmailAddressUsage" use="optional" order="180"/>
    <!-- contactEmailAddress -->
    <loc xlink:type="locator" xlink:href="gl-bus-2020-12-31.xsd#gl-bus_contactEmailAddress" xlink:label="gl-bus_contactEmailAddress" xlink:title="presentation child: contactEmailAddress"/>
    <presentationArc xlink:type="arc" xlink:arcrole="http://www.xbrl.org/2003/arcrole/parent-child" xlink:from="gl-bus_contactEMail" xlink:to="gl-bus_contactEmailAddress" xlink:title="presentation: contactEMail to contactEmailAddress" use="optional" order="181"/>
    <!-- contactType -->
    <loc xlink:type="locator" xlink:href="gl-bus-2020-12-31.xsd#gl-bus_contactType" xlink:label="gl-bus_contactType" xlink:title="presentation child: contactType"/>
    <presentationArc xlink:type="arc" xlink:arcrole="http://www.xbrl.org/2003/arcrole/parent-child" xlink:from="gl-bus_contactInformation" xlink:to="gl-bus_contactType" xlink:title="presentation: contactInformation to contactType" use="optional" order="182"/>
    <!-- contactLocationIdentifierCrossReference -->
    <loc xlink:type="locator" xlink:href="gl-bus-2020-12-31.xsd#gl-bus_contactLocationIdentifierCrossReference" xlink:label="gl-bus_contactLocationIdentifierCrossReference" xlink:title="presentation child: contactLocationIdentifierCrossReference"/>
    <presentationArc xlink:type="arc" xlink:arcrole="http://www.xbrl.org/2003/arcrole/parent-child" xlink:from="gl-bus_contactInformation" xlink:to="gl-bus_contactLocationIdentifierCrossReference" xlink:title="presentation: contactInformation to contactLocationIdentifierCrossReference" use="optional" order="183"/>
    <!-- contactActive -->
    <loc xlink:type="locator" xlink:href="gl-bus-2020-12-31.xsd#gl-bus_contactActive" xlink:label="gl-bus_contactActive" xlink:title="presentation child: contactActive"/>
    <presentationArc xlink:type="arc" xlink:arcrole="http://www.xbrl.org/2003/arcrole/parent-child" xlink:from="gl-bus_contactInformation" xlink:to="gl-bus_contactActive" xlink:title="presentation: contactInformation to contactActive" use="optional" order="184"/>
    <!-- businessDescription -->
    <loc xlink:type="locator" xlink:href="gl-bus-2020-12-31.xsd#gl-bus_businessDescription" xlink:label="gl-bus_businessDescription" xlink:title="presentation child: businessDescription"/>
    <presentationArc xlink:type="arc" xlink:arcrole="http://www.xbrl.org/2003/arcrole/parent-child" xlink:from="gl-cor_entityInformation" xlink:to="gl-bus_businessDescription" xlink:title="presentation: entityInformation to businessDescription" use="optional" order="185"/>
    <!-- fiscalYearStart -->
    <loc xlink:type="locator" xlink:href="gl-bus-2020-12-31.xsd#gl-bus_fiscalYearStart" xlink:label="gl-bus_fiscalYearStart" xlink:title="presentation child: fiscalYearStart"/>
    <presentationArc xlink:type="arc" xlink:arcrole="http://www.xbrl.org/2003/arcrole/parent-child" xlink:from="gl-cor_entityInformation" xlink:to="gl-bus_fiscalYearStart" xlink:title="presentation: entityInformation to fiscalYearStart" use="optional" order="186"/>
    <!-- fiscalYearEnd -->
    <loc xlink:type="locator" xlink:href="gl-bus-2020-12-31.xsd#gl-bus_fiscalYearEnd" xlink:label="gl-bus_fiscalYearEnd" xlink:title="presentation child: fiscalYearEnd"/>
    <presentationArc xlink:type="arc" xlink:arcrole="http://www.xbrl.org/2003/arcrole/parent-child" xlink:from="gl-cor_entityInformation" xlink:to="gl-bus_fiscalYearEnd" xlink:title="presentation: entityInformation to fiscalYearEnd" use="optional" order="187"/>
    <!-- organizationAccountingMethodStructure -->
    <loc xlink:type="locator" xlink:href="gl-bus-2020-12-31.xsd#gl-bus_organizationAccountingMethodStructure" xlink:label="gl-bus_organizationAccountingMethodStructure" xlink:title="presentation child: organizationAccountingMethodStructure"/>
    <presentationArc xlink:type="arc" xlink:arcrole="http://www.xbrl.org/2003/arcrole/parent-child" xlink:from="gl-cor_entityInformation" xlink:to="gl-bus_organizationAccountingMethodStructure" xlink:title="presentation: entityInformation to organizationAccountingMethodStructure" use="optional" order="188"/>
    <!-- organizationAccountingMethod -->
    <loc xlink:type="locator" xlink:href="gl-bus-2020-12-31.xsd#gl-bus_organizationAccountingMethodStructure" xlink:label="gl-bus_organizationAccountingMethodStructure" xlink:title="presentation parent: organizationAccountingMethodStructure"/>
    <loc xlink:type="locator" xlink:href="gl-bus-2020-12-31.xsd#gl-bus_organizationAccountingMethod" xlink:label="gl-bus_organizationAccountingMethod" xlink:title="presentation child: organizationAccountingMethod"/>
    <presentationArc xlink:type="arc" xlink:arcrole="http://www.xbrl.org/2003/arcrole/parent-child" xlink:from="gl-bus_organizationAccountingMethodStructure" xlink:to="gl-bus_organizationAccountingMethod" xlink:title="presentation: organizationAccountingMethodStructure to organizationAccountingMethod" use="optional" order="189"/>
    <!-- organizationAccountingMethodDescription -->
    <loc xlink:type="locator" xlink:href="gl-bus-2020-12-31.xsd#gl-bus_organizationAccountingMethodDescription" xlink:label="gl-bus_organizationAccountingMethodDescription" xlink:title="presentation child: organizationAccountingMethodDescription"/>
    <presentationArc xlink:type="arc" xlink:arcrole="http://www.xbrl.org/2003/arcrole/parent-child" xlink:from="gl-bus_organizationAccountingMethodStructure" xlink:to="gl-bus_organizationAccountingMethodDescription" xlink:title="presentation: organizationAccountingMethodStructure to organizationAccountingMethodDescription" use="optional" order="190"/>
    <!-- organizationAccountingMethodPurpose -->
    <loc xlink:type="locator" xlink:href="gl-bus-2020-12-31.xsd#gl-bus_organizationAccountingMethodPurpose" xlink:label="gl-bus_organizationAccountingMethodPurpose" xlink:title="presentation child: organizationAccountingMethodPurpose"/>
    <presentationArc xlink:type="arc" xlink:arcrole="http://www.xbrl.org/2003/arcrole/parent-child" xlink:from="gl-bus_organizationAccountingMethodStructure" xlink:to="gl-bus_organizationAccountingMethodPurpose" xlink:title="presentation: organizationAccountingMethodStructure to organizationAccountingMethodPurpose" use="optional" order="191"/>
    <!-- organizationAccountingMethodPurposeDescription -->
    <loc xlink:type="locator" xlink:href="gl-bus-2020-12-31.xsd#gl-bus_organizationAccountingMethodPurposeDescription" xlink:label="gl-bus_organizationAccountingMethodPurposeDescription" xlink:title="presentation child: organizationAccountingMethodPurposeDescription"/>
    <presentationArc xlink:type="arc" xlink:arcrole="http://www.xbrl.org/2003/arcrole/parent-child" xlink:from="gl-bus_organizationAccountingMethodStructure" xlink:to="gl-bus_organizationAccountingMethodPurposeDescription" xlink:title="presentation: organizationAccountingMethodStructure to organizationAccountingMethodPurposeDescription" use="optional" order="192"/>
    <!-- organizationAccountingMethodStartDate -->
    <loc xlink:type="locator" xlink:href="gl-bus-2020-12-31.xsd#gl-bus_organizationAccountingMethodStartDate" xlink:label="gl-bus_organizationAccountingMethodStartDate" xlink:title="presentation child: organizationAccountingMethodStartDate"/>
    <presentationArc xlink:type="arc" xlink:arcrole="http://www.xbrl.org/2003/arcrole/parent-child" xlink:from="gl-bus_organizationAccountingMethodStructure" xlink:to="gl-bus_organizationAccountingMethodStartDate" xlink:title="presentation: organizationAccountingMethodStructure to organizationAccountingMethodStartDate" use="optional" order="193"/>
    <!-- organizationAccountingMethodEndDate -->
    <loc xlink:type="locator" xlink:href="gl-bus-2020-12-31.xsd#gl-bus_organizationAccountingMethodEndDate" xlink:label="gl-bus_organizationAccountingMethodEndDate" xlink:title="presentation child: organizationAccountingMethodEndDate"/>
    <presentationArc xlink:type="arc" xlink:arcrole="http://www.xbrl.org/2003/arcrole/parent-child" xlink:from="gl-bus_organizationAccountingMethodStructure" xlink:to="gl-bus_organizationAccountingMethodEndDate" xlink:title="presentation: organizationAccountingMethodStructure to organizationAccountingMethodEndDate" use="optional" order="194"/>
    <!-- accountantInformation -->
    <loc xlink:type="locator" xlink:href="gl-bus-2020-12-31.xsd#gl-bus_accountantInformation" xlink:label="gl-bus_accountantInformation" xlink:title="presentation child: accountantInformation"/>
    <presentationArc xlink:type="arc" xlink:arcrole="http://www.xbrl.org/2003/arcrole/parent-child" xlink:from="gl-cor_entityInformation" xlink:to="gl-bus_accountantInformation" xlink:title="presentation: entityInformation to accountantInformation" use="optional" order="195"/>
    <!-- accountantName -->
    <loc xlink:type="locator" xlink:href="gl-bus-2020-12-31.xsd#gl-bus_accountantInformation" xlink:label="gl-bus_accountantInformation" xlink:title="presentation parent: accountantInformation"/>
    <loc xlink:type="locator" xlink:href="gl-bus-2020-12-31.xsd#gl-bus_accountantName" xlink:label="gl-bus_accountantName" xlink:title="presentation child: accountantName"/>
    <presentationArc xlink:type="arc" xlink:arcrole="http://www.xbrl.org/2003/arcrole/parent-child" xlink:from="gl-bus_accountantInformation" xlink:to="gl-bus_accountantName" xlink:title="presentation: accountantInformation to accountantName" use="optional" order="196"/>
    <!-- accountantAddress -->
    <loc xlink:type="locator" xlink:href="gl-bus-2020-12-31.xsd#gl-bus_accountantAddress" xlink:label="gl-bus_accountantAddress" xlink:title="presentation child: accountantAddress"/>
    <presentationArc xlink:type="arc" xlink:arcrole="http://www.xbrl.org/2003/arcrole/parent-child" xlink:from="gl-bus_accountantInformation" xlink:to="gl-bus_accountantAddress" xlink:title="presentation: accountantInformation to accountantAddress" use="optional" order="197"/>
    <!-- accountantAddressName -->
    <loc xlink:type="locator" xlink:href="gl-bus-2020-12-31.xsd#gl-bus_accountantAddress" xlink:label="gl-bus_accountantAddress" xlink:title="presentation parent: accountantAddress"/>
    <loc xlink:type="locator" xlink:href="gl-bus-2020-12-31.xsd#gl-bus_accountantAddressName" xlink:label="gl-bus_accountantAddressName" xlink:title="presentation child: accountantAddressName"/>
    <presentationArc xlink:type="arc" xlink:arcrole="http://www.xbrl.org/2003/arcrole/parent-child" xlink:from="gl-bus_accountantAddress" xlink:to="gl-bus_accountantAddressName" xlink:title="presentation: accountantAddress to accountantAddressName" use="optional" order="198"/>
    <!-- accountantAddressDescription -->
    <loc xlink:type="locator" xlink:href="gl-bus-2020-12-31.xsd#gl-bus_accountantAddressDescription" xlink:label="gl-bus_accountantAddressDescription" xlink:title="presentation child: accountantAddressDescription"/>
    <presentationArc xlink:type="arc" xlink:arcrole="http://www.xbrl.org/2003/arcrole/parent-child" xlink:from="gl-bus_accountantAddress" xlink:to="gl-bus_accountantAddressDescription" xlink:title="presentation: accountantAddress to accountantAddressDescription" use="optional" order="199"/>
    <!-- accountantAddressPurpose -->
    <loc xlink:type="locator" xlink:href="gl-bus-2020-12-31.xsd#gl-bus_accountantAddressPurpose" xlink:label="gl-bus_accountantAddressPurpose" xlink:title="presentation child: accountantAddressPurpose"/>
    <presentationArc xlink:type="arc" xlink:arcrole="http://www.xbrl.org/2003/arcrole/parent-child" xlink:from="gl-bus_accountantAddress" xlink:to="gl-bus_accountantAddressPurpose" xlink:title="presentation: accountantAddress to accountantAddressPurpose" use="optional" order="200"/>
    <!-- accountantAddressLocationIdentifier -->
    <loc xlink:type="locator" xlink:href="gl-bus-2020-12-31.xsd#gl-bus_accountantAddressLocationIdentifier" xlink:label="gl-bus_accountantAddressLocationIdentifier" xlink:title="presentation child: accountantAddressLocationIdentifier"/>
    <presentationArc xlink:type="arc" xlink:arcrole="http://www.xbrl.org/2003/arcrole/parent-child" xlink:from="gl-bus_accountantAddress" xlink:to="gl-bus_accountantAddressLocationIdentifier" xlink:title="presentation: accountantAddress to accountantAddressLocationIdentifier" use="optional" order="201"/>
    <!-- accountantBuildingNumber -->
    <loc xlink:type="locator" xlink:href="gl-bus-2020-12-31.xsd#gl-bus_accountantBuildingNumber" xlink:label="gl-bus_accountantBuildingNumber" xlink:title="presentation child: accountantBuildingNumber"/>
    <presentationArc xlink:type="arc" xlink:arcrole="http://www.xbrl.org/2003/arcrole/parent-child" xlink:from="gl-bus_accountantAddress" xlink:to="gl-bus_accountantBuildingNumber" xlink:title="presentation: accountantAddress to accountantBuildingNumber" use="optional" order="202"/>
    <!-- accountantStreet -->
    <loc xlink:type="locator" xlink:href="gl-bus-2020-12-31.xsd#gl-bus_accountantStreet" xlink:label="gl-bus_accountantStreet" xlink:title="presentation child: accountantStreet"/>
    <presentationArc xlink:type="arc" xlink:arcrole="http://www.xbrl.org/2003/arcrole/parent-child" xlink:from="gl-bus_accountantAddress" xlink:to="gl-bus_accountantStreet" xlink:title="presentation: accountantAddress to accountantStreet" use="optional" order="203"/>
    <!-- accountantAddressStreet2 -->
    <loc xlink:type="locator" xlink:href="gl-bus-2020-12-31.xsd#gl-bus_accountantAddressStreet2" xlink:label="gl-bus_accountantAddressStreet2" xlink:title="presentation child: accountantAddressStreet2"/>
    <presentationArc xlink:type="arc" xlink:arcrole="http://www.xbrl.org/2003/arcrole/parent-child" xlink:from="gl-bus_accountantAddress" xlink:to="gl-bus_accountantAddressStreet2" xlink:title="presentation: accountantAddress to accountantAddressStreet2" use="optional" order="204"/>
    <!-- accountantCity -->
    <loc xlink:type="locator" xlink:href="gl-bus-2020-12-31.xsd#gl-bus_accountantCity" xlink:label="gl-bus_accountantCity" xlink:title="presentation child: accountantCity"/>
    <presentationArc xlink:type="arc" xlink:arcrole="http://www.xbrl.org/2003/arcrole/parent-child" xlink:from="gl-bus_accountantAddress" xlink:to="gl-bus_accountantCity" xlink:title="presentation: accountantAddress to accountantCity" use="optional" order="205"/>
    <!-- accountantStateOrProvince -->
    <loc xlink:type="locator" xlink:href="gl-bus-2020-12-31.xsd#gl-bus_accountantStateOrProvince" xlink:label="gl-bus_accountantStateOrProvince" xlink:title="presentation child: accountantStateOrProvince"/>
    <presentationArc xlink:type="arc" xlink:arcrole="http://www.xbrl.org/2003/arcrole/parent-child" xlink:from="gl-bus_accountantAddress" xlink:to="gl-bus_accountantStateOrProvince" xlink:title="presentation: accountantAddress to accountantStateOrProvince" use="optional" order="206"/>
    <!-- accountantCountry -->
    <loc xlink:type="locator" xlink:href="gl-bus-2020-12-31.xsd#gl-bus_accountantCountry" xlink:label="gl-bus_accountantCountry" xlink:title="presentation child: accountantCountry"/>
    <presentationArc xlink:type="arc" xlink:arcrole="http://www.xbrl.org/2003/arcrole/parent-child" xlink:from="gl-bus_accountantAddress" xlink:to="gl-bus_accountantCountry" xlink:title="presentation: accountantAddress to accountantCountry" use="optional" order="207"/>
    <!-- accountantZipOrPostalCode -->
    <loc xlink:type="locator" xlink:href="gl-bus-2020-12-31.xsd#gl-bus_accountantZipOrPostalCode" xlink:label="gl-bus_accountantZipOrPostalCode" xlink:title="presentation child: accountantZipOrPostalCode"/>
    <presentationArc xlink:type="arc" xlink:arcrole="http://www.xbrl.org/2003/arcrole/parent-child" xlink:from="gl-bus_accountantAddress" xlink:to="gl-bus_accountantZipOrPostalCode" xlink:title="presentation: accountantAddress to accountantZipOrPostalCode" use="optional" order="208"/>
    <!-- accountantAddressActive -->
    <loc xlink:type="locator" xlink:href="gl-bus-2020-12-31.xsd#gl-bus_accountantAddressActive" xlink:label="gl-bus_accountantAddressActive" xlink:title="presentation child: accountantAddressActive"/>
    <presentationArc xlink:type="arc" xlink:arcrole="http://www.xbrl.org/2003/arcrole/parent-child" xlink:from="gl-bus_accountantAddress" xlink:to="gl-bus_accountantAddressActive" xlink:title="presentation: accountantAddress to accountantAddressActive" use="optional" order="209"/>
    <!-- accountantEngagementType -->
    <loc xlink:type="locator" xlink:href="gl-bus-2020-12-31.xsd#gl-bus_accountantEngagementType" xlink:label="gl-bus_accountantEngagementType" xlink:title="presentation child: accountantEngagementType"/>
    <presentationArc xlink:type="arc" xlink:arcrole="http://www.xbrl.org/2003/arcrole/parent-child" xlink:from="gl-bus_accountantInformation" xlink:to="gl-bus_accountantEngagementType" xlink:title="presentation: accountantInformation to accountantEngagementType" use="optional" order="210"/>
    <!-- accountantEngagementTypeDescription -->
    <loc xlink:type="locator" xlink:href="gl-bus-2020-12-31.xsd#gl-bus_accountantEngagementTypeDescription" xlink:label="gl-bus_accountantEngagementTypeDescription" xlink:title="presentation child: accountantEngagementTypeDescription"/>
    <presentationArc xlink:type="arc" xlink:arcrole="http://www.xbrl.org/2003/arcrole/parent-child" xlink:from="gl-bus_accountantInformation" xlink:to="gl-bus_accountantEngagementTypeDescription" xlink:title="presentation: accountantInformation to accountantEngagementTypeDescription" use="optional" order="211"/>
    <!-- accountantContactInformation -->
    <loc xlink:type="locator" xlink:href="gl-bus-2020-12-31.xsd#gl-bus_accountantContactInformation" xlink:label="gl-bus_accountantContactInformation" xlink:title="presentation child: accountantContactInformation"/>
    <presentationArc xlink:type="arc" xlink:arcrole="http://www.xbrl.org/2003/arcrole/parent-child" xlink:from="gl-bus_accountantInformation" xlink:to="gl-bus_accountantContactInformation" xlink:title="presentation: accountantInformation to accountantContactInformation" use="optional" order="212"/>
    <!-- accountantContactPrefix -->
    <loc xlink:type="locator" xlink:href="gl-bus-2020-12-31.xsd#gl-bus_accountantContactInformation" xlink:label="gl-bus_accountantContactInformation" xlink:title="presentation parent: accountantContactInformation"/>
    <loc xlink:type="locator" xlink:href="gl-bus-2020-12-31.xsd#gl-bus_accountantContactPrefix" xlink:label="gl-bus_accountantContactPrefix" xlink:title="presentation child: accountantContactPrefix"/>
    <presentationArc xlink:type="arc" xlink:arcrole="http://www.xbrl.org/2003/arcrole/parent-child" xlink:from="gl-bus_accountantContactInformation" xlink:to="gl-bus_accountantContactPrefix" xlink:title="presentation: accountantContactInformation to accountantContactPrefix" use="optional" order="213"/>
    <!-- accountantContactLastName -->
    <loc xlink:type="locator" xlink:href="gl-bus-2020-12-31.xsd#gl-bus_accountantContactLastName" xlink:label="gl-bus_accountantContactLastName" xlink:title="presentation child: accountantContactLastName"/>
    <presentationArc xlink:type="arc" xlink:arcrole="http://www.xbrl.org/2003/arcrole/parent-child" xlink:from="gl-bus_accountantContactInformation" xlink:to="gl-bus_accountantContactLastName" xlink:title="presentation: accountantContactInformation to accountantContactLastName" use="optional" order="214"/>
    <!-- accountantContactFirstName -->
    <loc xlink:type="locator" xlink:href="gl-bus-2020-12-31.xsd#gl-bus_accountantContactFirstName" xlink:label="gl-bus_accountantContactFirstName" xlink:title="presentation child: accountantContactFirstName"/>
    <presentationArc xlink:type="arc" xlink:arcrole="http://www.xbrl.org/2003/arcrole/parent-child" xlink:from="gl-bus_accountantContactInformation" xlink:to="gl-bus_accountantContactFirstName" xlink:title="presentation: accountantContactInformation to accountantContactFirstName" use="optional" order="215"/>
    <!-- accountantContactSuffix -->
    <loc xlink:type="locator" xlink:href="gl-bus-2020-12-31.xsd#gl-bus_accountantContactSuffix" xlink:label="gl-bus_accountantContactSuffix" xlink:title="presentation child: accountantContactSuffix"/>
    <presentationArc xlink:type="arc" xlink:arcrole="http://www.xbrl.org/2003/arcrole/parent-child" xlink:from="gl-bus_accountantContactInformation" xlink:to="gl-bus_accountantContactSuffix" xlink:title="presentation: accountantContactInformation to accountantContactSuffix" use="optional" order="216"/>
    <!-- accountantContactAttentionLine -->
    <loc xlink:type="locator" xlink:href="gl-bus-2020-12-31.xsd#gl-bus_accountantContactAttentionLine" xlink:label="gl-bus_accountantContactAttentionLine" xlink:title="presentation child: accountantContactAttentionLine"/>
    <presentationArc xlink:type="arc" xlink:arcrole="http://www.xbrl.org/2003/arcrole/parent-child" xlink:from="gl-bus_accountantContactInformation" xlink:to="gl-bus_accountantContactAttentionLine" xlink:title="presentation: accountantContactInformation to accountantContactAttentionLine" use="optional" order="217"/>
    <!-- accountantContactPositionRole -->
    <loc xlink:type="locator" xlink:href="gl-bus-2020-12-31.xsd#gl-bus_accountantContactPositionRole" xlink:label="gl-bus_accountantContactPositionRole" xlink:title="presentation child: accountantContactPositionRole"/>
    <presentationArc xlink:type="arc" xlink:arcrole="http://www.xbrl.org/2003/arcrole/parent-child" xlink:from="gl-bus_accountantContactInformation" xlink:to="gl-bus_accountantContactPositionRole" xlink:title="presentation: accountantContactInformation to accountantContactPositionRole" use="optional" order="218"/>
    <!-- accountantContactPhone -->
    <loc xlink:type="locator" xlink:href="gl-bus-2020-12-31.xsd#gl-bus_accountantContactPhone" xlink:label="gl-bus_accountantContactPhone" xlink:title="presentation child: accountantContactPhone"/>
    <presentationArc xlink:type="arc" xlink:arcrole="http://www.xbrl.org/2003/arcrole/parent-child" xlink:from="gl-bus_accountantContactInformation" xlink:to="gl-bus_accountantContactPhone" xlink:title="presentation: accountantContactInformation to accountantContactPhone" use="optional" order="219"/>
    <!-- accountantContactPhoneNumberDescription -->
    <loc xlink:type="locator" xlink:href="gl-bus-2020-12-31.xsd#gl-bus_accountantContactPhone" xlink:label="gl-bus_accountantContactPhone" xlink:title="presentation parent: accountantContactPhone"/>
    <loc xlink:type="locator" xlink:href="gl-bus-2020-12-31.xsd#gl-bus_accountantContactPhoneNumberDescription" xlink:label="gl-bus_accountantContactPhoneNumberDescription" xlink:title="presentation child: accountantContactPhoneNumberDescription"/>
    <presentationArc xlink:type="arc" xlink:arcrole="http://www.xbrl.org/2003/arcrole/parent-child" xlink:from="gl-bus_accountantContactPhone" xlink:to="gl-bus_accountantContactPhoneNumberDescription" xlink:title="presentation: accountantContactPhone to accountantContactPhoneNumberDescription" use="optional" order="220"/>
    <!-- accountantContactPhoneNumber -->
    <loc xlink:type="locator" xlink:href="gl-bus-2020-12-31.xsd#gl-bus_accountantContactPhoneNumber" xlink:label="gl-bus_accountantContactPhoneNumber" xlink:title="presentation child: accountantContactPhoneNumber"/>
    <presentationArc xlink:type="arc" xlink:arcrole="http://www.xbrl.org/2003/arcrole/parent-child" xlink:from="gl-bus_accountantContactPhone" xlink:to="gl-bus_accountantContactPhoneNumber" xlink:title="presentation: accountantContactPhone to accountantContactPhoneNumber" use="optional" order="221"/>
    <!-- accountantContactFax -->
    <loc xlink:type="locator" xlink:href="gl-bus-2020-12-31.xsd#gl-bus_accountantContactFax" xlink:label="gl-bus_accountantContactFax" xlink:title="presentation child: accountantContactFax"/>
    <presentationArc xlink:type="arc" xlink:arcrole="http://www.xbrl.org/2003/arcrole/parent-child" xlink:from="gl-bus_accountantContactInformation" xlink:to="gl-bus_accountantContactFax" xlink:title="presentation: accountantContactInformation to accountantContactFax" use="optional" order="222"/>
    <!-- accountantContactFaxNumber -->
    <loc xlink:type="locator" xlink:href="gl-bus-2020-12-31.xsd#gl-bus_accountantContactFax" xlink:label="gl-bus_accountantContactFax" xlink:title="presentation parent: accountantContactFax"/>
    <loc xlink:type="locator" xlink:href="gl-bus-2020-12-31.xsd#gl-bus_accountantContactFaxNumber" xlink:label="gl-bus_accountantContactFaxNumber" xlink:title="presentation child: accountantContactFaxNumber"/>
    <presentationArc xlink:type="arc" xlink:arcrole="http://www.xbrl.org/2003/arcrole/parent-child" xlink:from="gl-bus_accountantContactFax" xlink:to="gl-bus_accountantContactFaxNumber" xlink:title="presentation: accountantContactFax to accountantContactFaxNumber" use="optional" order="223"/>
    <!-- accountantContactFaxNumberUsage -->
    <loc xlink:type="locator" xlink:href="gl-bus-2020-12-31.xsd#gl-bus_accountantContactFaxNumberUsage" xlink:label="gl-bus_accountantContactFaxNumberUsage" xlink:title="presentation child: accountantContactFaxNumberUsage"/>
    <presentationArc xlink:type="arc" xlink:arcrole="http://www.xbrl.org/2003/arcrole/parent-child" xlink:from="gl-bus_accountantContactFax" xlink:to="gl-bus_accountantContactFaxNumberUsage" xlink:title="presentation: accountantContactFax to accountantContactFaxNumberUsage" use="optional" order="224"/>
    <!-- accountantContactEmail -->
    <loc xlink:type="locator" xlink:href="gl-bus-2020-12-31.xsd#gl-bus_accountantContactEmail" xlink:label="gl-bus_accountantContactEmail" xlink:title="presentation child: accountantContactEmail"/>
    <presentationArc xlink:type="arc" xlink:arcrole="http://www.xbrl.org/2003/arcrole/parent-child" xlink:from="gl-bus_accountantContactInformation" xlink:to="gl-bus_accountantContactEmail" xlink:title="presentation: accountantContactInformation to accountantContactEmail" use="optional" order="225"/>
    <!-- accountantContactEmailAddressUsage -->
    <loc xlink:type="locator" xlink:href="gl-bus-2020-12-31.xsd#gl-bus_accountantContactEmail" xlink:label="gl-bus_accountantContactEmail" xlink:title="presentation parent: accountantContactEmail"/>
    <loc xlink:type="locator" xlink:href="gl-bus-2020-12-31.xsd#gl-bus_accountantContactEmailAddressUsage" xlink:label="gl-bus_accountantContactEmailAddressUsage" xlink:title="presentation child: accountantContactEmailAddressUsage"/>
    <presentationArc xlink:type="arc" xlink:arcrole="http://www.xbrl.org/2003/arcrole/parent-child" xlink:from="gl-bus_accountantContactEmail" xlink:to="gl-bus_accountantContactEmailAddressUsage" xlink:title="presentation: accountantContactEmail to accountantContactEmailAddressUsage" use="optional" order="226"/>
    <!-- accountantContactEmailAddress -->
    <loc xlink:type="locator" xlink:href="gl-bus-2020-12-31.xsd#gl-bus_accountantContactEmailAddress" xlink:label="gl-bus_accountantContactEmailAddress" xlink:title="presentation child: accountantContactEmailAddress"/>
    <presentationArc xlink:type="arc" xlink:arcrole="http://www.xbrl.org/2003/arcrole/parent-child" xlink:from="gl-bus_accountantContactEmail" xlink:to="gl-bus_accountantContactEmailAddress" xlink:title="presentation: accountantContactEmail to accountantContactEmailAddress" use="optional" order="227"/>
    <!-- accountantContactType -->
    <loc xlink:type="locator" xlink:href="gl-bus-2020-12-31.xsd#gl-bus_accountantContactType" xlink:label="gl-bus_accountantContactType" xlink:title="presentation child: accountantContactType"/>
    <presentationArc xlink:type="arc" xlink:arcrole="http://www.xbrl.org/2003/arcrole/parent-child" xlink:from="gl-bus_accountantContactInformation" xlink:to="gl-bus_accountantContactType" xlink:title="presentation: accountantContactInformation to accountantContactType" use="optional" order="228"/>
    <!-- accountantLocationIdentifierCrossReference -->
    <loc xlink:type="locator" xlink:href="gl-bus-2020-12-31.xsd#gl-bus_accountantLocationIdentifierCrossReference" xlink:label="gl-bus_accountantLocationIdentifierCrossReference" xlink:title="presentation child: accountantLocationIdentifierCrossReference"/>
    <presentationArc xlink:type="arc" xlink:arcrole="http://www.xbrl.org/2003/arcrole/parent-child" xlink:from="gl-bus_accountantContactInformation" xlink:to="gl-bus_accountantLocationIdentifierCrossReference" xlink:title="presentation: accountantContactInformation to accountantLocationIdentifierCrossReference" use="optional" order="229"/>
    <!-- accountantContactActive -->
    <loc xlink:type="locator" xlink:href="gl-bus-2020-12-31.xsd#gl-bus_accountantContactActive" xlink:label="gl-bus_accountantContactActive" xlink:title="presentation child: accountantContactActive"/>
    <presentationArc xlink:type="arc" xlink:arcrole="http://www.xbrl.org/2003/arcrole/parent-child" xlink:from="gl-bus_accountantContactInformation" xlink:to="gl-bus_accountantContactActive" xlink:title="presentation: accountantContactInformation to accountantContactActive" use="optional" order="230"/>
    <!-- identifierPurpose -->
    <loc xlink:type="locator" xlink:href="../cor/gl-cor-2020-12-31.xsd#gl-cor_identifierReference" xlink:label="gl-cor_identifierReference" xlink:title="presentation parent: identifierReference"/>
    <loc xlink:type="locator" xlink:href="gl-bus-2020-12-31.xsd#gl-bus_identifierPurpose" xlink:label="gl-bus_identifierPurpose" xlink:title="presentation child: identifierPurpose"/>
    <presentationArc xlink:type="arc" xlink:arcrole="http://www.xbrl.org/2003/arcrole/parent-child" xlink:from="gl-cor_identifierReference" xlink:to="gl-bus_identifierPurpose" xlink:title="presentation: identifierReference to identifierPurpose" use="optional" order="251"/>
    <!-- identifierAddress -->
    <loc xlink:type="locator" xlink:href="gl-bus-2020-12-31.xsd#gl-bus_identifierAddress" xlink:label="gl-bus_identifierAddress" xlink:title="presentation child: identifierAddress"/>
    <presentationArc xlink:type="arc" xlink:arcrole="http://www.xbrl.org/2003/arcrole/parent-child" xlink:from="gl-cor_identifierReference" xlink:to="gl-bus_identifierAddress" xlink:title="presentation: identifierReference to identifierAddress" use="optional" order="252"/>
    <!-- identifierAddressDescription -->
    <loc xlink:type="locator" xlink:href="gl-bus-2020-12-31.xsd#gl-bus_identifierAddress" xlink:label="gl-bus_identifierAddress" xlink:title="presentation parent: identifierAddress"/>
    <loc xlink:type="locator" xlink:href="gl-bus-2020-12-31.xsd#gl-bus_identifierAddressDescription" xlink:label="gl-bus_identifierAddressDescription" xlink:title="presentation child: identifierAddressDescription"/>
    <presentationArc xlink:type="arc" xlink:arcrole="http://www.xbrl.org/2003/arcrole/parent-child" xlink:from="gl-bus_identifierAddress" xlink:to="gl-bus_identifierAddressDescription" xlink:title="presentation: identifierAddress to identifierAddressDescription" use="optional" order="253"/>
    <!-- identifierAddressPurpose -->
    <loc xlink:type="locator" xlink:href="gl-bus-2020-12-31.xsd#gl-bus_identifierAddressPurpose" xlink:label="gl-bus_identifierAddressPurpose" xlink:title="presentation child: identifierAddressPurpose"/>
    <presentationArc xlink:type="arc" xlink:arcrole="http://www.xbrl.org/2003/arcrole/parent-child" xlink:from="gl-bus_identifierAddress" xlink:to="gl-bus_identifierAddressPurpose" xlink:title="presentation: identifierAddress to identifierAddressPurpose" use="optional" order="254"/>
    <!-- identifierBuildingNumber -->
    <loc xlink:type="locator" xlink:href="gl-bus-2020-12-31.xsd#gl-bus_identifierBuildingNumber" xlink:label="gl-bus_identifierBuildingNumber" xlink:title="presentation child: identifierBuildingNumber"/>
    <presentationArc xlink:type="arc" xlink:arcrole="http://www.xbrl.org/2003/arcrole/parent-child" xlink:from="gl-bus_identifierAddress" xlink:to="gl-bus_identifierBuildingNumber" xlink:title="presentation: identifierAddress to identifierBuildingNumber" use="optional" order="255"/>
    <!-- identifierStreet -->
    <loc xlink:type="locator" xlink:href="gl-bus-2020-12-31.xsd#gl-bus_identifierStreet" xlink:label="gl-bus_identifierStreet" xlink:title="presentation child: identifierStreet"/>
    <presentationArc xlink:type="arc" xlink:arcrole="http://www.xbrl.org/2003/arcrole/parent-child" xlink:from="gl-bus_identifierAddress" xlink:to="gl-bus_identifierStreet" xlink:title="presentation: identifierAddress to identifierStreet" use="optional" order="256"/>
    <!-- identifierAddressStreet2 -->
    <loc xlink:type="locator" xlink:href="gl-bus-2020-12-31.xsd#gl-bus_identifierAddressStreet2" xlink:label="gl-bus_identifierAddressStreet2" xlink:title="presentation child: identifierAddressStreet2"/>
    <presentationArc xlink:type="arc" xlink:arcrole="http://www.xbrl.org/2003/arcrole/parent-child" xlink:from="gl-bus_identifierAddress" xlink:to="gl-bus_identifierAddressStreet2" xlink:title="presentation: identifierAddress to identifierAddressStreet2" use="optional" order="257"/>
    <!-- identifierCity -->
    <loc xlink:type="locator" xlink:href="gl-bus-2020-12-31.xsd#gl-bus_identifierCity" xlink:label="gl-bus_identifierCity" xlink:title="presentation child: identifierCity"/>
    <presentationArc xlink:type="arc" xlink:arcrole="http://www.xbrl.org/2003/arcrole/parent-child" xlink:from="gl-bus_identifierAddress" xlink:to="gl-bus_identifierCity" xlink:title="presentation: identifierAddress to identifierCity" use="optional" order="258"/>
    <!-- identifierStateOrProvince -->
    <loc xlink:type="locator" xlink:href="gl-bus-2020-12-31.xsd#gl-bus_identifierStateOrProvince" xlink:label="gl-bus_identifierStateOrProvince" xlink:title="presentation child: identifierStateOrProvince"/>
    <presentationArc xlink:type="arc" xlink:arcrole="http://www.xbrl.org/2003/arcrole/parent-child" xlink:from="gl-bus_identifierAddress" xlink:to="gl-bus_identifierStateOrProvince" xlink:title="presentation: identifierAddress to identifierStateOrProvince" use="optional" order="259"/>
    <!-- identifierCountry -->
    <loc xlink:type="locator" xlink:href="gl-bus-2020-12-31.xsd#gl-bus_identifierCountry" xlink:label="gl-bus_identifierCountry" xlink:title="presentation child: identifierCountry"/>
    <presentationArc xlink:type="arc" xlink:arcrole="http://www.xbrl.org/2003/arcrole/parent-child" xlink:from="gl-bus_identifierAddress" xlink:to="gl-bus_identifierCountry" xlink:title="presentation: identifierAddress to identifierCountry" use="optional" order="260"/>
    <!-- identifierZipOrPostalCode -->
    <loc xlink:type="locator" xlink:href="gl-bus-2020-12-31.xsd#gl-bus_identifierZipOrPostalCode" xlink:label="gl-bus_identifierZipOrPostalCode" xlink:title="presentation child: identifierZipOrPostalCode"/>
    <presentationArc xlink:type="arc" xlink:arcrole="http://www.xbrl.org/2003/arcrole/parent-child" xlink:from="gl-bus_identifierAddress" xlink:to="gl-bus_identifierZipOrPostalCode" xlink:title="presentation: identifierAddress to identifierZipOrPostalCode" use="optional" order="261"/>
    <!-- identifierAddressLocationIdentifier -->
    <loc xlink:type="locator" xlink:href="gl-bus-2020-12-31.xsd#gl-bus_identifierAddressLocationIdentifier" xlink:label="gl-bus_identifierAddressLocationIdentifier" xlink:title="presentation child: identifierAddressLocationIdentifier"/>
    <presentationArc xlink:type="arc" xlink:arcrole="http://www.xbrl.org/2003/arcrole/parent-child" xlink:from="gl-bus_identifierAddress" xlink:to="gl-bus_identifierAddressLocationIdentifier" xlink:title="presentation: identifierAddress to identifierAddressLocationIdentifier" use="optional" order="262"/>
    <!-- identifierLocationIdentifierCrossReference -->
    <loc xlink:type="locator" xlink:href="../cor/gl-cor-2020-12-31.xsd#gl-cor_identifierContactInformationStructure" xlink:label="gl-cor_identifierContactInformationStructure" xlink:title="presentation parent: identifierContactInformationStructure"/>
    <loc xlink:type="locator" xlink:href="gl-bus-2020-12-31.xsd#gl-bus_identifierLocationIdentifierCrossReference" xlink:label="gl-bus_identifierLocationIdentifierCrossReference" xlink:title="presentation child: identifierLocationIdentifierCrossReference"/>
    <presentationArc xlink:type="arc" xlink:arcrole="http://www.xbrl.org/2003/arcrole/parent-child" xlink:from="gl-cor_identifierContactInformationStructure" xlink:to="gl-bus_identifierLocationIdentifierCrossReference" xlink:title="presentation: identifierContactInformationStructure to identifierLocationIdentifierCrossReference" use="optional" order="280"/>
    <!-- reportingCalendar -->
    <loc xlink:type="locator" xlink:href="gl-bus-2020-12-31.xsd#gl-bus_reportingCalendar" xlink:label="gl-bus_reportingCalendar" xlink:title="presentation child: reportingCalendar"/>
    <presentationArc xlink:type="arc" xlink:arcrole="http://www.xbrl.org/2003/arcrole/parent-child" xlink:from="gl-cor_entityInformation" xlink:to="gl-bus_reportingCalendar" xlink:title="presentation: entityInformation to reportingCalendar" use="optional" order="282"/>
    <!-- reportingCalendarCode -->
    <loc xlink:type="locator" xlink:href="gl-bus-2020-12-31.xsd#gl-bus_reportingCalendar" xlink:label="gl-bus_reportingCalendar" xlink:title="presentation parent: reportingCalendar"/>
    <loc xlink:type="locator" xlink:href="gl-bus-2020-12-31.xsd#gl-bus_reportingCalendarCode" xlink:label="gl-bus_reportingCalendarCode" xlink:title="presentation child: reportingCalendarCode"/>
    <presentationArc xlink:type="arc" xlink:arcrole="http://www.xbrl.org/2003/arcrole/parent-child" xlink:from="gl-bus_reportingCalendar" xlink:to="gl-bus_reportingCalendarCode" xlink:title="presentation: reportingCalendar to reportingCalendarCode" use="optional" order="283"/>
    <!-- reportingCalendarDescription -->
    <loc xlink:type="locator" xlink:href="gl-bus-2020-12-31.xsd#gl-bus_reportingCalendarDescription" xlink:label="gl-bus_reportingCalendarDescription" xlink:title="presentation child: reportingCalendarDescription"/>
    <presentationArc xlink:type="arc" xlink:arcrole="http://www.xbrl.org/2003/arcrole/parent-child" xlink:from="gl-bus_reportingCalendar" xlink:to="gl-bus_reportingCalendarDescription" xlink:title="presentation: reportingCalendar to reportingCalendarDescription" use="optional" order="284"/>
    <!-- reportingCalendarTitle -->
    <loc xlink:type="locator" xlink:href="gl-bus-2020-12-31.xsd#gl-bus_reportingCalendarTitle" xlink:label="gl-bus_reportingCalendarTitle" xlink:title="presentation child: reportingCalendarTitle"/>
    <presentationArc xlink:type="arc" xlink:arcrole="http://www.xbrl.org/2003/arcrole/parent-child" xlink:from="gl-bus_reportingCalendar" xlink:to="gl-bus_reportingCalendarTitle" xlink:title="presentation: reportingCalendar to reportingCalendarTitle" use="optional" order="285"/>
    <!-- reportingCalendarPeriodType -->
    <loc xlink:type="locator" xlink:href="gl-bus-2020-12-31.xsd#gl-bus_reportingCalendarPeriodType" xlink:label="gl-bus_reportingCalendarPeriodType" xlink:title="presentation child: reportingCalendarPeriodType"/>
    <presentationArc xlink:type="arc" xlink:arcrole="http://www.xbrl.org/2003/arcrole/parent-child" xlink:from="gl-bus_reportingCalendar" xlink:to="gl-bus_reportingCalendarPeriodType" xlink:title="presentation: reportingCalendar to reportingCalendarPeriodType" use="optional" order="286"/>
    <!-- reportingCalendarPeriodTypeDescription -->
    <loc xlink:type="locator" xlink:href="gl-bus-2020-12-31.xsd#gl-bus_reportingCalendarPeriodTypeDescription" xlink:label="gl-bus_reportingCalendarPeriodTypeDescription" xlink:title="presentation child: reportingCalendarPeriodTypeDescription"/>
    <presentationArc xlink:type="arc" xlink:arcrole="http://www.xbrl.org/2003/arcrole/parent-child" xlink:from="gl-bus_reportingCalendar" xlink:to="gl-bus_reportingCalendarPeriodTypeDescription" xlink:title="presentation: reportingCalendar to reportingCalendarPeriodTypeDescription" use="optional" order="287"/>
    <!-- reportingCalendarOpenClosedStatus -->
    <loc xlink:type="locator" xlink:href="gl-bus-2020-12-31.xsd#gl-bus_reportingCalendarOpenClosedStatus" xlink:label="gl-bus_reportingCalendarOpenClosedStatus" xlink:title="presentation child: reportingCalendarOpenClosedStatus"/>
    <presentationArc xlink:type="arc" xlink:arcrole="http://www.xbrl.org/2003/arcrole/parent-child" xlink:from="gl-bus_reportingCalendar" xlink:to="gl-bus_reportingCalendarOpenClosedStatus" xlink:title="presentation: reportingCalendar to reportingCalendarOpenClosedStatus" use="optional" order="288"/>
    <!-- reportingPurpose -->
    <loc xlink:type="locator" xlink:href="gl-bus-2020-12-31.xsd#gl-bus_reportingPurpose" xlink:label="gl-bus_reportingPurpose" xlink:title="presentation child: reportingPurpose"/>
    <presentationArc xlink:type="arc" xlink:arcrole="http://www.xbrl.org/2003/arcrole/parent-child" xlink:from="gl-bus_reportingCalendar" xlink:to="gl-bus_reportingPurpose" xlink:title="presentation: reportingCalendar to reportingPurpose" use="optional" order="289"/>
    <!-- reportingPurposeDescription -->
    <loc xlink:type="locator" xlink:href="gl-bus-2020-12-31.xsd#gl-bus_reportingPurposeDescription" xlink:label="gl-bus_reportingPurposeDescription" xlink:title="presentation child: reportingPurposeDescription"/>
    <presentationArc xlink:type="arc" xlink:arcrole="http://www.xbrl.org/2003/arcrole/parent-child" xlink:from="gl-bus_reportingCalendar" xlink:to="gl-bus_reportingPurposeDescription" xlink:title="presentation: reportingCalendar to reportingPurposeDescription" use="optional" order="290"/>
    <!-- reportingCalendarPeriod -->
    <loc xlink:type="locator" xlink:href="gl-bus-2020-12-31.xsd#gl-bus_reportingCalendarPeriod" xlink:label="gl-bus_reportingCalendarPeriod" xlink:title="presentation child: reportingCalendarPeriod"/>
    <presentationArc xlink:type="arc" xlink:arcrole="http://www.xbrl.org/2003/arcrole/parent-child" xlink:from="gl-bus_reportingCalendar" xlink:to="gl-bus_reportingCalendarPeriod" xlink:title="presentation: reportingCalendar to reportingCalendarPeriod" use="optional" order="291"/>
    <!-- periodIdentifier -->
    <loc xlink:type="locator" xlink:href="gl-bus-2020-12-31.xsd#gl-bus_reportingCalendarPeriod" xlink:label="gl-bus_reportingCalendarPeriod" xlink:title="presentation parent: reportingCalendarPeriod"/>
    <loc xlink:type="locator" xlink:href="gl-bus-2020-12-31.xsd#gl-bus_periodIdentifier" xlink:label="gl-bus_periodIdentifier" xlink:title="presentation child: periodIdentifier"/>
    <presentationArc xlink:type="arc" xlink:arcrole="http://www.xbrl.org/2003/arcrole/parent-child" xlink:from="gl-bus_reportingCalendarPeriod" xlink:to="gl-bus_periodIdentifier" xlink:title="presentation: reportingCalendarPeriod to periodIdentifier" use="optional" order="292"/>
    <!-- periodDescription -->
    <loc xlink:type="locator" xlink:href="gl-bus-2020-12-31.xsd#gl-bus_periodDescription" xlink:label="gl-bus_periodDescription" xlink:title="presentation child: periodDescription"/>
    <presentationArc xlink:type="arc" xlink:arcrole="http://www.xbrl.org/2003/arcrole/parent-child" xlink:from="gl-bus_reportingCalendarPeriod" xlink:to="gl-bus_periodDescription" xlink:title="presentation: reportingCalendarPeriod to periodDescription" use="optional" order="293"/>
    <!-- periodStart -->
    <loc xlink:type="locator" xlink:href="gl-bus-2020-12-31.xsd#gl-bus_periodStart" xlink:label="gl-bus_periodStart" xlink:title="presentation child: periodStart"/>
    <presentationArc xlink:type="arc" xlink:arcrole="http://www.xbrl.org/2003/arcrole/parent-child" xlink:from="gl-bus_reportingCalendarPeriod" xlink:to="gl-bus_periodStart" xlink:title="presentation: reportingCalendarPeriod to periodStart" use="optional" order="294"/>
    <!-- periodEnd -->
    <loc xlink:type="locator" xlink:href="gl-bus-2020-12-31.xsd#gl-bus_periodEnd" xlink:label="gl-bus_periodEnd" xlink:title="presentation child: periodEnd"/>
    <presentationArc xlink:type="arc" xlink:arcrole="http://www.xbrl.org/2003/arcrole/parent-child" xlink:from="gl-bus_reportingCalendarPeriod" xlink:to="gl-bus_periodEnd" xlink:title="presentation: reportingCalendarPeriod to periodEnd" use="optional" order="295"/>
    <!-- periodClosedDate -->
    <loc xlink:type="locator" xlink:href="gl-bus-2020-12-31.xsd#gl-bus_periodClosedDate" xlink:label="gl-bus_periodClosedDate" xlink:title="presentation child: periodClosedDate"/>
    <presentationArc xlink:type="arc" xlink:arcrole="http://www.xbrl.org/2003/arcrole/parent-child" xlink:from="gl-bus_reportingCalendarPeriod" xlink:to="gl-bus_periodClosedDate" xlink:title="presentation: reportingCalendarPeriod to periodClosedDate" use="optional" order="296"/>
    <!-- enteredByModified -->
    <loc xlink:type="locator" xlink:href="../cor/gl-cor-2020-12-31.xsd#gl-cor_entryHeader" xlink:label="gl-cor_entryHeader" xlink:title="presentation parent: entryHeader"/>
    <loc xlink:type="locator" xlink:href="gl-bus-2020-12-31.xsd#gl-bus_enteredByModified" xlink:label="gl-bus_enteredByModified" xlink:title="presentation child: enteredByModified"/>
    <presentationArc xlink:type="arc" xlink:arcrole="http://www.xbrl.org/2003/arcrole/parent-child" xlink:from="gl-cor_entryHeader" xlink:to="gl-bus_enteredByModified" xlink:title="presentation: entryHeader to enteredByModified" use="optional" order="300"/>
    <!-- entryResponsiblePerson -->
    <loc xlink:type="locator" xlink:href="gl-bus-2020-12-31.xsd#gl-bus_entryResponsiblePerson" xlink:label="gl-bus_entryResponsiblePerson" xlink:title="presentation child: entryResponsiblePerson"/>
    <presentationArc xlink:type="arc" xlink:arcrole="http://www.xbrl.org/2003/arcrole/parent-child" xlink:from="gl-cor_entryHeader" xlink:to="gl-bus_entryResponsiblePerson" xlink:title="presentation: entryHeader to entryResponsiblePerson" use="optional" order="302"/>
    <!-- sourceJournalDescription -->
    <loc xlink:type="locator" xlink:href="gl-bus-2020-12-31.xsd#gl-bus_sourceJournalDescription" xlink:label="gl-bus_sourceJournalDescription" xlink:title="presentation child: sourceJournalDescription"/>
    <presentationArc xlink:type="arc" xlink:arcrole="http://www.xbrl.org/2003/arcrole/parent-child" xlink:from="gl-cor_entryHeader" xlink:to="gl-bus_sourceJournalDescription" xlink:title="presentation: entryHeader to sourceJournalDescription" use="optional" order="304"/>
    <!-- entryOrigin -->
    <loc xlink:type="locator" xlink:href="gl-bus-2020-12-31.xsd#gl-bus_entryOrigin" xlink:label="gl-bus_entryOrigin" xlink:title="presentation child: entryOrigin"/>
    <presentationArc xlink:type="arc" xlink:arcrole="http://www.xbrl.org/2003/arcrole/parent-child" xlink:from="gl-cor_entryHeader" xlink:to="gl-bus_entryOrigin" xlink:title="presentation: entryHeader to entryOrigin" use="optional" order="306"/>
    <!-- postingCode -->
    <loc xlink:type="locator" xlink:href="gl-bus-2020-12-31.xsd#gl-bus_postingCode" xlink:label="gl-bus_postingCode" xlink:title="presentation child: postingCode"/>
    <presentationArc xlink:type="arc" xlink:arcrole="http://www.xbrl.org/2003/arcrole/parent-child" xlink:from="gl-cor_entryHeader" xlink:to="gl-bus_postingCode" xlink:title="presentation: entryHeader to postingCode" use="optional" order="311"/>
    <!-- batchID -->
    <loc xlink:type="locator" xlink:href="gl-bus-2020-12-31.xsd#gl-bus_batchID" xlink:label="gl-bus_batchID" xlink:title="presentation child: batchID"/>
    <presentationArc xlink:type="arc" xlink:arcrole="http://www.xbrl.org/2003/arcrole/parent-child" xlink:from="gl-cor_entryHeader" xlink:to="gl-bus_batchID" xlink:title="presentation: entryHeader to batchID" use="optional" order="312"/>
    <!-- batchDescription -->
    <loc xlink:type="locator" xlink:href="gl-bus-2020-12-31.xsd#gl-bus_batchDescription" xlink:label="gl-bus_batchDescription" xlink:title="presentation child: batchDescription"/>
    <presentationArc xlink:type="arc" xlink:arcrole="http://www.xbrl.org/2003/arcrole/parent-child" xlink:from="gl-cor_entryHeader" xlink:to="gl-bus_batchDescription" xlink:title="presentation: entryHeader to batchDescription" use="optional" order="313"/>
    <!-- numberOfEntries -->
    <loc xlink:type="locator" xlink:href="gl-bus-2020-12-31.xsd#gl-bus_numberOfEntries" xlink:label="gl-bus_numberOfEntries" xlink:title="presentation child: numberOfEntries"/>
    <presentationArc xlink:type="arc" xlink:arcrole="http://www.xbrl.org/2003/arcrole/parent-child" xlink:from="gl-cor_entryHeader" xlink:to="gl-bus_numberOfEntries" xlink:title="presentation: entryHeader to numberOfEntries" use="optional" order="314"/>
    <!-- totalDebit -->
    <loc xlink:type="locator" xlink:href="gl-bus-2020-12-31.xsd#gl-bus_totalDebit" xlink:label="gl-bus_totalDebit" xlink:title="presentation child: totalDebit"/>
    <presentationArc xlink:type="arc" xlink:arcrole="http://www.xbrl.org/2003/arcrole/parent-child" xlink:from="gl-cor_entryHeader" xlink:to="gl-bus_totalDebit" xlink:title="presentation: entryHeader to totalDebit" use="optional" order="315"/>
    <!-- totalCredit -->
    <loc xlink:type="locator" xlink:href="gl-bus-2020-12-31.xsd#gl-bus_totalCredit" xlink:label="gl-bus_totalCredit" xlink:title="presentation child: totalCredit"/>
    <presentationArc xlink:type="arc" xlink:arcrole="http://www.xbrl.org/2003/arcrole/parent-child" xlink:from="gl-cor_entryHeader" xlink:to="gl-bus_totalCredit" xlink:title="presentation: entryHeader to totalCredit" use="optional" order="316"/>
    <!-- eliminationCode -->
    <loc xlink:type="locator" xlink:href="gl-bus-2020-12-31.xsd#gl-bus_eliminationCode" xlink:label="gl-bus_eliminationCode" xlink:title="presentation child: eliminationCode"/>
    <presentationArc xlink:type="arc" xlink:arcrole="http://www.xbrl.org/2003/arcrole/parent-child" xlink:from="gl-cor_entryHeader" xlink:to="gl-bus_eliminationCode" xlink:title="presentation: entryHeader to eliminationCode" use="optional" order="318"/>
    <!-- budgetScenarioPeriodStart -->
    <loc xlink:type="locator" xlink:href="gl-bus-2020-12-31.xsd#gl-bus_budgetScenarioPeriodStart" xlink:label="gl-bus_budgetScenarioPeriodStart" xlink:title="presentation child: budgetScenarioPeriodStart"/>
    <presentationArc xlink:type="arc" xlink:arcrole="http://www.xbrl.org/2003/arcrole/parent-child" xlink:from="gl-cor_entryHeader" xlink:to="gl-bus_budgetScenarioPeriodStart" xlink:title="presentation: entryHeader to budgetScenarioPeriodStart" use="optional" order="319"/>
    <!-- budgetScenarioPeriodEnd -->
    <loc xlink:type="locator" xlink:href="gl-bus-2020-12-31.xsd#gl-bus_budgetScenarioPeriodEnd" xlink:label="gl-bus_budgetScenarioPeriodEnd" xlink:title="presentation child: budgetScenarioPeriodEnd"/>
    <presentationArc xlink:type="arc" xlink:arcrole="http://www.xbrl.org/2003/arcrole/parent-child" xlink:from="gl-cor_entryHeader" xlink:to="gl-bus_budgetScenarioPeriodEnd" xlink:title="presentation: entryHeader to budgetScenarioPeriodEnd" use="optional" order="320"/>
    <!-- budgetScenarioText -->
    <loc xlink:type="locator" xlink:href="gl-bus-2020-12-31.xsd#gl-bus_budgetScenarioText" xlink:label="gl-bus_budgetScenarioText" xlink:title="presentation child: budgetScenarioText"/>
    <presentationArc xlink:type="arc" xlink:arcrole="http://www.xbrl.org/2003/arcrole/parent-child" xlink:from="gl-cor_entryHeader" xlink:to="gl-bus_budgetScenarioText" xlink:title="presentation: entryHeader to budgetScenarioText" use="optional" order="321"/>
    <!-- budgetScenario -->
    <loc xlink:type="locator" xlink:href="gl-bus-2020-12-31.xsd#gl-bus_budgetScenario" xlink:label="gl-bus_budgetScenario" xlink:title="presentation child: budgetScenario"/>
    <presentationArc xlink:type="arc" xlink:arcrole="http://www.xbrl.org/2003/arcrole/parent-child" xlink:from="gl-cor_entryHeader" xlink:to="gl-bus_budgetScenario" xlink:title="presentation: entryHeader to budgetScenario" use="optional" order="322"/>
    <!-- budgetAllocationCode -->
    <loc xlink:type="locator" xlink:href="gl-bus-2020-12-31.xsd#gl-bus_budgetAllocationCode" xlink:label="gl-bus_budgetAllocationCode" xlink:title="presentation child: budgetAllocationCode"/>
    <presentationArc xlink:type="arc" xlink:arcrole="http://www.xbrl.org/2003/arcrole/parent-child" xlink:from="gl-cor_entryHeader" xlink:to="gl-bus_budgetAllocationCode" xlink:title="presentation: entryHeader to budgetAllocationCode" use="optional" order="323"/>
    <!-- entryAccountingMethod -->
    <loc xlink:type="locator" xlink:href="../cor/gl-cor-2020-12-31.xsd#gl-cor_account" xlink:label="gl-cor_account" xlink:title="presentation parent: account"/>
    <loc xlink:type="locator" xlink:href="gl-bus-2020-12-31.xsd#gl-bus_entryAccountingMethod" xlink:label="gl-bus_entryAccountingMethod" xlink:title="presentation child: entryAccountingMethod"/>
    <presentationArc xlink:type="arc" xlink:arcrole="http://www.xbrl.org/2003/arcrole/parent-child" xlink:from="gl-cor_account" xlink:to="gl-bus_entryAccountingMethod" xlink:title="presentation: account to entryAccountingMethod" use="optional" order="401"/>
    <!-- entryAccountingMethodDescription -->
    <loc xlink:type="locator" xlink:href="gl-bus-2020-12-31.xsd#gl-bus_entryAccountingMethodDescription" xlink:label="gl-bus_entryAccountingMethodDescription" xlink:title="presentation child: entryAccountingMethodDescription"/>
    <presentationArc xlink:type="arc" xlink:arcrole="http://www.xbrl.org/2003/arcrole/parent-child" xlink:from="gl-cor_account" xlink:to="gl-bus_entryAccountingMethodDescription" xlink:title="presentation: account to entryAccountingMethodDescription" use="optional" order="402"/>
    <!-- entryAccountingMethodPurpose -->
    <loc xlink:type="locator" xlink:href="gl-bus-2020-12-31.xsd#gl-bus_entryAccountingMethodPurpose" xlink:label="gl-bus_entryAccountingMethodPurpose" xlink:title="presentation child: entryAccountingMethodPurpose"/>
    <presentationArc xlink:type="arc" xlink:arcrole="http://www.xbrl.org/2003/arcrole/parent-child" xlink:from="gl-cor_account" xlink:to="gl-bus_entryAccountingMethodPurpose" xlink:title="presentation: account to entryAccountingMethodPurpose" use="optional" order="403"/>
    <!-- entryAccountingMethodPurposeDescription -->
    <loc xlink:type="locator" xlink:href="gl-bus-2020-12-31.xsd#gl-bus_entryAccountingMethodPurposeDescription" xlink:label="gl-bus_entryAccountingMethodPurposeDescription" xlink:title="presentation child: entryAccountingMethodPurposeDescription"/>
    <presentationArc xlink:type="arc" xlink:arcrole="http://www.xbrl.org/2003/arcrole/parent-child" xlink:from="gl-cor_account" xlink:to="gl-bus_entryAccountingMethodPurposeDescription" xlink:title="presentation: account to entryAccountingMethodPurposeDescription" use="optional" order="404"/>
    <!-- amountMemo -->
    <loc xlink:type="locator" xlink:href="../cor/gl-cor-2020-12-31.xsd#gl-cor_entryDetail" xlink:label="gl-cor_entryDetail" xlink:title="presentation parent: entryDetail"/>
    <loc xlink:type="locator" xlink:href="gl-bus-2020-12-31.xsd#gl-bus_amountMemo" xlink:label="gl-bus_amountMemo" xlink:title="presentation child: amountMemo"/>
    <presentationArc xlink:type="arc" xlink:arcrole="http://www.xbrl.org/2003/arcrole/parent-child" xlink:from="gl-cor_entryDetail" xlink:to="gl-bus_amountMemo" xlink:title="presentation: entryDetail to amountMemo" use="optional" order="434"/>
    <!-- allocationCode -->
    <loc xlink:type="locator" xlink:href="gl-bus-2020-12-31.xsd#gl-bus_allocationCode" xlink:label="gl-bus_allocationCode" xlink:title="presentation child: allocationCode"/>
    <presentationArc xlink:type="arc" xlink:arcrole="http://www.xbrl.org/2003/arcrole/parent-child" xlink:from="gl-cor_entryDetail" xlink:to="gl-bus_allocationCode" xlink:title="presentation: entryDetail to allocationCode" use="optional" order="463"/>
    <!-- documentReceivedDate -->
    <loc xlink:type="locator" xlink:href="gl-bus-2020-12-31.xsd#gl-bus_documentReceivedDate" xlink:label="gl-bus_documentReceivedDate" xlink:title="presentation child: documentReceivedDate"/>
    <presentationArc xlink:type="arc" xlink:arcrole="http://www.xbrl.org/2003/arcrole/parent-child" xlink:from="gl-cor_entryDetail" xlink:to="gl-bus_documentReceivedDate" xlink:title="presentation: entryDetail to documentReceivedDate" use="optional" order="487"/>
    <!-- documentChargeReimb -->
    <loc xlink:type="locator" xlink:href="gl-bus-2020-12-31.xsd#gl-bus_documentChargeReimb" xlink:label="gl-bus_documentChargeReimb" xlink:title="presentation child: documentChargeReimb"/>
    <presentationArc xlink:type="arc" xlink:arcrole="http://www.xbrl.org/2003/arcrole/parent-child" xlink:from="gl-cor_entryDetail" xlink:to="gl-bus_documentChargeReimb" xlink:title="presentation: entryDetail to documentChargeReimb" use="optional" order="488"/>
    <!-- documentLocation -->
    <loc xlink:type="locator" xlink:href="gl-bus-2020-12-31.xsd#gl-bus_documentLocation" xlink:label="gl-bus_documentLocation" xlink:title="presentation child: documentLocation"/>
    <presentationArc xlink:type="arc" xlink:arcrole="http://www.xbrl.org/2003/arcrole/parent-child" xlink:from="gl-cor_entryDetail" xlink:to="gl-bus_documentLocation" xlink:title="presentation: entryDetail to documentLocation" use="optional" order="489"/>
    <!-- paymentMethod -->
    <loc xlink:type="locator" xlink:href="gl-bus-2020-12-31.xsd#gl-bus_paymentMethod" xlink:label="gl-bus_paymentMethod" xlink:title="presentation child: paymentMethod"/>
    <presentationArc xlink:type="arc" xlink:arcrole="http://www.xbrl.org/2003/arcrole/parent-child" xlink:from="gl-cor_entryDetail" xlink:to="gl-bus_paymentMethod" xlink:title="presentation: entryDetail to paymentMethod" use="optional" order="490"/>
    <!-- measurable -->
    <loc xlink:type="locator" xlink:href="gl-bus-2020-12-31.xsd#gl-bus_measurable" xlink:label="gl-bus_measurable" xlink:title="presentation child: measurable"/>
    <presentationArc xlink:type="arc" xlink:arcrole="http://www.xbrl.org/2003/arcrole/parent-child" xlink:from="gl-cor_entryDetail" xlink:to="gl-bus_measurable" xlink:title="presentation: entryDetail to measurable" use="optional" order="547"/>
    <!-- measurableCode -->
    <loc xlink:type="locator" xlink:href="gl-bus-2020-12-31.xsd#gl-bus_measurable" xlink:label="gl-bus_measurable" xlink:title="presentation parent: measurable"/>
    <loc xlink:type="locator" xlink:href="gl-bus-2020-12-31.xsd#gl-bus_measurableCode" xlink:label="gl-bus_measurableCode" xlink:title="presentation child: measurableCode"/>
    <presentationArc xlink:type="arc" xlink:arcrole="http://www.xbrl.org/2003/arcrole/parent-child" xlink:from="gl-bus_measurable" xlink:to="gl-bus_measurableCode" xlink:title="presentation: measurable to measurableCode" use="optional" order="548"/>
    <!-- measurableCodeDescription -->
    <loc xlink:type="locator" xlink:href="gl-bus-2020-12-31.xsd#gl-bus_measurableCodeDescription" xlink:label="gl-bus_measurableCodeDescription" xlink:title="presentation child: measurableCodeDescription"/>
    <presentationArc xlink:type="arc" xlink:arcrole="http://www.xbrl.org/2003/arcrole/parent-child" xlink:from="gl-bus_measurable" xlink:to="gl-bus_measurableCodeDescription" xlink:title="presentation: measurable to measurableCodeDescription" use="optional" order="549"/>
    <!-- measurableCategory -->
    <loc xlink:type="locator" xlink:href="gl-bus-2020-12-31.xsd#gl-bus_measurableCategory" xlink:label="gl-bus_measurableCategory" xlink:title="presentation child: measurableCategory"/>
    <presentationArc xlink:type="arc" xlink:arcrole="http://www.xbrl.org/2003/arcrole/parent-child" xlink:from="gl-bus_measurable" xlink:to="gl-bus_measurableCategory" xlink:title="presentation: measurable to measurableCategory" use="optional" order="550"/>
    <!-- measurableID -->
    <loc xlink:type="locator" xlink:href="gl-bus-2020-12-31.xsd#gl-bus_measurableID" xlink:label="gl-bus_measurableID" xlink:title="presentation child: measurableID"/>
    <presentationArc xlink:type="arc" xlink:arcrole="http://www.xbrl.org/2003/arcrole/parent-child" xlink:from="gl-bus_measurable" xlink:to="gl-bus_measurableID" xlink:title="presentation: measurable to measurableID" use="optional" order="551"/>
    <!-- measurableIDSchema -->
    <loc xlink:type="locator" xlink:href="gl-bus-2020-12-31.xsd#gl-bus_measurableIDSchema" xlink:label="gl-bus_measurableIDSchema" xlink:title="presentation child: measurableIDSchema"/>
    <presentationArc xlink:type="arc" xlink:arcrole="http://www.xbrl.org/2003/arcrole/parent-child" xlink:from="gl-bus_measurable" xlink:to="gl-bus_measurableIDSchema" xlink:title="presentation: measurable to measurableIDSchema" use="optional" order="552"/>
    <!-- measurableIDOther -->
    <loc xlink:type="locator" xlink:href="gl-bus-2020-12-31.xsd#gl-bus_measurableIDOther" xlink:label="gl-bus_measurableIDOther" xlink:title="presentation child: measurableIDOther"/>
    <presentationArc xlink:type="arc" xlink:arcrole="http://www.xbrl.org/2003/arcrole/parent-child" xlink:from="gl-bus_measurable" xlink:to="gl-bus_measurableIDOther" xlink:title="presentation: measurable to measurableIDOther" use="optional" order="553"/>
    <!-- measurableIDOtherSchema -->
    <loc xlink:type="locator" xlink:href="gl-bus-2020-12-31.xsd#gl-bus_measurableIDOtherSchema" xlink:label="gl-bus_measurableIDOtherSchema" xlink:title="presentation child: measurableIDOtherSchema"/>
    <presentationArc xlink:type="arc" xlink:arcrole="http://www.xbrl.org/2003/arcrole/parent-child" xlink:from="gl-bus_measurable" xlink:to="gl-bus_measurableIDOtherSchema" xlink:title="presentation: measurable to measurableIDOtherSchema" use="optional" order="554"/>
    <!-- measurableDescription -->
    <loc xlink:type="locator" xlink:href="gl-bus-2020-12-31.xsd#gl-bus_measurableDescription" xlink:label="gl-bus_measurableDescription" xlink:title="presentation child: measurableDescription"/>
    <presentationArc xlink:type="arc" xlink:arcrole="http://www.xbrl.org/2003/arcrole/parent-child" xlink:from="gl-bus_measurable" xlink:to="gl-bus_measurableDescription" xlink:title="presentation: measurable to measurableDescription" use="optional" order="555"/>
    <!-- measurableQuantity -->
    <loc xlink:type="locator" xlink:href="gl-bus-2020-12-31.xsd#gl-bus_measurableQuantity" xlink:label="gl-bus_measurableQuantity" xlink:title="presentation child: measurableQuantity"/>
    <presentationArc xlink:type="arc" xlink:arcrole="http://www.xbrl.org/2003/arcrole/parent-child" xlink:from="gl-bus_measurable" xlink:to="gl-bus_measurableQuantity" xlink:title="presentation: measurable to measurableQuantity" use="optional" order="556"/>
    <!-- measurableQualifier -->
    <loc xlink:type="locator" xlink:href="gl-bus-2020-12-31.xsd#gl-bus_measurableQualifier" xlink:label="gl-bus_measurableQualifier" xlink:title="presentation child: measurableQualifier"/>
    <presentationArc xlink:type="arc" xlink:arcrole="http://www.xbrl.org/2003/arcrole/parent-child" xlink:from="gl-bus_measurable" xlink:to="gl-bus_measurableQualifier" xlink:title="presentation: measurable to measurableQualifier" use="optional" order="557"/>
    <!-- measurableUnitOfMeasure -->
    <loc xlink:type="locator" xlink:href="gl-bus-2020-12-31.xsd#gl-bus_measurableUnitOfMeasure" xlink:label="gl-bus_measurableUnitOfMeasure" xlink:title="presentation child: measurableUnitOfMeasure"/>
    <presentationArc xlink:type="arc" xlink:arcrole="http://www.xbrl.org/2003/arcrole/parent-child" xlink:from="gl-bus_measurable" xlink:to="gl-bus_measurableUnitOfMeasure" xlink:title="presentation: measurable to measurableUnitOfMeasure" use="optional" order="558"/>
    <!-- measurableCostPerUnit -->
    <loc xlink:type="locator" xlink:href="gl-bus-2020-12-31.xsd#gl-bus_measurableCostPerUnit" xlink:label="gl-bus_measurableCostPerUnit" xlink:title="presentation child: measurableCostPerUnit"/>
    <presentationArc xlink:type="arc" xlink:arcrole="http://www.xbrl.org/2003/arcrole/parent-child" xlink:from="gl-bus_measurable" xlink:to="gl-bus_measurableCostPerUnit" xlink:title="presentation: measurable to measurableCostPerUnit" use="optional" order="559"/>
    <!-- measurableStartDateTime -->
    <loc xlink:type="locator" xlink:href="gl-bus-2020-12-31.xsd#gl-bus_measurableStartDateTime" xlink:label="gl-bus_measurableStartDateTime" xlink:title="presentation child: measurableStartDateTime"/>
    <presentationArc xlink:type="arc" xlink:arcrole="http://www.xbrl.org/2003/arcrole/parent-child" xlink:from="gl-bus_measurable" xlink:to="gl-bus_measurableStartDateTime" xlink:title="presentation: measurable to measurableStartDateTime" use="optional" order="560"/>
    <!-- measurableEndDateTime -->
    <loc xlink:type="locator" xlink:href="gl-bus-2020-12-31.xsd#gl-bus_measurableEndDateTime" xlink:label="gl-bus_measurableEndDateTime" xlink:title="presentation child: measurableEndDateTime"/>
    <presentationArc xlink:type="arc" xlink:arcrole="http://www.xbrl.org/2003/arcrole/parent-child" xlink:from="gl-bus_measurable" xlink:to="gl-bus_measurableEndDateTime" xlink:title="presentation: measurable to measurableEndDateTime" use="optional" order="561"/>
    <!-- measurableActive -->
    <loc xlink:type="locator" xlink:href="gl-bus-2020-12-31.xsd#gl-bus_measurableActive" xlink:label="gl-bus_measurableActive" xlink:title="presentation child: measurableActive"/>
    <presentationArc xlink:type="arc" xlink:arcrole="http://www.xbrl.org/2003/arcrole/parent-child" xlink:from="gl-bus_measurable" xlink:to="gl-bus_measurableActive" xlink:title="presentation: measurable to measurableActive" use="optional" order="562"/>
    <!-- jobInfo -->
    <loc xlink:type="locator" xlink:href="gl-bus-2020-12-31.xsd#gl-bus_jobInfo" xlink:label="gl-bus_jobInfo" xlink:title="presentation child: jobInfo"/>
    <presentationArc xlink:type="arc" xlink:arcrole="http://www.xbrl.org/2003/arcrole/parent-child" xlink:from="gl-cor_entryDetail" xlink:to="gl-bus_jobInfo" xlink:title="presentation: entryDetail to jobInfo" use="optional" order="607"/>
    <!-- depreciationMortgage -->
    <loc xlink:type="locator" xlink:href="gl-bus-2020-12-31.xsd#gl-bus_depreciationMortgage" xlink:label="gl-bus_depreciationMortgage" xlink:title="presentation child: depreciationMortgage"/>
    <presentationArc xlink:type="arc" xlink:arcrole="http://www.xbrl.org/2003/arcrole/parent-child" xlink:from="gl-cor_entryDetail" xlink:to="gl-bus_depreciationMortgage" xlink:title="presentation: entryDetail to depreciationMortgage" use="optional" order="613"/>
    <!-- dmJurisdiction -->
    <loc xlink:type="locator" xlink:href="gl-bus-2020-12-31.xsd#gl-bus_depreciationMortgage" xlink:label="gl-bus_depreciationMortgage" xlink:title="presentation parent: depreciationMortgage"/>
    <loc xlink:type="locator" xlink:href="gl-bus-2020-12-31.xsd#gl-bus_dmJurisdiction" xlink:label="gl-bus_dmJurisdiction" xlink:title="presentation child: dmJurisdiction"/>
    <presentationArc xlink:type="arc" xlink:arcrole="http://www.xbrl.org/2003/arcrole/parent-child" xlink:from="gl-bus_depreciationMortgage" xlink:to="gl-bus_dmJurisdiction" xlink:title="presentation: depreciationMortgage to dmJurisdiction" use="optional" order="614"/>
    <!-- dmMethodType -->
    <loc xlink:type="locator" xlink:href="gl-bus-2020-12-31.xsd#gl-bus_dmMethodType" xlink:label="gl-bus_dmMethodType" xlink:title="presentation child: dmMethodType"/>
    <presentationArc xlink:type="arc" xlink:arcrole="http://www.xbrl.org/2003/arcrole/parent-child" xlink:from="gl-bus_depreciationMortgage" xlink:to="gl-bus_dmMethodType" xlink:title="presentation: depreciationMortgage to dmMethodType" use="optional" order="615"/>
    <!-- dmLifeLength -->
    <loc xlink:type="locator" xlink:href="gl-bus-2020-12-31.xsd#gl-bus_dmLifeLength" xlink:label="gl-bus_dmLifeLength" xlink:title="presentation child: dmLifeLength"/>
    <presentationArc xlink:type="arc" xlink:arcrole="http://www.xbrl.org/2003/arcrole/parent-child" xlink:from="gl-bus_depreciationMortgage" xlink:to="gl-bus_dmLifeLength" xlink:title="presentation: depreciationMortgage to dmLifeLength" use="optional" order="616"/>
    <!-- dmComment -->
    <loc xlink:type="locator" xlink:href="gl-bus-2020-12-31.xsd#gl-bus_dmComment" xlink:label="gl-bus_dmComment" xlink:title="presentation child: dmComment"/>
    <presentationArc xlink:type="arc" xlink:arcrole="http://www.xbrl.org/2003/arcrole/parent-child" xlink:from="gl-bus_depreciationMortgage" xlink:to="gl-bus_dmComment" xlink:title="presentation: depreciationMortgage to dmComment" use="optional" order="617"/>
    <!-- dmStartDate -->
    <loc xlink:type="locator" xlink:href="gl-bus-2020-12-31.xsd#gl-bus_dmStartDate" xlink:label="gl-bus_dmStartDate" xlink:title="presentation child: dmStartDate"/>
    <presentationArc xlink:type="arc" xlink:arcrole="http://www.xbrl.org/2003/arcrole/parent-child" xlink:from="gl-bus_depreciationMortgage" xlink:to="gl-bus_dmStartDate" xlink:title="presentation: depreciationMortgage to dmStartDate" use="optional" order="618"/>
    <!-- dmEndDate -->
    <loc xlink:type="locator" xlink:href="gl-bus-2020-12-31.xsd#gl-bus_dmEndDate" xlink:label="gl-bus_dmEndDate" xlink:title="presentation child: dmEndDate"/>
    <presentationArc xlink:type="arc" xlink:arcrole="http://www.xbrl.org/2003/arcrole/parent-child" xlink:from="gl-bus_depreciationMortgage" xlink:to="gl-bus_dmEndDate" xlink:title="presentation: depreciationMortgage to dmEndDate" use="optional" order="619"/>
    <!-- dmAmount -->
    <loc xlink:type="locator" xlink:href="gl-bus-2020-12-31.xsd#gl-bus_dmAmount" xlink:label="gl-bus_dmAmount" xlink:title="presentation child: dmAmount"/>
    <presentationArc xlink:type="arc" xlink:arcrole="http://www.xbrl.org/2003/arcrole/parent-child" xlink:from="gl-bus_depreciationMortgage" xlink:to="gl-bus_dmAmount" xlink:title="presentation: depreciationMortgage to dmAmount" use="optional" order="620"/>
  </presentationLink>
</linkbase>
