<?xml version="1.0" encoding="UTF-8"?>
<!-- edited with XMLSpy v2020 rel. 2 sp1 (x64) (http://www.altova.com) by SAMBUICHI Nobuyuki (Sambuichi Professional Engineers Office) -->
<link:linkbase 
xsi:schemaLocation="http://www.xbrl.org/2003/linkbase http://www.xbrl.org/2003/xbrl-linkbase-2003-12-31.xsd" 
xmlns:xlink="http://www.w3.org/1999/xlink" 
xmlns:xsi="http://www.w3.org/2001/XMLSchema-instance" 
xmlns:link="http://www.xbrl.org/2003/linkbase"
xmlns:xbrldt="http://xbrl.org/2005/xbrldt"
xmlns:gl-cor="http://www.xbrl.org/int/gl/cor/2020-12-31">
	<link:roleRef xlink:type="simple" xlink:href="gl-cor-2020-12-31.xsd#gl-cor_structure" roleURI="http://xbrl.org/role/gl-cor_structure"/>
	<link:arcroleRef arcroleURI="http://xbrl.org/int/dim/arcrole/dimension-default" xlink:href="http://www.xbrl.org/2005/xbrldt-2005.xsd#dimension-default" xlink:type="simple" />
	<link:arcroleRef arcroleURI="http://xbrl.org/int/dim/arcrole/dimension-domain" xlink:href="http://www.xbrl.org/2005/xbrldt-2005.xsd#dimension-domain" xlink:type="simple" />
	<link:arcroleRef arcroleURI="http://xbrl.org/int/dim/arcrole/domain-member" xlink:href="http://www.xbrl.org/2005/xbrldt-2005.xsd#domain-member" xlink:type="simple" />
	<link:arcroleRef arcroleURI="http://xbrl.org/int/dim/arcrole/hypercube-dimension" xlink:href="http://www.xbrl.org/2005/xbrldt-2005.xsd#hypercube-dimension" xlink:type="simple" />
	<link:definitionLink xlink:type="extended" xlink:role="http://xbrl.org/role/gl-cor_structure">
		<!-- Hypercube -->
		<link:loc xlink:type="locator" xlink:href="gl-cor-2020-12-31.xsd#Hypercube" xlink:label="Hypercube" xlink:title="Hypercube"/>
		<link:loc xlink:type="locator" xlink:href="gl-cor-2020-12-31.xsd#gl-cor_dEntryNumber" xlink:label="dim_EntryHeader" xlink:title="Axis entryHeader"/>
		<link:loc xlink:type="locator" xlink:href="gl-cor-2020-12-31.xsd#gl-cor_dLineNumber" xlink:label="dim_EntryDetail" xlink:title="Axis entryDetail"/>
		<link:loc xlink:type="locator" xlink:href="gl-cor-2020-12-31.xsd#gl-cor_dAccountMainID" xlink:label="dim_AccountMainID" xlink:title="Axis entryDetail"/>
		<link:definitionArc xlink:type="arc" xlink:from="Hypercube" xlink:to="dim_EntryHeader" xlink:arcrole="http://xbrl.org/int/dim/arcrole/hypercube-dimension" xlink:title="definition Hypercube to typed Dimension entryHeader" use="optional" order="1.0"/>
		<link:definitionArc xlink:type="arc" xlink:from="Hypercube" xlink:to="dim_EntryDetail" xlink:arcrole="http://xbrl.org/int/dim/arcrole/hypercube-dimension" xlink:title="definition Hypercube to Typed Dimension entryDetail" use="optional" order="2.0"/>
		<link:definitionArc xlink:type="arc" xlink:from="Hypercube" xlink:to="dim_AccountMainID" xlink:arcrole="http://xbrl.org/int/dim/arcrole/hypercube-dimension" xlink:title="definition Hypercube to Typed Dimension entryDetail" use="optional" order="3.0"/>
	</link:definitionLink>
	<link:definitionLink xlink:type="extended" xlink:role="http://www.xbrl.org/2003/role/link">
	</link:definitionLink>
</link:linkbase>