<?xml version="1.0" encoding="UTF-8"?>
<!-- (c) XBRL International.  See http://www.xbrl.org/legal -->
<linkbase xmlns="http://www.xbrl.org/2003/linkbase" xmlns:xlink="http://www.w3.org/1999/xlink" xmlns:xsi="http://www.w3.org/2001/XMLSchema-instance" xsi:schemaLocation="http://www.xbrl.org/2003/linkbase http://www.xbrl.org/2003/xbrl-linkbase-2003-12-31.xsd">
  <presentationLink xlink:type="extended" xlink:role="http://www.xbrl.org/2003/role/link">
    <loc xlink:type="locator" xlink:href="gl-cor-2020-12-31.xsd#gl-cor_accountingEntries" xlink:label="gl-cor_accountingEntries" xlink:title="presentation: accountingEntries to documentInfo"/>
    <loc xlink:type="locator" xlink:href="gl-cor-2020-12-31.xsd#gl-cor_documentInfo" xlink:label="gl-cor_documentInfo" xlink:title="presentation: accountingEntries to documentInfo"/>
    <presentationArc xlink:type="arc" xlink:arcrole="http://www.xbrl.org/2003/arcrole/parent-child" xlink:from="gl-cor_accountingEntries" xlink:to="gl-cor_documentInfo" xlink:title="presentation: accountingEntries to documentInfo" use="optional" order="10.0"/>
    <loc xlink:type="locator" xlink:href="gl-cor-2020-12-31.xsd#gl-cor_entriesType" xlink:label="gl-cor_entriesType" xlink:title="presentation: documentInfo to entriesType"/>
    <presentationArc xlink:type="arc" xlink:arcrole="http://www.xbrl.org/2003/arcrole/parent-child" xlink:from="gl-cor_documentInfo" xlink:to="gl-cor_entriesType" xlink:title="presentation: documentInfo to entriesType" use="optional" order="10.0"/>
    <loc xlink:type="locator" xlink:href="gl-cor-2020-12-31.xsd#gl-cor_uniqueID" xlink:label="gl-cor_uniqueID" xlink:title="presentation: documentInfo to uniqueID"/>
    <presentationArc xlink:type="arc" xlink:arcrole="http://www.xbrl.org/2003/arcrole/parent-child" xlink:from="gl-cor_documentInfo" xlink:to="gl-cor_uniqueID" xlink:title="presentation: documentInfo to uniqueID" use="optional" order="20.0"/>
    <loc xlink:type="locator" xlink:href="gl-cor-2020-12-31.xsd#gl-cor_revisesUniqueID" xlink:label="gl-cor_revisesUniqueID" xlink:title="presentation: documentInfo to revisesUniqueID"/>
    <presentationArc xlink:type="arc" xlink:arcrole="http://www.xbrl.org/2003/arcrole/parent-child" xlink:from="gl-cor_documentInfo" xlink:to="gl-cor_revisesUniqueID" xlink:title="presentation: documentInfo to revisesUniqueID" use="optional" order="30.0"/>
    <loc xlink:type="locator" xlink:href="gl-cor-2020-12-31.xsd#gl-cor_revisesUniqueIDAction" xlink:label="gl-cor_revisesUniqueIDAction" xlink:title="presentation: documentInfo to revisesUniqueIDAction"/>
    <presentationArc xlink:type="arc" xlink:arcrole="http://www.xbrl.org/2003/arcrole/parent-child" xlink:from="gl-cor_documentInfo" xlink:to="gl-cor_revisesUniqueIDAction" xlink:title="presentation: documentInfo to revisesUniqueIDAction" use="optional" order="40.0"/>
    <loc xlink:type="locator" xlink:href="gl-cor-2020-12-31.xsd#gl-cor_language" xlink:label="gl-cor_language" xlink:title="presentation: documentInfo to language"/>
    <presentationArc xlink:type="arc" xlink:arcrole="http://www.xbrl.org/2003/arcrole/parent-child" xlink:from="gl-cor_documentInfo" xlink:to="gl-cor_language" xlink:title="presentation: documentInfo to language" use="optional" order="50.0"/>
    <loc xlink:type="locator" xlink:href="gl-cor-2020-12-31.xsd#gl-cor_creationDate" xlink:label="gl-cor_creationDate" xlink:title="presentation: documentInfo to creationDate"/>
    <presentationArc xlink:type="arc" xlink:arcrole="http://www.xbrl.org/2003/arcrole/parent-child" xlink:from="gl-cor_documentInfo" xlink:to="gl-cor_creationDate" xlink:title="presentation: documentInfo to creationDate" use="optional" order="60.0"/>
    <loc xlink:type="locator" xlink:href="gl-cor-2020-12-31.xsd#gl-cor_entriesComment" xlink:label="gl-cor_entriesComment" xlink:title="presentation: documentInfo to entriesComment"/>
    <presentationArc xlink:type="arc" xlink:arcrole="http://www.xbrl.org/2003/arcrole/parent-child" xlink:from="gl-cor_documentInfo" xlink:to="gl-cor_entriesComment" xlink:title="presentation: documentInfo to entriesComment" use="optional" order="70.0"/>
    <loc xlink:type="locator" xlink:href="gl-cor-2020-12-31.xsd#gl-cor_periodCoveredStart" xlink:label="gl-cor_periodCoveredStart" xlink:title="presentation: documentInfo to periodCoveredStart"/>
    <presentationArc xlink:type="arc" xlink:arcrole="http://www.xbrl.org/2003/arcrole/parent-child" xlink:from="gl-cor_documentInfo" xlink:to="gl-cor_periodCoveredStart" xlink:title="presentation: documentInfo to periodCoveredStart" use="optional" order="80.0"/>
    <loc xlink:type="locator" xlink:href="gl-cor-2020-12-31.xsd#gl-cor_periodCoveredEnd" xlink:label="gl-cor_periodCoveredEnd" xlink:title="presentation: documentInfo to periodCoveredEnd"/>
    <presentationArc xlink:type="arc" xlink:arcrole="http://www.xbrl.org/2003/arcrole/parent-child" xlink:from="gl-cor_documentInfo" xlink:to="gl-cor_periodCoveredEnd" xlink:title="presentation: documentInfo to periodCoveredEnd" use="optional" order="90.0"/>
    <loc xlink:type="locator" xlink:href="gl-cor-2020-12-31.xsd#gl-cor_entityInformation" xlink:label="entityInformation_1127881449894_1" xlink:title="presentation: accountingEntries to entityInformation"/>
    <presentationArc xlink:type="arc" xlink:arcrole="http://www.xbrl.org/2003/arcrole/parent-child" xlink:from="gl-cor_accountingEntries" xlink:to="entityInformation_1127881449894_1" xlink:title="presentation: accountingEntries to entityInformation" use="optional" order="20.0"/>
    <loc xlink:type="locator" xlink:href="gl-cor-2020-12-31.xsd#gl-cor_entryHeader" xlink:label="gl-cor_entryHeader" xlink:title="presentation: accountingEntries to entryHeader"/>
    <presentationArc xlink:type="arc" xlink:arcrole="http://www.xbrl.org/2003/arcrole/parent-child" xlink:from="gl-cor_accountingEntries" xlink:to="gl-cor_entryHeader" xlink:title="presentation: accountingEntries to entryHeader" use="optional" order="30.0"/>
    <loc xlink:type="locator" xlink:href="gl-cor-2020-12-31.xsd#gl-cor_entryDetail" xlink:label="entryDetail_1107629821232_1" xlink:title="presentation: entryHeader to entryDetail"/>
    <presentationArc xlink:type="arc" xlink:arcrole="http://www.xbrl.org/2003/arcrole/parent-child" xlink:from="gl-cor_entryHeader" xlink:to="entryDetail_1107629821232_1" xlink:title="presentation: entryHeader to entryDetail" use="optional" order="400.0"/>
    <loc xlink:type="locator" xlink:href="gl-cor-2020-12-31.xsd#gl-cor_xbrlInfo" xlink:label="gl-cor_xbrlInfo" xlink:title="presentation: entryDetail to xbrlInfo"/>
    <presentationArc xlink:type="arc" xlink:arcrole="http://www.xbrl.org/2003/arcrole/parent-child" xlink:from="entryDetail_1107629821232_1" xlink:to="gl-cor_xbrlInfo" xlink:title="presentation: entryDetail to xbrlInfo" use="optional" order="140.0"/>
    <loc xlink:type="locator" xlink:href="gl-cor-2020-12-31.xsd#gl-cor_xbrlInclude" xlink:label="gl-cor_xbrlInclude" xlink:title="presentation: xbrlInfo to xbrlInclude"/>
    <presentationArc xlink:type="arc" xlink:arcrole="http://www.xbrl.org/2003/arcrole/parent-child" xlink:from="gl-cor_xbrlInfo" xlink:to="gl-cor_xbrlInclude" xlink:title="presentation: xbrlInfo to xbrlInclude" use="optional" order="10.0"/>
    <loc xlink:type="locator" xlink:href="gl-cor-2020-12-31.xsd#gl-cor_summaryReportingElement" xlink:label="gl-cor_summaryReportingElement" xlink:title="presentation: xbrlInfo to summaryReportingElement"/>
    <presentationArc xlink:type="arc" xlink:arcrole="http://www.xbrl.org/2003/arcrole/parent-child" xlink:from="gl-cor_xbrlInfo" xlink:to="gl-cor_summaryReportingElement" xlink:title="presentation: xbrlInfo to summaryReportingElement" use="optional" order="20.0"/>
    <loc xlink:type="locator" xlink:href="gl-cor-2020-12-31.xsd#gl-cor_detailMatchingElement" xlink:label="gl-cor_detailMatchingElement" xlink:title="presentation: xbrlInfo to detailMatchingElement"/>
    <presentationArc xlink:type="arc" xlink:arcrole="http://www.xbrl.org/2003/arcrole/parent-child" xlink:from="gl-cor_xbrlInfo" xlink:to="gl-cor_detailMatchingElement" xlink:title="presentation: xbrlInfo to detailMatchingElement" use="optional" order="30.0"/>
    <loc xlink:type="locator" xlink:href="gl-cor-2020-12-31.xsd#gl-cor_taxes" xlink:label="gl-cor_taxes" xlink:title="presentation: entryDetail to taxes"/>
    <presentationArc xlink:type="arc" xlink:arcrole="http://www.xbrl.org/2003/arcrole/parent-child" xlink:from="entryDetail_1107629821232_1" xlink:to="gl-cor_taxes" xlink:title="presentation: entryDetail to taxes" use="optional" order="300.0"/>
    <loc xlink:type="locator" xlink:href="gl-cor-2020-12-31.xsd#gl-cor_taxDescription" xlink:label="gl-cor_taxDescription" xlink:title="presentation: taxes to taxDescription"/>
    <presentationArc xlink:type="arc" xlink:arcrole="http://www.xbrl.org/2003/arcrole/parent-child" xlink:from="gl-cor_taxes" xlink:to="gl-cor_taxDescription" xlink:title="presentation: taxes to taxDescription" use="optional" order="3.0"/>
    <loc xlink:type="locator" xlink:href="gl-cor-2020-12-31.xsd#gl-cor_taxAmount" xlink:label="gl-cor_taxAmount" xlink:title="presentation: taxes to taxAmount"/>
    <presentationArc xlink:type="arc" xlink:arcrole="http://www.xbrl.org/2003/arcrole/parent-child" xlink:from="gl-cor_taxes" xlink:to="gl-cor_taxAmount" xlink:title="presentation: taxes to taxAmount" use="optional" order="4.0"/>
    <loc xlink:type="locator" xlink:href="gl-cor-2020-12-31.xsd#gl-cor_taxBasis" xlink:label="gl-cor_taxBasis" xlink:title="presentation: taxes to taxBasis"/>
    <presentationArc xlink:type="arc" xlink:arcrole="http://www.xbrl.org/2003/arcrole/parent-child" xlink:from="gl-cor_taxes" xlink:to="gl-cor_taxBasis" xlink:title="presentation: taxes to taxBasis" use="optional" order="5.0"/>
    <loc xlink:type="locator" xlink:href="gl-cor-2020-12-31.xsd#gl-cor_taxExchangeRate" xlink:label="gl-cor_taxExchangeRate" xlink:title="presentation: taxes to taxExchangeRate"/>
    <presentationArc xlink:type="arc" xlink:arcrole="http://www.xbrl.org/2003/arcrole/parent-child" xlink:from="gl-cor_taxes" xlink:to="gl-cor_taxExchangeRate" xlink:title="presentation: taxes to taxExchangeRate" use="optional" order="6.0"/>
    <loc xlink:type="locator" xlink:href="gl-cor-2020-12-31.xsd#gl-cor_taxPercentageRate" xlink:label="gl-cor_taxPercentageRate" xlink:title="presentation: taxes to taxPercentageRate"/>
    <presentationArc xlink:type="arc" xlink:arcrole="http://www.xbrl.org/2003/arcrole/parent-child" xlink:from="gl-cor_taxes" xlink:to="gl-cor_taxPercentageRate" xlink:title="presentation: taxes to taxPercentageRate" use="optional" order="7.0"/>
    <loc xlink:type="locator" xlink:href="gl-cor-2020-12-31.xsd#gl-cor_taxCode" xlink:label="gl-cor_taxCode" xlink:title="presentation: taxes to taxCode"/>
    <presentationArc xlink:type="arc" xlink:arcrole="http://www.xbrl.org/2003/arcrole/parent-child" xlink:from="gl-cor_taxes" xlink:to="gl-cor_taxCode" xlink:title="presentation: taxes to taxCode" use="optional" order="8.0"/>
    <loc xlink:type="locator" xlink:href="gl-cor-2020-12-31.xsd#gl-cor_taxCommentExemption" xlink:label="gl-cor_taxCommentExemption" xlink:title="presentation: taxes to TaxCommentExemption"/>
    <presentationArc xlink:type="arc" xlink:arcrole="http://www.xbrl.org/2003/arcrole/parent-child" xlink:from="gl-cor_taxes" xlink:to="gl-cor_taxCommentExemption" xlink:title="presentation: taxes to TaxCommentExemption" use="optional" order="9.0"/>
    <loc xlink:type="locator" xlink:href="gl-cor-2020-12-31.xsd#gl-cor_taxAuthority" xlink:label="taxAuthority_1130073633666_0" xlink:title="taxAuthority"/>
    <presentationArc xlink:type="arc" xlink:arcrole="http://www.xbrl.org/2003/arcrole/parent-child" xlink:from="gl-cor_taxes" xlink:to="taxAuthority_1130073633666_0" xlink:title="presentation: taxes to taxAuthority" order="1.0"/>
    <loc xlink:type="locator" xlink:href="gl-cor-2020-12-31.xsd#gl-cor_taxTableCode" xlink:label="taxTableCode_1130073689737_0" xlink:title="taxTableCode"/>
    <presentationArc xlink:type="arc" xlink:arcrole="http://www.xbrl.org/2003/arcrole/parent-child" xlink:from="gl-cor_taxes" xlink:to="taxTableCode_1130073689737_0" xlink:title="presentation: taxes to taxTableCode" order="2.0"/>
    <loc xlink:type="locator" xlink:href="gl-cor-2020-12-31.xsd#gl-cor_detailComment" xlink:label="detailComment_1102550711585_0" xlink:title="detailComment"/>
    <presentationArc xlink:type="arc" xlink:arcrole="http://www.xbrl.org/2003/arcrole/parent-child" xlink:from="entryDetail_1107629821232_1" xlink:to="detailComment_1102550711585_0" xlink:title="presentation: entryDetail to detailComment" order="150.0"/>
    <loc xlink:type="locator" xlink:href="gl-cor-2020-12-31.xsd#gl-cor_lineNumber" xlink:label="lineNumber_1102550711585_1" xlink:title="lineNumber"/>
    <presentationArc xlink:type="arc" xlink:arcrole="http://www.xbrl.org/2003/arcrole/parent-child" xlink:from="entryDetail_1107629821232_1" xlink:to="lineNumber_1102550711585_1" xlink:title="presentation: entryDetail to lineNumber" order="10.0"/>
    <loc xlink:type="locator" xlink:href="gl-cor-2020-12-31.xsd#gl-cor_account" xlink:label="gl-cor_account" xlink:title="presentation: entryDetail to account"/>
    <presentationArc xlink:type="arc" xlink:arcrole="http://www.xbrl.org/2003/arcrole/parent-child" xlink:from="entryDetail_1107629821232_1" xlink:to="gl-cor_account" xlink:title="presentation: entryDetail to account" order="20.0"/>
    <loc xlink:type="locator" xlink:href="gl-cor-2020-12-31.xsd#gl-cor_accountMainID" xlink:label="gl-cor_accountMainID" xlink:title="presentation: account to accountMainID"/>
    <presentationArc xlink:type="arc" xlink:arcrole="http://www.xbrl.org/2003/arcrole/parent-child" xlink:from="gl-cor_account" xlink:to="gl-cor_accountMainID" xlink:title="presentation: account to accountMainID" use="optional" order="10.0"/>
    <loc xlink:type="locator" xlink:href="gl-cor-2020-12-31.xsd#gl-cor_accountMainDescription" xlink:label="gl-cor_accountMainDescription" xlink:title="presentation: account to accountMainDescription"/>
    <presentationArc xlink:type="arc" xlink:arcrole="http://www.xbrl.org/2003/arcrole/parent-child" xlink:from="gl-cor_account" xlink:to="gl-cor_accountMainDescription" xlink:title="presentation: account to accountMainDescription" use="optional" order="20.0"/>
    <loc xlink:type="locator" xlink:href="gl-cor-2020-12-31.xsd#gl-cor_mainAccountType" xlink:label="gl-cor_mainAccountType" xlink:title="presentation: account to mainAccountType"/>
    <presentationArc xlink:type="arc" xlink:arcrole="http://www.xbrl.org/2003/arcrole/parent-child" xlink:from="gl-cor_account" xlink:to="gl-cor_mainAccountType" xlink:title="presentation: account to mainAccountType" use="optional" order="30.0"/>
    <loc xlink:type="locator" xlink:href="gl-cor-2020-12-31.xsd#gl-cor_parentAccountMainID" xlink:label="gl-cor_parentAccountMainID" xlink:title="presentation: account to parentAccountMainID"/>
    <presentationArc xlink:type="arc" xlink:arcrole="http://www.xbrl.org/2003/arcrole/parent-child" xlink:from="gl-cor_account" xlink:to="gl-cor_parentAccountMainID" xlink:title="presentation: account to parentAccountMainID" use="optional" order="35.0"/>
    <loc xlink:type="locator" xlink:href="gl-cor-2020-12-31.xsd#gl-cor_accountPurposeCode" xlink:label="gl-cor_accountPurposeCode" xlink:title="presentation: account to accountPurposeCode"/>
    <presentationArc xlink:type="arc" xlink:arcrole="http://www.xbrl.org/2003/arcrole/parent-child" xlink:from="gl-cor_account" xlink:to="gl-cor_accountPurposeCode" xlink:title="presentation: account to accountPurposeCode" use="optional" order="50.0"/>
    <loc xlink:type="locator" xlink:href="gl-cor-2020-12-31.xsd#gl-cor_accountPurposeDescription" xlink:label="gl-cor_accountPurposeDescription" xlink:title="presentation: account to accountPurposeDescription"/>
    <presentationArc xlink:type="arc" xlink:arcrole="http://www.xbrl.org/2003/arcrole/parent-child" xlink:from="gl-cor_account" xlink:to="gl-cor_accountPurposeDescription" xlink:title="presentation: account to accountPurposeDescription" use="optional" order="60.0"/>
    <loc xlink:type="locator" xlink:href="gl-cor-2020-12-31.xsd#gl-cor_accountType" xlink:label="gl-cor_accountType" xlink:title="presentation: account to accountType"/>
    <presentationArc xlink:type="arc" xlink:arcrole="http://www.xbrl.org/2003/arcrole/parent-child" xlink:from="gl-cor_account" xlink:to="gl-cor_accountType" xlink:title="presentation: account to accountType" use="optional" order="70.0"/>
    <loc xlink:type="locator" xlink:href="gl-cor-2020-12-31.xsd#gl-cor_accountSub" xlink:label="gl-cor_accountSub" xlink:title="presentation: account to accountSub"/>
    <presentationArc xlink:type="arc" xlink:arcrole="http://www.xbrl.org/2003/arcrole/parent-child" xlink:from="gl-cor_account" xlink:to="gl-cor_accountSub" xlink:title="presentation: account to accountSub" use="optional" order="80.0"/>
    <loc xlink:type="locator" xlink:href="gl-cor-2020-12-31.xsd#gl-cor_accountSubDescription" xlink:label="gl-cor_accountSubDescription" xlink:title="presentation: accountSub to accountSubDescription"/>
    <presentationArc xlink:type="arc" xlink:arcrole="http://www.xbrl.org/2003/arcrole/parent-child" xlink:from="gl-cor_accountSub" xlink:to="gl-cor_accountSubDescription" xlink:title="presentation: accountSub to accountSubDescription" use="optional" order="10.0"/>
    <loc xlink:type="locator" xlink:href="gl-cor-2020-12-31.xsd#gl-cor_accountSubID" xlink:label="gl-cor_accountSubID" xlink:title="presentation: accountSub to accountSubID"/>
    <presentationArc xlink:type="arc" xlink:arcrole="http://www.xbrl.org/2003/arcrole/parent-child" xlink:from="gl-cor_accountSub" xlink:to="gl-cor_accountSubID" xlink:title="presentation: accountSub to accountSubID" use="optional" order="20.0"/>
    <loc xlink:type="locator" xlink:href="gl-cor-2020-12-31.xsd#gl-cor_accountSubType" xlink:label="gl-cor_accountSubType" xlink:title="presentation: accountSub to accountSubType"/>
    <presentationArc xlink:type="arc" xlink:arcrole="http://www.xbrl.org/2003/arcrole/parent-child" xlink:from="gl-cor_accountSub" xlink:to="gl-cor_accountSubType" xlink:title="presentation: accountSub to accountSubType" use="optional" order="30.0"/>
    <loc xlink:type="locator" xlink:href="gl-cor-2020-12-31.xsd#gl-cor_segmentParentTuple" xlink:label="gl-cor_segmentParentTuple" xlink:title="presentation: accountSub to segmentParentTuple"/>
    <presentationArc xlink:type="arc" xlink:arcrole="http://www.xbrl.org/2003/arcrole/parent-child" xlink:from="gl-cor_accountSub" xlink:to="gl-cor_segmentParentTuple" xlink:title="presentation: accountSub to segmentParentTuple" use="optional" order="31.0"/>
    <loc xlink:type="locator" xlink:href="gl-cor-2020-12-31.xsd#gl-cor_parentSubaccountCode" xlink:label="gl-cor_parentSubaccountCode" xlink:title="presentation: segmentParentTuple to parentSubaccountCode"/>
    <presentationArc xlink:type="arc" xlink:arcrole="http://www.xbrl.org/2003/arcrole/parent-child" xlink:from="gl-cor_segmentParentTuple" xlink:to="gl-cor_parentSubaccountCode" xlink:title="presentation: segmentParentTuple to parentSubaccountCode" use="optional" order="1.0"/>
    <loc xlink:type="locator" xlink:href="gl-cor-2020-12-31.xsd#gl-cor_parentSubaccountType" xlink:label="gl-cor_parentSubaccountType" xlink:title="presentation: segmentParentTuple to parentSubaccountType"/>
    <presentationArc xlink:type="arc" xlink:arcrole="http://www.xbrl.org/2003/arcrole/parent-child" xlink:from="gl-cor_segmentParentTuple" xlink:to="gl-cor_parentSubaccountType" xlink:title="presentation: segmentParentTuple to parentSubaccountType" use="optional" order="2.0"/>
    <loc xlink:type="locator" xlink:href="gl-cor-2020-12-31.xsd#gl-cor_reportingTreeIdentifier" xlink:label="gl-cor_reportingTreeIdentifier" xlink:title="presentation: segmentParentTuple to reportingTreeIdentifier"/>
    <presentationArc xlink:type="arc" xlink:arcrole="http://www.xbrl.org/2003/arcrole/parent-child" xlink:from="gl-cor_segmentParentTuple" xlink:to="gl-cor_reportingTreeIdentifier" xlink:title="presentation: segmentParentTuple to reportingTreeIdentifier" use="optional" order="3.0"/>
    <loc xlink:type="locator" xlink:href="gl-cor-2020-12-31.xsd#gl-cor_parentSubaccountProportion" xlink:label="gl-cor_parentSubaccountProportion" xlink:title="presentation: segmentParentTuple to parentSubaccountProportion"/>
    <presentationArc xlink:type="arc" xlink:arcrole="http://www.xbrl.org/2003/arcrole/parent-child" xlink:from="gl-cor_segmentParentTuple" xlink:to="gl-cor_parentSubaccountProportion" xlink:title="presentation: segmentParentTuple to parentSubaccountProportion" use="optional" order="4.0"/>
    <loc xlink:type="locator" xlink:href="gl-cor-2020-12-31.xsd#gl-cor_accountActive" xlink:label="accountActive_1130118809206_0" xlink:title="accountActive"/>
    <presentationArc xlink:type="arc" xlink:arcrole="http://www.xbrl.org/2003/arcrole/parent-child" xlink:from="gl-cor_account" xlink:to="accountActive_1130118809206_0" xlink:title="presentation: account to accountActive" order="90.0"/>
    <loc xlink:type="locator" xlink:href="gl-cor-2020-12-31.xsd#gl-cor_mainAccountTypeDescription" xlink:label="gl-cor_mainAccountTypeDescription" xlink:title="presentation: account to mainAccountTypeDescription"/>
    <presentationArc xlink:type="arc" xlink:arcrole="http://www.xbrl.org/2003/arcrole/parent-child" xlink:from="gl-cor_account" xlink:to="gl-cor_mainAccountTypeDescription" xlink:title="presentation: account to mainAccountTypeDescription" use="optional" order="31.0"/>
    <loc xlink:type="locator" xlink:href="gl-cor-2020-12-31.xsd#gl-cor_accountTypeDescription" xlink:label="gl-cor_accountTypeDescription" xlink:title="presentation: account to accountTypeDescription"/>
    <presentationArc xlink:type="arc" xlink:arcrole="http://www.xbrl.org/2003/arcrole/parent-child" xlink:from="gl-cor_account" xlink:to="gl-cor_accountTypeDescription" xlink:title="presentation: account to accountTypeDescription" use="optional" order="71.0"/>
    <loc xlink:type="locator" xlink:href="gl-cor-2020-12-31.xsd#gl-cor_debitCreditCode" xlink:label="debitCreditCode_1102550734037_1" xlink:title="debitCreditCode"/>
    <presentationArc xlink:type="arc" xlink:arcrole="http://www.xbrl.org/2003/arcrole/parent-child" xlink:from="entryDetail_1107629821232_1" xlink:to="debitCreditCode_1102550734037_1" xlink:title="presentation: entryDetail to debitCreditCode" order="45.0"/>
    <loc xlink:type="locator" xlink:href="gl-cor-2020-12-31.xsd#gl-cor_signOfAmount" xlink:label="signOfAmount_1102550763079_0" xlink:title="signOfAmount"/>
    <presentationArc xlink:type="arc" xlink:arcrole="http://www.xbrl.org/2003/arcrole/parent-child" xlink:from="entryDetail_1107629821232_1" xlink:to="signOfAmount_1102550763079_0" xlink:title="presentation: entryDetail to signOfAmount" order="40.0"/>
    <loc xlink:type="locator" xlink:href="gl-cor-2020-12-31.xsd#gl-cor_amount" xlink:label="amount_1102550775777_0" xlink:title="amount"/>
    <presentationArc xlink:type="arc" xlink:arcrole="http://www.xbrl.org/2003/arcrole/parent-child" xlink:from="entryDetail_1107629821232_1" xlink:to="amount_1102550775777_0" xlink:title="presentation: entryDetail to amount" order="30.0"/>
    <loc xlink:type="locator" xlink:href="gl-cor-2020-12-31.xsd#gl-cor_postingDate" xlink:label="postingDate_1102550789167_0" xlink:title="postingDate"/>
    <presentationArc xlink:type="arc" xlink:arcrole="http://www.xbrl.org/2003/arcrole/parent-child" xlink:from="entryDetail_1107629821232_1" xlink:to="postingDate_1102550789167_0" xlink:title="presentation: entryDetail to postingDate" order="50.0"/>
    <loc xlink:type="locator" xlink:href="gl-cor-2020-12-31.xsd#gl-cor_identifierReference" xlink:label="identifierReference_1130072069367_1" xlink:title="identifierReference"/>
    <presentationArc xlink:type="arc" xlink:arcrole="http://www.xbrl.org/2003/arcrole/parent-child" xlink:from="entryDetail_1107629821232_1" xlink:to="identifierReference_1130072069367_1" xlink:title="presentation: entryDetail to identifierReference" order="70.0"/>
    <loc xlink:type="locator" xlink:href="gl-cor-2020-12-31.xsd#gl-cor_identifierCode" xlink:label="gl-cor_identifierCode" xlink:title="presentation: identifierReference to identifierCode"/>
    <presentationArc xlink:type="arc" xlink:arcrole="http://www.xbrl.org/2003/arcrole/parent-child" xlink:from="identifierReference_1130072069367_1" xlink:to="gl-cor_identifierCode" xlink:title="presentation: identifierReference to identifierCode" use="optional" order="1.0"/>
    <loc xlink:type="locator" xlink:href="gl-cor-2020-12-31.xsd#gl-cor_identifierDescription" xlink:label="gl-cor_identifierDescription" xlink:title="presentation: identifierReference to identifierDescription"/>
    <presentationArc xlink:type="arc" xlink:arcrole="http://www.xbrl.org/2003/arcrole/parent-child" xlink:from="identifierReference_1130072069367_1" xlink:to="gl-cor_identifierDescription" xlink:title="presentation: identifierReference to identifierDescription" use="optional" order="3.0"/>
    <loc xlink:type="locator" xlink:href="gl-cor-2020-12-31.xsd#gl-cor_identifierType" xlink:label="gl-cor_identifierType" xlink:title="presentation: identifierReference to identifierType"/>
    <presentationArc xlink:type="arc" xlink:arcrole="http://www.xbrl.org/2003/arcrole/parent-child" xlink:from="identifierReference_1130072069367_1" xlink:to="gl-cor_identifierType" xlink:title="presentation: identifierReference to identifierType" use="optional" order="4.0"/>
    <loc xlink:type="locator" xlink:href="gl-cor-2020-12-31.xsd#gl-cor_identifierCategory" xlink:label="gl-cor_identifierCategory" xlink:title="presentation: identifierReference to IdentifierCategory"/>
    <presentationArc xlink:type="arc" xlink:arcrole="http://www.xbrl.org/2003/arcrole/parent-child" xlink:from="identifierReference_1130072069367_1" xlink:to="gl-cor_identifierCategory" xlink:title="presentation: identifierReference to IdentifierCategory" use="optional" order="5.0"/>
    <loc xlink:type="locator" xlink:href="gl-cor-2020-12-31.xsd#gl-cor_identifierEMail" xlink:label="gl-cor_identifierEMail" xlink:title="presentation: identifierReference to identifierEMail"/>
    <presentationArc xlink:type="arc" xlink:arcrole="http://www.xbrl.org/2003/arcrole/parent-child" xlink:from="identifierReference_1130072069367_1" xlink:to="gl-cor_identifierEMail" xlink:title="presentation: identifierReference to identifierEMail" use="optional" order="6.0"/>
    <loc xlink:type="locator" xlink:href="gl-cor-2020-12-31.xsd#gl-cor_identifierEmailAddressUsage" xlink:label="identifierEmailAddressUsage_1129930630598_0" xlink:title="identifierEmailAddressUsage"/>
    <presentationArc xlink:type="arc" xlink:arcrole="http://www.xbrl.org/2003/arcrole/parent-child" xlink:from="gl-cor_identifierEMail" xlink:to="identifierEmailAddressUsage_1129930630598_0" xlink:title="presentation: identifierEMail to identifierEmailAddressUsage" order="1.0"/>
    <loc xlink:type="locator" xlink:href="gl-cor-2020-12-31.xsd#gl-cor_identifierEmailAddress" xlink:label="identifierEmailAddress_1129930633422_0" xlink:title="identifierEmailAddress"/>
    <presentationArc xlink:type="arc" xlink:arcrole="http://www.xbrl.org/2003/arcrole/parent-child" xlink:from="gl-cor_identifierEMail" xlink:to="identifierEmailAddress_1129930633422_0" xlink:title="presentation: identifierEMail to identifierEmailAddress" order="2.0"/>
    <loc xlink:type="locator" xlink:href="gl-cor-2020-12-31.xsd#gl-cor_identifierPhoneNumber" xlink:label="gl-cor_identifierPhoneNumber" xlink:title="presentation: identifierReference to identifierPhoneNumber"/>
    <presentationArc xlink:type="arc" xlink:arcrole="http://www.xbrl.org/2003/arcrole/parent-child" xlink:from="identifierReference_1130072069367_1" xlink:to="gl-cor_identifierPhoneNumber" xlink:title="presentation: identifierReference to identifierPhoneNumber" use="optional" order="7.0"/>
    <loc xlink:type="locator" xlink:href="gl-cor-2020-12-31.xsd#gl-cor_identifierPhoneNumberDescription" xlink:label="identifierPhoneNumberDescription_1129927896877_0" xlink:title="identifierPhoneNumberDescription"/>
    <presentationArc xlink:type="arc" xlink:arcrole="http://www.xbrl.org/2003/arcrole/parent-child" xlink:from="gl-cor_identifierPhoneNumber" xlink:to="identifierPhoneNumberDescription_1129927896877_0" xlink:title="presentation: identifierPhoneNumber to identifierPhoneNumberDescription" order="1.0"/>
    <loc xlink:type="locator" xlink:href="gl-cor-2020-12-31.xsd#gl-cor_identifierPhone" xlink:label="identifierPhone_1129927900062_0" xlink:title="identifierPhone"/>
    <presentationArc xlink:type="arc" xlink:arcrole="http://www.xbrl.org/2003/arcrole/parent-child" xlink:from="gl-cor_identifierPhoneNumber" xlink:to="identifierPhone_1129927900062_0" xlink:title="presentation: identifierPhoneNumber to identifierPhone" order="2.0"/>
    <loc xlink:type="locator" xlink:href="gl-cor-2020-12-31.xsd#gl-cor_identifierFaxNumber" xlink:label="identifierFaxNumber_1126562890047_1" xlink:title="identifierFaxNumber"/>
    <presentationArc xlink:type="arc" xlink:arcrole="http://www.xbrl.org/2003/arcrole/parent-child" xlink:from="identifierReference_1130072069367_1" xlink:to="identifierFaxNumber_1126562890047_1" xlink:title="presentation: identifierReference to identifierFaxNumber" order="8.0"/>
    <loc xlink:type="locator" xlink:href="gl-cor-2020-12-31.xsd#gl-cor_identifierFaxNumberUsage" xlink:label="identifierFaxNumberUsage_1129929875793_0" xlink:title="identifierFaxNumberUsage"/>
    <presentationArc xlink:type="arc" xlink:arcrole="http://www.xbrl.org/2003/arcrole/parent-child" xlink:from="identifierFaxNumber_1126562890047_1" xlink:to="identifierFaxNumberUsage_1129929875793_0" xlink:title="presentation: identifierFaxNumber to identifierFaxNumberUsage" order="1.0"/>
    <loc xlink:type="locator" xlink:href="gl-cor-2020-12-31.xsd#gl-cor_identifierFax" xlink:label="identifierFax_1129929879017_0" xlink:title="identifierFax"/>
    <presentationArc xlink:type="arc" xlink:arcrole="http://www.xbrl.org/2003/arcrole/parent-child" xlink:from="identifierFaxNumber_1126562890047_1" xlink:to="identifierFax_1129929879017_0" xlink:title="presentation: identifierFaxNumber to identifierFax" order="2.0"/>
    <loc xlink:type="locator" xlink:href="gl-cor-2020-12-31.xsd#gl-cor_identifierContactInformationStructure" xlink:label="identifierContactInformationStructure_1127881497240_0" xlink:title="identifierContactInformationStructure"/>
    <presentationArc xlink:type="arc" xlink:arcrole="http://www.xbrl.org/2003/arcrole/parent-child" xlink:from="identifierReference_1130072069367_1" xlink:to="identifierContactInformationStructure_1127881497240_0" xlink:title="presentation: identifierReference to identifierContactInformationStructure" order="15.0"/>
    <loc xlink:type="locator" xlink:href="gl-cor-2020-12-31.xsd#gl-cor_identifierContactPrefix" xlink:label="identifierContactPrefix_1127881524320_0" xlink:title="identifierContactPrefix"/>
    <presentationArc xlink:type="arc" xlink:arcrole="http://www.xbrl.org/2003/arcrole/parent-child" xlink:from="identifierContactInformationStructure_1127881497240_0" xlink:to="identifierContactPrefix_1127881524320_0" xlink:title="presentation: identifierContactInformationStructure to identifierContactPrefix" order="1.0"/>
    <loc xlink:type="locator" xlink:href="gl-cor-2020-12-31.xsd#gl-cor_identifierContactFirstName" xlink:label="identifierContactFirstName_1127881531664_0" xlink:title="identifierContactFirstName"/>
    <presentationArc xlink:type="arc" xlink:arcrole="http://www.xbrl.org/2003/arcrole/parent-child" xlink:from="identifierContactInformationStructure_1127881497240_0" xlink:to="identifierContactFirstName_1127881531664_0" xlink:title="presentation: identifierContactInformationStructure to identifierContactFirstName" order="4.0"/>
    <loc xlink:type="locator" xlink:href="gl-cor-2020-12-31.xsd#gl-cor_identifierContactSuffix" xlink:label="identifierContactSuffix_1127881531664_1" xlink:title="identifierContactSuffix"/>
    <presentationArc xlink:type="arc" xlink:arcrole="http://www.xbrl.org/2003/arcrole/parent-child" xlink:from="identifierContactInformationStructure_1127881497240_0" xlink:to="identifierContactSuffix_1127881531664_1" xlink:title="presentation: identifierContactInformationStructure to identifierContactSuffix" order="6.0"/>
    <loc xlink:type="locator" xlink:href="gl-cor-2020-12-31.xsd#gl-cor_identifierContactAttentionLine" xlink:label="identifierContactAttentionLine_1127881531664_2" xlink:title="identifierContactAttentionLine"/>
    <presentationArc xlink:type="arc" xlink:arcrole="http://www.xbrl.org/2003/arcrole/parent-child" xlink:from="identifierContactInformationStructure_1127881497240_0" xlink:to="identifierContactAttentionLine_1127881531664_2" xlink:title="presentation: identifierContactInformationStructure to identifierContactAttentionLine" order="8.0"/>
    <loc xlink:type="locator" xlink:href="gl-cor-2020-12-31.xsd#gl-cor_identifierContactPositionRole" xlink:label="identifierContactPositionRole_1127881531664_3" xlink:title="identifierContactPositionRole"/>
    <presentationArc xlink:type="arc" xlink:arcrole="http://www.xbrl.org/2003/arcrole/parent-child" xlink:from="identifierContactInformationStructure_1127881497240_0" xlink:to="identifierContactPositionRole_1127881531664_3" xlink:title="presentation: identifierContactInformationStructure to identifierContactPositionRole" order="10.0"/>
    <loc xlink:type="locator" xlink:href="gl-cor-2020-12-31.xsd#gl-cor_identifierContactPhone" xlink:label="identifierContactPhone_1127881531664_4" xlink:title="identifierContactPhone"/>
    <presentationArc xlink:type="arc" xlink:arcrole="http://www.xbrl.org/2003/arcrole/parent-child" xlink:from="identifierContactInformationStructure_1127881497240_0" xlink:to="identifierContactPhone_1127881531664_4" xlink:title="presentation: identifierContactInformationStructure to identifierContactPhone" order="12.0"/>
    <loc xlink:type="locator" xlink:href="gl-cor-2020-12-31.xsd#gl-cor_identifierContactPhoneNumberDescription" xlink:label="identifierContactPhoneNumberDescription_1129927913791_0" xlink:title="identifierContactPhoneNumberDescription"/>
    <presentationArc xlink:type="arc" xlink:arcrole="http://www.xbrl.org/2003/arcrole/parent-child" xlink:from="identifierContactPhone_1127881531664_4" xlink:to="identifierContactPhoneNumberDescription_1129927913791_0" xlink:title="presentation: identifierContactPhone to identifierContactPhoneNumberDescription" order="1.0"/>
    <loc xlink:type="locator" xlink:href="gl-cor-2020-12-31.xsd#gl-cor_identifierContactPhoneNumber" xlink:label="identifierContactPhoneNumber_1129927916575_0" xlink:title="identifierContactPhoneNumber"/>
    <presentationArc xlink:type="arc" xlink:arcrole="http://www.xbrl.org/2003/arcrole/parent-child" xlink:from="identifierContactPhone_1127881531664_4" xlink:to="identifierContactPhoneNumber_1129927916575_0" xlink:title="presentation: identifierContactPhone to identifierContactPhoneNumber" order="2.0"/>
    <loc xlink:type="locator" xlink:href="gl-cor-2020-12-31.xsd#gl-cor_identifierContactFax" xlink:label="identifierContactFax_1127881531664_5" xlink:title="identifierContactFax"/>
    <presentationArc xlink:type="arc" xlink:arcrole="http://www.xbrl.org/2003/arcrole/parent-child" xlink:from="identifierContactInformationStructure_1127881497240_0" xlink:to="identifierContactFax_1127881531664_5" xlink:title="presentation: identifierContactInformationStructure to identifierContactFax" order="14.0"/>
    <loc xlink:type="locator" xlink:href="gl-cor-2020-12-31.xsd#gl-cor_identifierContactFaxNumberUsage" xlink:label="identifierContactFaxNumberUsage_1129929890354_0" xlink:title="identifierContactFaxNumberUsage"/>
    <presentationArc xlink:type="arc" xlink:arcrole="http://www.xbrl.org/2003/arcrole/parent-child" xlink:from="identifierContactFax_1127881531664_5" xlink:to="identifierContactFaxNumberUsage_1129929890354_0" xlink:title="presentation: identifierContactFax to identifierContactFaxNumberUsage" order="1.0"/>
    <loc xlink:type="locator" xlink:href="gl-cor-2020-12-31.xsd#gl-cor_identifierContactFaxNumber" xlink:label="identifierContactFaxNumber_1129929892797_0" xlink:title="identifierContactFaxNumber"/>
    <presentationArc xlink:type="arc" xlink:arcrole="http://www.xbrl.org/2003/arcrole/parent-child" xlink:from="identifierContactFax_1127881531664_5" xlink:to="identifierContactFaxNumber_1129929892797_0" xlink:title="presentation: identifierContactFax to identifierContactFaxNumber" order="2.0"/>
    <loc xlink:type="locator" xlink:href="gl-cor-2020-12-31.xsd#gl-cor_identifierContactEmail" xlink:label="identifierContactEmail_1127881531664_6" xlink:title="identifierContactEmail"/>
    <presentationArc xlink:type="arc" xlink:arcrole="http://www.xbrl.org/2003/arcrole/parent-child" xlink:from="identifierContactInformationStructure_1127881497240_0" xlink:to="identifierContactEmail_1127881531664_6" xlink:title="presentation: identifierContactInformationStructure to identifierContactEmail" order="16.0"/>
    <loc xlink:type="locator" xlink:href="gl-cor-2020-12-31.xsd#gl-cor_identifierContactEmailAddressUsage" xlink:label="identifierContactEmailAddressUsage_1129930644348_0" xlink:title="identifierContactEmailAddressUsage"/>
    <presentationArc xlink:type="arc" xlink:arcrole="http://www.xbrl.org/2003/arcrole/parent-child" xlink:from="identifierContactEmail_1127881531664_6" xlink:to="identifierContactEmailAddressUsage_1129930644348_0" xlink:title="presentation: identifierContactEmail to identifierContactEmailAddressUsage" order="1.0"/>
    <loc xlink:type="locator" xlink:href="gl-cor-2020-12-31.xsd#gl-cor_identifierContactEmailAddress" xlink:label="identifierContactEmailAddress_1129930647172_0" xlink:title="identifierContactEmailAddress"/>
    <presentationArc xlink:type="arc" xlink:arcrole="http://www.xbrl.org/2003/arcrole/parent-child" xlink:from="identifierContactEmail_1127881531664_6" xlink:to="identifierContactEmailAddress_1129930647172_0" xlink:title="presentation: identifierContactEmail to identifierContactEmailAddress" order="2.0"/>
    <loc xlink:type="locator" xlink:href="gl-cor-2020-12-31.xsd#gl-cor_identifierContactType" xlink:label="identifierContactType_1127881531664_7" xlink:title="identifierContactType"/>
    <presentationArc xlink:type="arc" xlink:arcrole="http://www.xbrl.org/2003/arcrole/parent-child" xlink:from="identifierContactInformationStructure_1127881497240_0" xlink:to="identifierContactType_1127881531664_7" xlink:title="presentation: identifierContactInformationStructure to identifierContactType" order="18.0"/>
    <loc xlink:type="locator" xlink:href="gl-cor-2020-12-31.xsd#gl-cor_identifierContactLastName" xlink:label="identifierContactLastName_1127881531664_8" xlink:title="identifierContactLastName"/>
    <presentationArc xlink:type="arc" xlink:arcrole="http://www.xbrl.org/2003/arcrole/parent-child" xlink:from="identifierContactInformationStructure_1127881497240_0" xlink:to="identifierContactLastName_1127881531664_8" xlink:title="presentation: identifierContactInformationStructure to identifierContactLastName" order="2.0"/>
    <loc xlink:type="locator" xlink:href="gl-cor-2020-12-31.xsd#gl-cor_identifierOrganizationType" xlink:label="identifierOrganizationType_1127881679408_0" xlink:title="identifierOrganizationType"/>
    <presentationArc xlink:type="arc" xlink:arcrole="http://www.xbrl.org/2003/arcrole/parent-child" xlink:from="identifierReference_1130072069367_1" xlink:to="identifierOrganizationType_1127881679408_0" xlink:title="presentation: identifierReference to identifierOrganizationType" use="optional" order="2.7"/>
    <loc xlink:type="locator" xlink:href="gl-cor-2020-12-31.xsd#gl-cor_identifierExternalReference" xlink:label="identifierExternalReference_1130072972496_0" xlink:title="identifierExternalReference"/>
    <presentationArc xlink:type="arc" xlink:arcrole="http://www.xbrl.org/2003/arcrole/parent-child" xlink:from="identifierReference_1130072069367_1" xlink:to="identifierExternalReference_1130072972496_0" xlink:title="presentation: identifierReference to identifierExternalReference" order="2.0"/>
    <loc xlink:type="locator" xlink:href="gl-cor-2020-12-31.xsd#gl-cor_identifierAuthorityCode" xlink:label="identifierAuthorityCode_1130072982600_0" xlink:title="presentation: identifierReference to identifierTaxCode"/>
    <presentationArc xlink:type="arc" xlink:arcrole="http://www.xbrl.org/2003/arcrole/parent-child" xlink:from="identifierExternalReference_1130072972496_0" xlink:to="identifierAuthorityCode_1130072982600_0" xlink:title="presentation: identifierExternalReference to identifierAuthorityCode" use="optional" order="1.0"/>
    <loc xlink:type="locator" xlink:href="gl-cor-2020-12-31.xsd#gl-cor_identifierAuthority" xlink:label="identifierAuthority_1130072985144_0" xlink:title="identifierAuthority"/>
    <presentationArc xlink:type="arc" xlink:arcrole="http://www.xbrl.org/2003/arcrole/parent-child" xlink:from="identifierExternalReference_1130072972496_0" xlink:to="identifierAuthority_1130072985144_0" xlink:title="presentation: identifierExternalReference to identifierAuthority" use="optional" order="2.0"/>
    <loc xlink:type="locator" xlink:href="gl-cor-2020-12-31.xsd#gl-cor_identifierAuthorityVerificationDate" xlink:label="identifierAuthorityVerificationDate_1130072987117_0" xlink:title="identifierAuthorityVerificationDate"/>
    <presentationArc xlink:type="arc" xlink:arcrole="http://www.xbrl.org/2003/arcrole/parent-child" xlink:from="identifierExternalReference_1130072972496_0" xlink:to="identifierAuthorityVerificationDate_1130072987117_0" xlink:title="presentation: identifierExternalReference to identifierAuthorityVerificationDate" use="optional" order="3.0"/>
    <loc xlink:type="locator" xlink:href="gl-cor-2020-12-31.xsd#gl-cor_identifierActive" xlink:label="identifierActive_1130119068919_0" xlink:title="identifierActive"/>
    <presentationArc xlink:type="arc" xlink:arcrole="http://www.xbrl.org/2003/arcrole/parent-child" xlink:from="identifierReference_1130072069367_1" xlink:to="identifierActive_1130119068919_0" xlink:title="presentation: identifierReference to identifierActive" order="16.0"/>
    <loc xlink:type="locator" xlink:href="gl-cor-2020-12-31.xsd#gl-cor_identifierOrganizationTypeDescription" xlink:label="identifierOrganizationTypeDescription" xlink:title="identifierOrganizationTypeDescription"/>
    <presentationArc xlink:type="arc" xlink:arcrole="http://www.xbrl.org/2003/arcrole/parent-child" xlink:from="identifierReference_1130072069367_1" xlink:to="identifierOrganizationTypeDescription" xlink:title="presentation: identifierReference to identifierOrganizationTypeDescription" use="optional" order="2.8"/>
    <loc xlink:type="locator" xlink:href="gl-cor-2020-12-31.xsd#gl-cor_postingStatus" xlink:label="postingStatus_1102550899996_0" xlink:title="postingStatus"/>
    <presentationArc xlink:type="arc" xlink:arcrole="http://www.xbrl.org/2003/arcrole/parent-child" xlink:from="entryDetail_1107629821232_1" xlink:to="postingStatus_1102550899996_0" xlink:title="presentation: entryDetail to postingStatus" order="130.0"/>
    <loc xlink:type="locator" xlink:href="gl-cor-2020-12-31.xsd#gl-cor_dateAcknowledged" xlink:label="dateAcknowledged_1102551002213_0" xlink:title="dateAcknowledged"/>
    <presentationArc xlink:type="arc" xlink:arcrole="http://www.xbrl.org/2003/arcrole/parent-child" xlink:from="entryDetail_1107629821232_1" xlink:to="dateAcknowledged_1102551002213_0" xlink:title="presentation: entryDetail to dateAcknowledged" order="160.0"/>
    <loc xlink:type="locator" xlink:href="gl-cor-2020-12-31.xsd#gl-cor_confirmedDate" xlink:label="confirmedDate_1102551081788_0" xlink:title="confirmedDate"/>
    <presentationArc xlink:type="arc" xlink:arcrole="http://www.xbrl.org/2003/arcrole/parent-child" xlink:from="entryDetail_1107629821232_1" xlink:to="confirmedDate_1102551081788_0" xlink:title="presentation: entryDetail to confirmedDate" order="170.0"/>
    <loc xlink:type="locator" xlink:href="gl-cor-2020-12-31.xsd#gl-cor_shipReceivedDate" xlink:label="shipReceivedDate_1102551083300_0" xlink:title="shipReceivedDate"/>
    <presentationArc xlink:type="arc" xlink:arcrole="http://www.xbrl.org/2003/arcrole/parent-child" xlink:from="entryDetail_1107629821232_1" xlink:to="shipReceivedDate_1102551083300_0" xlink:title="presentation: entryDetail to shipReceivedDate" order="180.0"/>
    <loc xlink:type="locator" xlink:href="gl-cor-2020-12-31.xsd#gl-cor_documentType" xlink:label="documentType_1102551093274_0" xlink:title="documentType"/>
    <presentationArc xlink:type="arc" xlink:arcrole="http://www.xbrl.org/2003/arcrole/parent-child" xlink:from="entryDetail_1107629821232_1" xlink:to="documentType_1102551093274_0" xlink:title="presentation: entryDetail to documentType" order="80.0"/>
    <loc xlink:type="locator" xlink:href="gl-cor-2020-12-31.xsd#gl-cor_documentNumber" xlink:label="documentNumber_1102551094456_0" xlink:title="documentNumber"/>
    <presentationArc xlink:type="arc" xlink:arcrole="http://www.xbrl.org/2003/arcrole/parent-child" xlink:from="entryDetail_1107629821232_1" xlink:to="documentNumber_1102551094456_0" xlink:title="presentation: entryDetail to documentNumber" order="90.0"/>
    <loc xlink:type="locator" xlink:href="gl-cor-2020-12-31.xsd#gl-cor_documentApplyToNumber" xlink:label="documentApplyToNumber_1102551098211_0" xlink:title="documentApplyToNumber"/>
    <presentationArc xlink:type="arc" xlink:arcrole="http://www.xbrl.org/2003/arcrole/parent-child" xlink:from="entryDetail_1107629821232_1" xlink:to="documentApplyToNumber_1102551098211_0" xlink:title="presentation: entryDetail to documentApplyToNumber" order="100.0"/>
    <loc xlink:type="locator" xlink:href="gl-cor-2020-12-31.xsd#gl-cor_documentReference" xlink:label="documentReference_1102551101316_0" xlink:title="documentReference"/>
    <presentationArc xlink:type="arc" xlink:arcrole="http://www.xbrl.org/2003/arcrole/parent-child" xlink:from="entryDetail_1107629821232_1" xlink:to="documentReference_1102551101316_0" xlink:title="presentation: entryDetail to documentReference" order="110.0"/>
    <loc xlink:type="locator" xlink:href="gl-cor-2020-12-31.xsd#gl-cor_documentDate" xlink:label="documentDate_1102551106223_0" xlink:title="documentDate"/>
    <presentationArc xlink:type="arc" xlink:arcrole="http://www.xbrl.org/2003/arcrole/parent-child" xlink:from="entryDetail_1107629821232_1" xlink:to="documentDate_1102551106223_0" xlink:title="presentation: entryDetail to documentDate" order="120.0"/>
    <loc xlink:type="locator" xlink:href="gl-cor-2020-12-31.xsd#gl-cor_maturityDate" xlink:label="maturityDate_1102551146591_0" xlink:title="maturityDate"/>
    <presentationArc xlink:type="arc" xlink:arcrole="http://www.xbrl.org/2003/arcrole/parent-child" xlink:from="entryDetail_1107629821232_1" xlink:to="maturityDate_1102551146591_0" xlink:title="presentation: entryDetail to maturityDate" order="190.0"/>
    <loc xlink:type="locator" xlink:href="gl-cor-2020-12-31.xsd#gl-cor_terms" xlink:label="terms_1102551173069_0" xlink:title="terms"/>
    <presentationArc xlink:type="arc" xlink:arcrole="http://www.xbrl.org/2003/arcrole/parent-child" xlink:from="entryDetail_1107629821232_1" xlink:to="terms_1102551173069_0" xlink:title="presentation: entryDetail to terms" order="200.0"/>
    <loc xlink:type="locator" xlink:href="gl-cor-2020-12-31.xsd#gl-cor_invoiceType" xlink:label="invoiceType_1126575254875_0" xlink:title="invoiceType"/>
    <presentationArc xlink:type="arc" xlink:arcrole="http://www.xbrl.org/2003/arcrole/parent-child" xlink:from="entryDetail_1107629821232_1" xlink:to="invoiceType_1126575254875_0" xlink:title="presentation: entryDetail to invoiceType" order="82.0"/>
    <loc xlink:type="locator" xlink:href="gl-cor-2020-12-31.xsd#gl-cor_shipFrom" xlink:label="shipFrom_1126576473296_0" xlink:title="shipFrom"/>
    <presentationArc xlink:type="arc" xlink:arcrole="http://www.xbrl.org/2003/arcrole/parent-child" xlink:from="entryDetail_1107629821232_1" xlink:to="shipFrom_1126576473296_0" xlink:title="presentation: entryDetail to shipFrom" order="178.0"/>
    <loc xlink:type="locator" xlink:href="gl-cor-2020-12-31.xsd#gl-cor_lineNumberCounter" xlink:label="lineNumberCounter_1130122829977_0" xlink:title="lineNumberCounter"/>
    <presentationArc xlink:type="arc" xlink:arcrole="http://www.xbrl.org/2003/arcrole/parent-child" xlink:from="entryDetail_1107629821232_1" xlink:to="lineNumberCounter_1130122829977_0" xlink:title="presentation: entryDetail to lineNumberCounter" use="optional" order="15.0"/>
    <loc xlink:type="locator" xlink:href="gl-cor-2020-12-31.xsd#gl-cor_documentTypeDescription" xlink:label="documentTypeDescription" xlink:title="documentTypeDescription"/>
    <presentationArc xlink:type="arc" xlink:arcrole="http://www.xbrl.org/2003/arcrole/parent-child" xlink:from="entryDetail_1107629821232_1" xlink:to="documentTypeDescription" xlink:title="presentation: entryDetail to documentTypeDescription" order="81.0"/>
    <loc xlink:type="locator" xlink:href="gl-cor-2020-12-31.xsd#gl-cor_postingStatusDescription" xlink:label="postingStatusDescription" xlink:title="postingStatusDescription"/>
    <presentationArc xlink:type="arc" xlink:arcrole="http://www.xbrl.org/2003/arcrole/parent-child" xlink:from="entryDetail_1107629821232_1" xlink:to="postingStatusDescription" xlink:title="presentation: entryDetail to postingStatusDescription" order="131.0"/>
    <loc xlink:type="locator" xlink:href="gl-cor-2020-12-31.xsd#gl-cor_postedDate" xlink:label="postedDate_1102550139843_1" xlink:title="postedDate"/>
    <presentationArc xlink:type="arc" xlink:arcrole="http://www.xbrl.org/2003/arcrole/parent-child" xlink:from="gl-cor_entryHeader" xlink:to="postedDate_1102550139843_1" xlink:title="presentation: entryHeader to postedDate" order="10.0"/>
    <loc xlink:type="locator" xlink:href="gl-cor-2020-12-31.xsd#gl-cor_enteredBy" xlink:label="enteredBy_1102550144520_0" xlink:title="enteredBy"/>
    <presentationArc xlink:type="arc" xlink:arcrole="http://www.xbrl.org/2003/arcrole/parent-child" xlink:from="gl-cor_entryHeader" xlink:to="enteredBy_1102550144520_0" xlink:title="presentation: entryHeader to enteredBy" order="20.0"/>
    <loc xlink:type="locator" xlink:href="gl-cor-2020-12-31.xsd#gl-cor_enteredDate" xlink:label="enteredDate_1102550147654_0" xlink:title="enteredDate"/>
    <presentationArc xlink:type="arc" xlink:arcrole="http://www.xbrl.org/2003/arcrole/parent-child" xlink:from="gl-cor_entryHeader" xlink:to="enteredDate_1102550147654_0" xlink:title="presentation: entryHeader to enteredDate" order="30.0"/>
    <loc xlink:type="locator" xlink:href="gl-cor-2020-12-31.xsd#gl-cor_sourceJournalID" xlink:label="sourceJournalID_1102550150168_0" xlink:title="sourceJournalID"/>
    <presentationArc xlink:type="arc" xlink:arcrole="http://www.xbrl.org/2003/arcrole/parent-child" xlink:from="gl-cor_entryHeader" xlink:to="sourceJournalID_1102550150168_0" xlink:title="presentation: entryHeader to sourceJournalID" order="50.0"/>
    <loc xlink:type="locator" xlink:href="gl-cor-2020-12-31.xsd#gl-cor_entryNumber" xlink:label="entryNumber_1102550152191_0" xlink:title="entryNumber"/>
    <presentationArc xlink:type="arc" xlink:arcrole="http://www.xbrl.org/2003/arcrole/parent-child" xlink:from="gl-cor_entryHeader" xlink:to="entryNumber_1102550152191_0" xlink:title="presentation: entryHeader to entryNumber" order="90.0"/>
    <loc xlink:type="locator" xlink:href="gl-cor-2020-12-31.xsd#gl-cor_entryType" xlink:label="entryType_1102550158670_0" xlink:title="entryType"/>
    <presentationArc xlink:type="arc" xlink:arcrole="http://www.xbrl.org/2003/arcrole/parent-child" xlink:from="gl-cor_entryHeader" xlink:to="entryType_1102550158670_0" xlink:title="presentation: entryHeader to entryType" order="70.0"/>
    <loc xlink:type="locator" xlink:href="gl-cor-2020-12-31.xsd#gl-cor_entryComment" xlink:label="entryComment_1102550171288_0" xlink:title="entryComment"/>
    <presentationArc xlink:type="arc" xlink:arcrole="http://www.xbrl.org/2003/arcrole/parent-child" xlink:from="gl-cor_entryHeader" xlink:to="entryComment_1102550171288_0" xlink:title="presentation: entryHeader to entryComment" order="100.0"/>
    <loc xlink:type="locator" xlink:href="gl-cor-2020-12-31.xsd#gl-cor_qualifierEntry" xlink:label="qualifierEntry_1102550171288_0" xlink:title="qualifierEntry"/>
    <presentationArc xlink:type="arc" xlink:arcrole="http://www.xbrl.org/2003/arcrole/parent-child" xlink:from="gl-cor_entryHeader" xlink:to="qualifierEntry_1102550171288_0" xlink:title="presentation: entryHeader to qualifierEntry" order="105.0"/>
    <loc xlink:type="locator" xlink:href="gl-cor-2020-12-31.xsd#gl-cor_bookTaxDifference" xlink:label="bookTaxDifference_1102550171288_0" xlink:title="bookTaxDifference"/>
    <presentationArc xlink:type="arc" xlink:arcrole="http://www.xbrl.org/2003/arcrole/parent-child" xlink:from="gl-cor_entryHeader" xlink:to="bookTaxDifference_1102550171288_0" xlink:title="presentation: entryHeader to bookTaxDifference" order="140.0"/>
    <loc xlink:type="locator" xlink:href="gl-cor-2020-12-31.xsd#gl-cor_entryNumberCounter" xlink:label="entryNumberCounter_1130122711056_0" xlink:title="entryNumberCounter"/>
    <presentationArc xlink:type="arc" xlink:arcrole="http://www.xbrl.org/2003/arcrole/parent-child" xlink:from="gl-cor_entryHeader" xlink:to="entryNumberCounter_1130122711056_0" xlink:title="presentation: entryHeader to entryNumberCounter" order="390.0"/>
    <loc xlink:type="locator" xlink:href="gl-cor-2020-12-31.xsd#gl-cor_qualifierEntryDescription" xlink:label="qualifierEntryDescription" xlink:title="qualifierEntryDescription"/>
    <presentationArc xlink:type="arc" xlink:arcrole="http://www.xbrl.org/2003/arcrole/parent-child" xlink:from="gl-cor_entryHeader" xlink:to="qualifierEntryDescription" xlink:title="presentation: entryHeader to qualifierEntryDescription" order="106.0"/>
  </presentationLink>
</linkbase>
