<?xml version="1.0" encoding="UTF-8"?>
<!-- Generated by SAMBUICHI, Nobuyuki's shell script and edited with Visual Studio Code -->
<link:linkbase xsi:schemaLocation="http://www.xbrl.org/2003/linkbase http://www.xbrl.org/2003/xbrl-linkbase-2003-12-31.xsd http://xbrl.org/2008/generic http://www.xbrl.org/2008/generic-link.xsd 
http://xbrl.org/2008/assertion/consistency http://www.xbrl.org/2008/consistency-assertion.xsd 
http://xbrl.org/2008/formula http://www.xbrl.org/2008/formula.xsd 
http://xbrl.org/2008/filter/tuple http://www.xbrl.org/2008/tuple-filter.xsd 
http://xbrl.org/2008/variable http://www.xbrl.org/2008/variable.xsd 
http://xbrl.org/2008/assertion/value http://www.xbrl.org/2008/value-assertion.xsd 
http://xbrl.org/2008/label http://www.xbrl.org/2008/generic-label.xsd 
http://xbrl.org/2008/reference http://www.xbrl.org/2008/generic-reference.xsd 
http://xbrl.org/2008/filter/dimension http://www.xbrl.org/2008/dimension-filter.xsd 
http://xbrl.org/2008/filter/concept http://www.xbrl.org/2008/concept-filter.xsd 
http://xbrl.org/2008/validation http://www.xbrl.org/2008/validation.xsd 
http://xbrl.org/2008/filter/relative http://www.xbrl.org/2008/relative-filter.xsd 
http://xbrl.org/2008/filter/general http://www.xbrl.org/2008/general-filter.xsd 
http://xbrl.org/2008/filter/period http://www.xbrl.org/2008/period-filter.xsd 
http://xbrl.org/2008/filter/match http://www.xbrl.org/2008/match-filter.xsd 
http://xbrl.org/2010/filter/concept-relation http://www.xbrl.org/2010/concept-relation-filter.xsd 
http://xbrl.org/2008/filter/segment-scenario http://www.xbrl.org/2008/segment-scenario-filter.xsd
http://www.srcdtest.com ../../../SRCD/frTaxonomy/FRTaxonomy.xsd"
xmlns:xlink="http://www.w3.org/1999/xlink"
xmlns:xsi="http://www.w3.org/2001/XMLSchema-instance"
xmlns:link="http://www.xbrl.org/2003/linkbase"
xmlns:iso4217="http://www.xbrl.org/2003/iso4217"
xmlns:c="http://www.xbrl.org/int/gl/cor/2020-12-31"
xmlns:m="http://www.xbrl.org/int/gl/muc/2020-12-31"
xmlns:e="http://www.xbrl.org/int/gl/cen/2020-12-31"
xmlns:cf="http://xbrl.org/2008/filter/concept"
xmlns:df="http://xbrl.org/2008/filter/dimension"
xmlns:formula="http://xbrl.org/2008/formula"
xmlns:gen="http://xbrl.org/2008/generic"
xmlns:variable="http://xbrl.org/2008/variable"
xmlns:fr-sample="http://www.srcdtest.com">
	<link:arcroleRef arcroleURI="http://xbrl.org/arcrole/2008/variable-set" xlink:type="simple" xlink:href="http://www.xbrl.org/2008/variable.xsd#variable-set" />
	<link:arcroleRef arcroleURI="http://xbrl.org/arcrole/2008/variable-filter" xlink:type="simple" xlink:href="http://www.xbrl.org/2008/variable.xsd#variable-filter" />
	<link:arcroleRef arcroleURI="http://xbrl.org/arcrole/2008/variable-set-filter" xlink:type="simple" xlink:href="http://www.xbrl.org/2008/variable.xsd#variable-set-filter" />
	<link:arcroleRef arcroleURI="http://xbrl.org/arcrole/2008/element-reference" xlink:type="simple" xlink:href="http://www.xbrl.org/2008/generic-reference.xsd#element-reference" />
	<link:arcroleRef arcroleURI="http://xbrl.org/arcrole/2008/element-label" xlink:type="simple" xlink:href="http://www.xbrl.org/2008/generic-label.xsd#element-label" />
	<link:arcroleRef arcroleURI="http://xbrl.org/arcrole/2008/consistency-assertion-parameter" xlink:type="simple" xlink:href="http://www.xbrl.org/2008/consistency-assertion.xsd#consistency-assertion-parameter" />
	<link:arcroleRef arcroleURI="http://xbrl.org/arcrole/2016/assertion-unsatisfied-severity" xlink:type="simple" xlink:href="http://www.xbrl.org/2016/assertion-severity.xsd#assertion-unsatisfied-severity" />
	<link:arcroleRef arcroleURI="http://xbrl.org/arcrole/2008/consistency-assertion-formula" xlink:type="simple" xlink:href="http://www.xbrl.org/2008/consistency-assertion.xsd#consistency-assertion-formula" />
	<link:roleRef roleURI="http://www.xbrl.org/2008/role/reference" xlink:type="simple" xlink:href="http://www.xbrl.org/2008/generic-reference.xsd#standard-reference" />
	<link:roleRef roleURI="http://www.xbrl.org/2008/role/label" xlink:type="simple" xlink:href="http://www.xbrl.org/2008/generic-label.xsd#standard-label" />
	<link:roleRef roleURI="http://www.xbrl.org/2008/role/link" xlink:type="simple" xlink:href="http://www.xbrl.org/2008/generic-link.xsd#standard-link-role" />
	<gen:link xlink:type="extended" xlink:role="http://www.xbrl.org/2008/role/link">
		<!-- PrimaryItem04 -->
		<formula:formula id="PrimaryItem04" aspectModel="dimensional" implicitFiltering="true" value="if ( $accountMainID = '00000001' ) then sum( $amount ) else ''" source="formula:uncovered" xlink:type="resource" xlink:label="PrimaryItem04">
			<formula:aspects>
				<formula:entityIdentifier value="'ABCD-1234'"/>
				<formula:concept>
					<formula:qname>fr-sample:PrimaryItem04</formula:qname>
				</formula:concept>
				<formula:unit source="invoiceCurrencyCode"></formula:unit>
			</formula:aspects>
		</formula:formula>
		<!-- variableArc -->
		<variable:variableArc name="invoiceCurrencyCode" order="2" xlink:type="arc" xlink:arcrole="http://xbrl.org/arcrole/2008/variable-set" xlink:from="PrimaryItem04" xlink:to="invoiceCurrencyCode" />
		<variable:variableArc name="accountMainID" order="1" xlink:type="arc" xlink:arcrole="http://xbrl.org/arcrole/2008/variable-set" xlink:from="PrimaryItem04" xlink:to="accountMainID" />
		<variable:variableArc name="contextRef_accountMainID" order="2" xlink:type="arc" xlink:arcrole="http://xbrl.org/arcrole/2008/variable-set" xlink:from="PrimaryItem04" xlink:to="contextRef_accountMainID" />
		<variable:variableArc name="amount" order="3" xlink:type="arc" xlink:arcrole="http://xbrl.org/arcrole/2008/variable-set" xlink:from="PrimaryItem04" xlink:to="amount" />
		<variable:variableArc name="unitRef_amount" order="4" xlink:type="arc" xlink:arcrole="http://xbrl.org/arcrole/2008/variable-set" xlink:from="PrimaryItem04" xlink:to="unitRef_amount" />
		<!-- factVariable -->
		<variable:factVariable id="accountMainID" nils="true" bindAsSequence="true" xlink:type="resource" xlink:label="accountMainID" />
		<variable:factVariable id="invoiceCurrencyCode" nils="true" bindAsSequence="true" xlink:type="resource" xlink:label="invoiceCurrencyCode" />
		<!-- variableFilterArc -->
		<variable:variableFilterArc complement="false" cover="true" order="1" xlink:type="arc" xlink:arcrole="http://xbrl.org/arcrole/2008/variable-filter" xlink:from="accountMainID" xlink:to="cNaccountMainID" />
		<variable:variableFilterArc complement="false" cover="true" order="1" xlink:type="arc" xlink:arcrole="http://xbrl.org/arcrole/2008/variable-filter" xlink:from="invoiceCurrencyCode" xlink:to="cNinvoiceCurrencyCode" />
		<!-- filter -->
		<cf:conceptName id="cNaccountMainID" xlink:type="resource" xlink:label="cNaccountMainID">
			<cf:concept><cf:qname>c:cor-23</cf:qname></cf:concept>
		</cf:conceptName>
		<cf:conceptName id="cNinvoiceCurrencyCode" xlink:type="resource" xlink:label="cNinvoiceCurrencyCode">
			<cf:concept><cf:qname>m:muc-4</cf:qname></cf:concept>
			<!-- <cf:concept><cf:qname>m:muc-4</cf:qname></cf:concept> -->
		</cf:conceptName>
		<!-- generalVariable -->
		<variable:generalVariable id="contextRef_accountMainID" bindAsSequence="false" select="$accountMainID/@contextRef" xlink:type="resource" xlink:label="contextRef_accountMainID" />
		<variable:generalVariable id="unitRef_amount" bindAsSequence="false" select="$amount/@unitRef" xlink:type="resource" xlink:label="unitRef_amount" />
		<variable:generalVariable id="amount" bindAsSequence="false" select="//c:cor-40[@contextRef=$contextRef_accountMainID]" xlink:type="resource" xlink:label="amount" />
	</gen:link>
</link:linkbase>