<?xml version="1.0"?>
<!-- edited with XMLSpy v2020 rel. 2 sp1 (x64) (http://www.altova.com) by SAMBUICHI Nobuyuki (Sambuichi Professional Engineers Office) -->
<link:linkbase 
xsi:schemaLocation="http://www.xbrl.org/2003/linkbase http://www.xbrl.org/2003/xbrl-linkbase-2003-12-31.xsd 
http://xbrl.org/2008/generic http://www.xbrl.org/2008/generic-link.xsd 
http://xbrl.org/2008/assertion/consistency http://www.xbrl.org/2008/consistency-assertion.xsd 
http://xbrl.org/2008/formula http://www.xbrl.org/2008/formula.xsd 
http://xbrl.org/2008/filter/tuple http://www.xbrl.org/2008/tuple-filter.xsd 
http://xbrl.org/2008/variable http://www.xbrl.org/2008/variable.xsd 
http://xbrl.org/2008/assertion/value http://www.xbrl.org/2008/value-assertion.xsd 
http://xbrl.org/2008/label http://www.xbrl.org/2008/generic-label.xsd 
http://xbrl.org/2008/reference http://www.xbrl.org/2008/generic-reference.xsd 
http://xbrl.org/2008/filter/dimension http://www.xbrl.org/2008/dimension-filter.xsd 
http://xbrl.org/2008/filter/concept http://www.xbrl.org/2008/concept-filter.xsd 
http://xbrl.org/2008/validation http://www.xbrl.org/2008/validation.xsd 
http://xbrl.org/2008/filter/relative http://www.xbrl.org/2008/relative-filter.xsd 
http://xbrl.org/2008/filter/general http://www.xbrl.org/2008/general-filter.xsd 
http://xbrl.org/2008/filter/period http://www.xbrl.org/2008/period-filter.xsd 
http://xbrl.org/2008/filter/match http://www.xbrl.org/2008/match-filter.xsd 
http://xbrl.org/2010/filter/concept-relation http://www.xbrl.org/2010/concept-relation-filter.xsd 
http://xbrl.org/2008/filter/segment-scenario http://www.xbrl.org/2008/segment-scenario-filter.xsd" 
xmlns:xlink="http://www.w3.org/1999/xlink" 
xmlns:xsi="http://www.w3.org/2001/XMLSchema-instance" 
xmlns:link="http://www.xbrl.org/2003/linkbase" 
xmlns:xfi="http://www.xbrl.org/2008/function/instance" 
xmlns:gl-cor="http://www.xbrl.org/int/gl/cor/2020-12-31" 
xmlns:cf="http://xbrl.org/2008/filter/concept" 
xmlns:df="http://xbrl.org/2008/filter/dimension" 
xmlns:gf="http://xbrl.org/2008/filter/general" 
xmlns:formula="http://xbrl.org/2008/formula" 
xmlns:gen="http://xbrl.org/2008/generic" 
xmlns:variable="http://xbrl.org/2008/variable">
	<link:roleRef roleURI="http://www.xbrl.org/2008/role/reference" xlink:type="simple" xlink:href="http://www.xbrl.org/2008/generic-reference.xsd#standard-reference"/>
	<link:arcroleRef arcroleURI="http://xbrl.org/arcrole/2008/variable-filter" xlink:type="simple" xlink:href="http://www.xbrl.org/2008/variable.xsd#variable-filter"/>
	<link:arcroleRef arcroleURI="http://xbrl.org/arcrole/2008/variable-set-filter" xlink:type="simple" xlink:href="http://www.xbrl.org/2008/variable.xsd#variable-set-filter"/>
	<link:arcroleRef arcroleURI="http://xbrl.org/arcrole/2008/element-reference" xlink:type="simple" xlink:href="http://www.xbrl.org/2008/generic-reference.xsd#element-reference"/>
	<link:arcroleRef arcroleURI="http://xbrl.org/arcrole/2008/element-label" xlink:type="simple" xlink:href="http://www.xbrl.org/2008/generic-label.xsd#element-label"/>
	<link:roleRef roleURI="http://www.xbrl.org/2008/role/label" xlink:type="simple" xlink:href="http://www.xbrl.org/2008/generic-label.xsd#standard-label"/>
	<link:arcroleRef arcroleURI="http://xbrl.org/arcrole/2008/variable-set" xlink:type="simple" xlink:href="http://www.xbrl.org/2008/variable.xsd#variable-set"/>
	<link:arcroleRef arcroleURI="http://xbrl.org/arcrole/2008/consistency-assertion-parameter" xlink:type="simple" xlink:href="http://www.xbrl.org/2008/consistency-assertion.xsd#consistency-assertion-parameter"/>
	<link:arcroleRef arcroleURI="http://xbrl.org/arcrole/2016/assertion-unsatisfied-severity" xlink:type="simple" xlink:href="http://www.xbrl.org/2016/assertion-severity.xsd#assertion-unsatisfied-severity"/>
	<link:arcroleRef arcroleURI="http://xbrl.org/arcrole/2008/consistency-assertion-formula" xlink:type="simple" xlink:href="http://www.xbrl.org/2008/consistency-assertion.xsd#consistency-assertion-formula"/>
	<link:roleRef roleURI="http://www.xbrl.org/2008/role/link" xlink:type="simple" xlink:href="http://www.xbrl.org/2008/generic-link.xsd#standard-link-role"/>
	<gen:link xlink:type="extended" xlink:role="http://www.xbrl.org/2008/role/link">
		<formula:formula id="formula_balance" aspectModel="dimensional" implicitFiltering="true" value="if (abs(sum( $creditAmts ) - sum( $debitAmts )) lt 1.0)
then concat(&apos;The credit amount &apos;,sum($creditAmts),&apos; and debit amount &apos;,sum($debitAmts),&apos; are in balance.&apos;)  
else concat(&apos;The credit amount &apos;,sum($creditAmts),&apos;) and debit amount &apos;,sum($debitAmts),&apos; are not in balance.&apos;)" source="formula:uncovered" xlink:type="resource" xlink:label="formula_balance">
			<formula:aspects>
				<formula:concept>
					<formula:qname>gl-cor:entriesComment</formula:qname>
				</formula:concept>
			</formula:aspects>
		</formula:formula>
		<!-- variableArc -->
		<variable:variableArc name="creditAmts" order="0.0" xlink:type="arc" xlink:arcrole="http://xbrl.org/arcrole/2008/variable-set" xlink:from="formula_balance" xlink:to="creditAmount"/>
		<variable:variableArc name="debitAmts" order="-1.0" xlink:type="arc" xlink:arcrole="http://xbrl.org/arcrole/2008/variable-set" xlink:from="formula_balance" xlink:to="debitAmount"/>
		<!-- factVariable -->
		<variable:factVariable id="creditAmount" bindAsSequence="true" xlink:type="resource" xlink:label="creditAmount"/>
		<variable:factVariable id="debitAmount" bindAsSequence="true" xlink:type="resource" xlink:label="debitAmount"/>
		<!-- variableFilterArc -->
		<variable:variableFilterArc order="-2.0" complement="false" cover="true" xlink:type="arc" xlink:arcrole="http://xbrl.org/arcrole/2008/variable-filter" xlink:from="debitAmount" xlink:to="typedDimension1"/>
		<variable:variableFilterArc order="-1.0" complement="false" cover="true" xlink:type="arc" xlink:arcrole="http://xbrl.org/arcrole/2008/variable-filter" xlink:from="debitAmount" xlink:to="typedDimension"/>
		<variable:variableFilterArc order="-1.0" complement="false" cover="true" xlink:type="arc" xlink:arcrole="http://xbrl.org/arcrole/2008/variable-filter" xlink:from="creditAmount" xlink:to="typedDimension1"/>
		<variable:variableFilterArc order="0.0" complement="false" cover="true" xlink:type="arc" xlink:arcrole="http://xbrl.org/arcrole/2008/variable-filter" xlink:from="creditAmount" xlink:to="typedDimension"/>
		<variable:variableFilterArc order="2.0" complement="false" cover="true" xlink:type="arc" xlink:arcrole="http://xbrl.org/arcrole/2008/variable-filter" xlink:from="creditAmount" xlink:to="general5"/>
		<variable:variableFilterArc order="1.0" complement="false" cover="true" xlink:type="arc" xlink:arcrole="http://xbrl.org/arcrole/2008/variable-filter" xlink:from="creditAmount" xlink:to="conceptName"/>
		<variable:variableFilterArc order="0.5" complement="false" cover="true" xlink:type="arc" xlink:arcrole="http://xbrl.org/arcrole/2008/variable-filter" xlink:from="debitAmount" xlink:to="general1"/>
		<variable:variableFilterArc order="0.0" complement="false" cover="true" xlink:type="arc" xlink:arcrole="http://xbrl.org/arcrole/2008/variable-filter" xlink:from="debitAmount" xlink:to="amount_nameFilter"/>
		<!-- filter -->
		<cf:conceptName id="conceptName" xlink:type="resource" xlink:label="conceptName">
			<cf:concept>
				<cf:qname>gl-cor:amount</cf:qname>
			</cf:concept>
		</cf:conceptName>
		<cf:conceptName id="amount_nameFilter" xlink:type="resource" xlink:label="amount_nameFilter">
			<cf:concept>
				<cf:qname>gl-cor:amount</cf:qname>
			</cf:concept>
		</cf:conceptName>
		<df:typedDimension id="typedDimension" test="string-length(gl-cor:EntryNumber) &gt; 0" xlink:type="resource" xlink:label="typedDimension">
			<df:dimension>
				<df:qname>gl-cor:dEntryNumber</df:qname>
			</df:dimension>
		</df:typedDimension>
		<df:typedDimension id="typedDimension1" test="string-length(gl-cor:LineNumber) &gt; 0" xlink:type="resource" xlink:label="typedDimension1">
			<df:dimension>
				<df:qname>gl-cor:dLineNumber</df:qname>
			</df:dimension>
		</df:typedDimension>
		<gf:general id="general1" test="following-sibling::gl-cor:debitCreditCode[1] = &apos;D&apos;" xlink:type="resource" xlink:label="general1"/>
		<gf:general id="general5" test="following-sibling::gl-cor:debitCreditCode[1] = &apos;C&apos;" xlink:type="resource" xlink:label="general5"/>
		<gf:general id="general3" test="../gl-cor:debitCreditCode[@contextref=xfi:context-identifier(xfi:context(.))] = &apos;C&apos;" xlink:type="resource" xlink:label="general3"/>
		<gf:general id="general2" test="../gl-cor:debitCreditCode[@contextref=xfi:context-identifier(xfi:context(.))] = &apos;D&apos;" xlink:type="resource" xlink:label="general2"/>
	</gen:link>
</link:linkbase>
