<?xml version="1.0"?>
<!-- edited with XMLSpy v2020 rel. 2 sp1 (x64) (http://www.altova.com) by SAMBUICHI Nobuyuki (Sambuichi Professional Engineers Office) -->
<link:linkbase xsi:schemaLocation="http://www.xbrl.org/2003/linkbase http://www.xbrl.org/2003/xbrl-linkbase-2003-12-31.xsd http://xbrl.org/2008/generic http://www.xbrl.org/2008/generic-link.xsd http://xbrl.org/2014/table http://www.xbrl.org/2014/table.xsd http://xbrl.org/2008/label http://www.xbrl.org/2008/generic-label.xsd" xmlns:xlink="http://www.w3.org/1999/xlink" xmlns:xsi="http://www.w3.org/2001/XMLSchema-instance" xmlns:link="http://www.xbrl.org/2003/linkbase" xmlns:gl-cor="http://www.xbrl.org/int/gl/cor/2020-12-31" xmlns:gen="http://xbrl.org/2008/generic" xmlns:label="http://xbrl.org/2008/label" xmlns:table="http://xbrl.org/2014/table">
	<link:arcroleRef arcroleURI="http://xbrl.org/arcrole/2014/breakdown-tree" xlink:type="simple" xlink:href="http://www.xbrl.org/2014/table.xsd#breakdown-tree"/>
	<link:arcroleRef arcroleURI="http://xbrl.org/arcrole/2014/table-breakdown" xlink:type="simple" xlink:href="http://www.xbrl.org/2014/table.xsd#table-breakdown"/>
	<link:arcroleRef arcroleURI="http://xbrl.org/arcrole/2008/element-label" xlink:type="simple" xlink:href="http://www.xbrl.org/2008/generic-label.xsd#element-label"/>
	<link:roleRef roleURI="http://www.xbrl.org/2008/role/label" xlink:type="simple" xlink:href="http://www.xbrl.org/2008/generic-label.xsd#standard-label"/>
	<link:roleRef roleURI="http://www.xbrl.org/2008/role/link" xlink:type="simple" xlink:href="http://www.xbrl.org/2008/generic-link.xsd#standard-link-role"/>
	<gen:link xlink:type="extended" xlink:role="http://www.xbrl.org/2008/role/link">
		<table:breakdownTreeArc order="1.0" xlink:type="arc" xlink:arcrole="http://xbrl.org/arcrole/2014/breakdown-tree" xlink:from="breakdown3" xlink:to="aspectNode1"/>
		<table:aspectNode id="aspectNode1" xlink:type="resource" xlink:label="aspectNode1">
			<table:dimensionAspect>gl-cor:dLineNumber</table:dimensionAspect>
		</table:aspectNode>
		<table:breakdownTreeArc order="1.0" xlink:type="arc" xlink:arcrole="http://xbrl.org/arcrole/2014/breakdown-tree" xlink:from="breakdown1" xlink:to="conceptRelationshipNode"/>
		<table:conceptRelationshipNode id="conceptRelationshipNode" xlink:type="resource" xlink:label="conceptRelationshipNode">
			<table:relationshipSource>gl-cor:entryDetail</table:relationshipSource>
			<table:arcrole>http://www.xbrl.org/2003/arcrole/parent-child</table:arcrole>
			<table:formulaAxis>descendant-or-self</table:formulaAxis>
		</table:conceptRelationshipNode>
		<table:tableBreakdownArc axis="x" order="2.0" xlink:type="arc" xlink:arcrole="http://xbrl.org/arcrole/2014/table-breakdown" xlink:from="table" xlink:to="breakdown3"/>
		<table:breakdown id="breakdown3" xlink:type="resource" xlink:label="breakdown3"/>
		<table:tableBreakdownArc axis="y" order="1.0" xlink:type="arc" xlink:arcrole="http://xbrl.org/arcrole/2014/table-breakdown" xlink:from="table" xlink:to="breakdown1"/>
		<table:breakdown id="breakdown1" xlink:type="resource" xlink:label="breakdown1"/>
		<gen:arc order="1.0" xlink:type="arc" xlink:arcrole="http://xbrl.org/arcrole/2008/element-label" xlink:from="table" xlink:to="label3"/>
		<label:label id="label3" xlink:type="resource" xlink:role="http://www.xbrl.org/2008/role/label" xlink:label="label3" xml:lang="en">entryDetail</label:label>
		<table:table id="table" xlink:type="resource" xlink:label="table"/>
		<table:breakdownTreeArc order="1.0" xlink:type="arc" xlink:arcrole="http://xbrl.org/arcrole/2014/breakdown-tree" xlink:from="breakdown" xlink:to="aspectNode"/>
		<table:aspectNode id="aspectNode" xlink:type="resource" xlink:label="aspectNode">
			<table:dimensionAspect>gl-cor:dEntryNumber</table:dimensionAspect>
		</table:aspectNode>
		<table:tableBreakdownArc axis="x" order="2.0" xlink:type="arc" xlink:arcrole="http://xbrl.org/arcrole/2014/table-breakdown" xlink:from="table2" xlink:to="breakdown"/>
		<table:breakdown id="breakdown" xlink:type="resource" xlink:label="breakdown"/>
		<gen:arc order="3.0" xlink:type="arc" xlink:arcrole="http://xbrl.org/arcrole/2008/element-label" xlink:from="table2" xlink:to="label2"/>
		<label:label id="label2" xlink:type="resource" xlink:role="http://www.xbrl.org/2008/role/label" xlink:label="label2" xml:lang="en">entryHeader</label:label>
		<table:breakdownTreeArc order="1.0" xlink:type="arc" xlink:arcrole="http://xbrl.org/arcrole/2014/breakdown-tree" xlink:from="breakdown2" xlink:to="conceptRelationshipNode1"/>
		<table:conceptRelationshipNode id="conceptRelationshipNode1" xlink:type="resource" xlink:label="conceptRelationshipNode1">
			<table:relationshipSource>gl-cor:entryHeader</table:relationshipSource>
			<table:arcrole>http://www.xbrl.org/2003/arcrole/parent-child</table:arcrole>
			<table:formulaAxis>descendant-or-self</table:formulaAxis>
		</table:conceptRelationshipNode>
		<table:tableBreakdownArc axis="y" order="1.0" xlink:type="arc" xlink:arcrole="http://xbrl.org/arcrole/2014/table-breakdown" xlink:from="table2" xlink:to="breakdown2"/>
		<table:breakdown id="breakdown2" xlink:type="resource" xlink:label="breakdown2"/>
		<table:table id="table2" xlink:type="resource" xlink:label="table2"/>
		<!-- table -->
		<!-- table label -->
		<label:label id="label" xlink:type="resource" xlink:role="http://www.xbrl.org/2008/role/label" xlink:label="label" xml:lang="en">Trial Balance</label:label>
		<label:label id="label1" xlink:type="resource" xlink:role="http://www.xbrl.org/2008/role/label" xlink:label="label1" xml:lang="en">gl-plt</label:label>
		<!-- tableBreakdownArc -->
		<!-- breakdown -->
		<!-- breakdownTreeArc -->
	</gen:link>
</link:linkbase>
